admission_year,cluster,course,category,credits,source_pdf,source_page,source_url
2020,Ⅰ類（情報系）,コンピュータサイエンス,総 合 文 化 科 目 / 人文・社会科学科目 / 人文・社会科学科目,8,youran2020-gakuiki.pdf,25,https://kyoumu.office.uec.ac.jp/youran/youran2020-gakuiki.pdf#page=25
2020,Ⅱ類（融合系）,セキュリティ情報学,総 合 文 化 科 目 / 人文・社会科学科目 / 人文・社会科学科目,8,youran2020-gakuiki.pdf,25,https://kyoumu.office.uec.ac.jp/youran/youran2020-gakuiki.pdf#page=25
2020,Ⅱ類（融合系）,情報通信工学,総 合 文 化 科 目 / 人文・社会科学科目 / 人文・社会科学科目,8,youran2020-gakuiki.pdf,25,https://kyoumu.office.uec.ac.jp/youran/youran2020-gakuiki.pdf#page=25
2020,Ⅱ類（融合系）,電子情報学,総 合 文 化 科 目 / 人文・社会科学科目 / 人文・社会科学科目,8,youran2020-gakuiki.pdf,25,https://kyoumu.office.uec.ac.jp/youran/youran2020-gakuiki.pdf#page=25
2020,Ⅱ類（融合系）,計測・制御システム,総 合 文 化 科 目 / 人文・社会科学科目 / 人文・社会科学科目,8,youran2020-gakuiki.pdf,25,https://kyoumu.office.uec.ac.jp/youran/youran2020-gakuiki.pdf#page=25
2020,Ⅱ類（融合系）,先端ロボティクス,総 合 文 化 科 目 / 人文・社会科学科目 / 人文・社会科学科目,8,youran2020-gakuiki.pdf,25,https://kyoumu.office.uec.ac.jp/youran/youran2020-gakuiki.pdf#page=25
2020,Ⅲ類（理工系）,機械システム,総 合 文 化 科 目 / 人文・社会科学科目 / 人文・社会科学科目,8,youran2020-gakuiki.pdf,25,https://kyoumu.office.uec.ac.jp/youran/youran2020-gakuiki.pdf#page=25
2020,Ⅲ類（理工系）,電子工学,総 合 文 化 科 目 / 人文・社会科学科目 / 人文・社会科学科目,8,youran2020-gakuiki.pdf,25,https://kyoumu.office.uec.ac.jp/youran/youran2020-gakuiki.pdf#page=25
2020,Ⅲ類（理工系）,光工学,総 合 文 化 科 目 / 人文・社会科学科目 / 人文・社会科学科目,8,youran2020-gakuiki.pdf,25,https://kyoumu.office.uec.ac.jp/youran/youran2020-gakuiki.pdf#page=25
2020,Ⅲ類（理工系）,物理工学,総 合 文 化 科 目 / 人文・社会科学科目 / 人文・社会科学科目,8,youran2020-gakuiki.pdf,25,https://kyoumu.office.uec.ac.jp/youran/youran2020-gakuiki.pdf#page=25
2020,Ⅲ類（理工系）,化学生命工学,総 合 文 化 科 目 / 人文・社会科学科目 / 人文・社会科学科目,8,youran2020-gakuiki.pdf,25,https://kyoumu.office.uec.ac.jp/youran/youran2020-gakuiki.pdf#page=25
2020,Ⅰ類（情報系）,コンピュータサイエンス,総 合 文 化 科 目 / 言 語 文 化 科 目 / 言語文化基礎科目Ⅰ,4,youran2020-gakuiki.pdf,25,https://kyoumu.office.uec.ac.jp/youran/youran2020-gakuiki.pdf#page=25
2020,Ⅱ類（融合系）,セキュリティ情報学,総 合 文 化 科 目 / 言 語 文 化 科 目 / 言語文化基礎科目Ⅰ,4,youran2020-gakuiki.pdf,25,https://kyoumu.office.uec.ac.jp/youran/youran2020-gakuiki.pdf#page=25
2020,Ⅱ類（融合系）,情報通信工学,総 合 文 化 科 目 / 言 語 文 化 科 目 / 言語文化基礎科目Ⅰ,4,youran2020-gakuiki.pdf,25,https://kyoumu.office.uec.ac.jp/youran/youran2020-gakuiki.pdf#page=25
2020,Ⅱ類（融合系）,電子情報学,総 合 文 化 科 目 / 言 語 文 化 科 目 / 言語文化基礎科目Ⅰ,4,youran2020-gakuiki.pdf,25,https://kyoumu.office.uec.ac.jp/youran/youran2020-gakuiki.pdf#page=25
2020,Ⅱ類（融合系）,計測・制御システム,総 合 文 化 科 目 / 言 語 文 化 科 目 / 言語文化基礎科目Ⅰ,4,youran2020-gakuiki.pdf,25,https://kyoumu.office.uec.ac.jp/youran/youran2020-gakuiki.pdf#page=25
2020,Ⅱ類（融合系）,先端ロボティクス,総 合 文 化 科 目 / 言 語 文 化 科 目 / 言語文化基礎科目Ⅰ,4,youran2020-gakuiki.pdf,25,https://kyoumu.office.uec.ac.jp/youran/youran2020-gakuiki.pdf#page=25
2020,Ⅲ類（理工系）,機械システム,総 合 文 化 科 目 / 言 語 文 化 科 目 / 言語文化基礎科目Ⅰ,4,youran2020-gakuiki.pdf,25,https://kyoumu.office.uec.ac.jp/youran/youran2020-gakuiki.pdf#page=25
2020,Ⅲ類（理工系）,電子工学,総 合 文 化 科 目 / 言 語 文 化 科 目 / 言語文化基礎科目Ⅰ,4,youran2020-gakuiki.pdf,25,https://kyoumu.office.uec.ac.jp/youran/youran2020-gakuiki.pdf#page=25
2020,Ⅲ類（理工系）,光工学,総 合 文 化 科 目 / 言 語 文 化 科 目 / 言語文化基礎科目Ⅰ,4,youran2020-gakuiki.pdf,25,https://kyoumu.office.uec.ac.jp/youran/youran2020-gakuiki.pdf#page=25
2020,Ⅲ類（理工系）,物理工学,総 合 文 化 科 目 / 言 語 文 化 科 目 / 言語文化基礎科目Ⅰ,4,youran2020-gakuiki.pdf,25,https://kyoumu.office.uec.ac.jp/youran/youran2020-gakuiki.pdf#page=25
2020,Ⅲ類（理工系）,化学生命工学,総 合 文 化 科 目 / 言 語 文 化 科 目 / 言語文化基礎科目Ⅰ,4,youran2020-gakuiki.pdf,25,https://kyoumu.office.uec.ac.jp/youran/youran2020-gakuiki.pdf#page=25
2020,Ⅰ類（情報系）,コンピュータサイエンス,総 合 文 化 科 目 / 言 語 文 化 科 目 / 言語文化応用科目Ⅰ,2,youran2020-gakuiki.pdf,25,https://kyoumu.office.uec.ac.jp/youran/youran2020-gakuiki.pdf#page=25
2020,Ⅱ類（融合系）,セキュリティ情報学,総 合 文 化 科 目 / 言 語 文 化 科 目 / 言語文化応用科目Ⅰ,2,youran2020-gakuiki.pdf,25,https://kyoumu.office.uec.ac.jp/youran/youran2020-gakuiki.pdf#page=25
2020,Ⅱ類（融合系）,情報通信工学,総 合 文 化 科 目 / 言 語 文 化 科 目 / 言語文化応用科目Ⅰ,2,youran2020-gakuiki.pdf,25,https://kyoumu.office.uec.ac.jp/youran/youran2020-gakuiki.pdf#page=25
2020,Ⅱ類（融合系）,電子情報学,総 合 文 化 科 目 / 言 語 文 化 科 目 / 言語文化応用科目Ⅰ,2,youran2020-gakuiki.pdf,25,https://kyoumu.office.uec.ac.jp/youran/youran2020-gakuiki.pdf#page=25
2020,Ⅱ類（融合系）,計測・制御システム,総 合 文 化 科 目 / 言 語 文 化 科 目 / 言語文化応用科目Ⅰ,2,youran2020-gakuiki.pdf,25,https://kyoumu.office.uec.ac.jp/youran/youran2020-gakuiki.pdf#page=25
2020,Ⅱ類（融合系）,先端ロボティクス,総 合 文 化 科 目 / 言 語 文 化 科 目 / 言語文化応用科目Ⅰ,2,youran2020-gakuiki.pdf,25,https://kyoumu.office.uec.ac.jp/youran/youran2020-gakuiki.pdf#page=25
2020,Ⅲ類（理工系）,機械システム,総 合 文 化 科 目 / 言 語 文 化 科 目 / 言語文化応用科目Ⅰ,2,youran2020-gakuiki.pdf,25,https://kyoumu.office.uec.ac.jp/youran/youran2020-gakuiki.pdf#page=25
2020,Ⅲ類（理工系）,電子工学,総 合 文 化 科 目 / 言 語 文 化 科 目 / 言語文化応用科目Ⅰ,2,youran2020-gakuiki.pdf,25,https://kyoumu.office.uec.ac.jp/youran/youran2020-gakuiki.pdf#page=25
2020,Ⅲ類（理工系）,光工学,総 合 文 化 科 目 / 言 語 文 化 科 目 / 言語文化応用科目Ⅰ,2,youran2020-gakuiki.pdf,25,https://kyoumu.office.uec.ac.jp/youran/youran2020-gakuiki.pdf#page=25
2020,Ⅲ類（理工系）,物理工学,総 合 文 化 科 目 / 言 語 文 化 科 目 / 言語文化応用科目Ⅰ,2,youran2020-gakuiki.pdf,25,https://kyoumu.office.uec.ac.jp/youran/youran2020-gakuiki.pdf#page=25
2020,Ⅲ類（理工系）,化学生命工学,総 合 文 化 科 目 / 言 語 文 化 科 目 / 言語文化応用科目Ⅰ,2,youran2020-gakuiki.pdf,25,https://kyoumu.office.uec.ac.jp/youran/youran2020-gakuiki.pdf#page=25
2020,Ⅰ類（情報系）,コンピュータサイエンス,総 合 文 化 科 目 / 言 語 文 化 科 目 / 言語文化基礎科目Ⅱ,2,youran2020-gakuiki.pdf,25,https://kyoumu.office.uec.ac.jp/youran/youran2020-gakuiki.pdf#page=25
2020,Ⅱ類（融合系）,セキュリティ情報学,総 合 文 化 科 目 / 言 語 文 化 科 目 / 言語文化基礎科目Ⅱ,2,youran2020-gakuiki.pdf,25,https://kyoumu.office.uec.ac.jp/youran/youran2020-gakuiki.pdf#page=25
2020,Ⅱ類（融合系）,情報通信工学,総 合 文 化 科 目 / 言 語 文 化 科 目 / 言語文化基礎科目Ⅱ,2,youran2020-gakuiki.pdf,25,https://kyoumu.office.uec.ac.jp/youran/youran2020-gakuiki.pdf#page=25
2020,Ⅱ類（融合系）,電子情報学,総 合 文 化 科 目 / 言 語 文 化 科 目 / 言語文化基礎科目Ⅱ,2,youran2020-gakuiki.pdf,25,https://kyoumu.office.uec.ac.jp/youran/youran2020-gakuiki.pdf#page=25
2020,Ⅱ類（融合系）,計測・制御システム,総 合 文 化 科 目 / 言 語 文 化 科 目 / 言語文化基礎科目Ⅱ,2,youran2020-gakuiki.pdf,25,https://kyoumu.office.uec.ac.jp/youran/youran2020-gakuiki.pdf#page=25
2020,Ⅱ類（融合系）,先端ロボティクス,総 合 文 化 科 目 / 言 語 文 化 科 目 / 言語文化基礎科目Ⅱ,2,youran2020-gakuiki.pdf,25,https://kyoumu.office.uec.ac.jp/youran/youran2020-gakuiki.pdf#page=25
2020,Ⅲ類（理工系）,機械システム,総 合 文 化 科 目 / 言 語 文 化 科 目 / 言語文化基礎科目Ⅱ,2,youran2020-gakuiki.pdf,25,https://kyoumu.office.uec.ac.jp/youran/youran2020-gakuiki.pdf#page=25
2020,Ⅲ類（理工系）,電子工学,総 合 文 化 科 目 / 言 語 文 化 科 目 / 言語文化基礎科目Ⅱ,2,youran2020-gakuiki.pdf,25,https://kyoumu.office.uec.ac.jp/youran/youran2020-gakuiki.pdf#page=25
2020,Ⅲ類（理工系）,光工学,総 合 文 化 科 目 / 言 語 文 化 科 目 / 言語文化基礎科目Ⅱ,2,youran2020-gakuiki.pdf,25,https://kyoumu.office.uec.ac.jp/youran/youran2020-gakuiki.pdf#page=25
2020,Ⅲ類（理工系）,物理工学,総 合 文 化 科 目 / 言 語 文 化 科 目 / 言語文化基礎科目Ⅱ,2,youran2020-gakuiki.pdf,25,https://kyoumu.office.uec.ac.jp/youran/youran2020-gakuiki.pdf#page=25
2020,Ⅲ類（理工系）,化学生命工学,総 合 文 化 科 目 / 言 語 文 化 科 目 / 言語文化基礎科目Ⅱ,2,youran2020-gakuiki.pdf,25,https://kyoumu.office.uec.ac.jp/youran/youran2020-gakuiki.pdf#page=25
2020,Ⅰ類（情報系）,コンピュータサイエンス,総 合 文 化 科 目 / 言 語 文 化 科 目 / 言語文化演習科目,2,youran2020-gakuiki.pdf,25,https://kyoumu.office.uec.ac.jp/youran/youran2020-gakuiki.pdf#page=25
2020,Ⅱ類（融合系）,セキュリティ情報学,総 合 文 化 科 目 / 言 語 文 化 科 目 / 言語文化演習科目,2,youran2020-gakuiki.pdf,25,https://kyoumu.office.uec.ac.jp/youran/youran2020-gakuiki.pdf#page=25
2020,Ⅱ類（融合系）,情報通信工学,総 合 文 化 科 目 / 言 語 文 化 科 目 / 言語文化演習科目,2,youran2020-gakuiki.pdf,25,https://kyoumu.office.uec.ac.jp/youran/youran2020-gakuiki.pdf#page=25
2020,Ⅱ類（融合系）,電子情報学,総 合 文 化 科 目 / 言 語 文 化 科 目 / 言語文化演習科目,2,youran2020-gakuiki.pdf,25,https://kyoumu.office.uec.ac.jp/youran/youran2020-gakuiki.pdf#page=25
2020,Ⅱ類（融合系）,計測・制御システム,総 合 文 化 科 目 / 言 語 文 化 科 目 / 言語文化演習科目,2,youran2020-gakuiki.pdf,25,https://kyoumu.office.uec.ac.jp/youran/youran2020-gakuiki.pdf#page=25
2020,Ⅱ類（融合系）,先端ロボティクス,総 合 文 化 科 目 / 言 語 文 化 科 目 / 言語文化演習科目,2,youran2020-gakuiki.pdf,25,https://kyoumu.office.uec.ac.jp/youran/youran2020-gakuiki.pdf#page=25
2020,Ⅲ類（理工系）,機械システム,総 合 文 化 科 目 / 言 語 文 化 科 目 / 言語文化演習科目,2,youran2020-gakuiki.pdf,25,https://kyoumu.office.uec.ac.jp/youran/youran2020-gakuiki.pdf#page=25
2020,Ⅲ類（理工系）,電子工学,総 合 文 化 科 目 / 言 語 文 化 科 目 / 言語文化演習科目,2,youran2020-gakuiki.pdf,25,https://kyoumu.office.uec.ac.jp/youran/youran2020-gakuiki.pdf#page=25
2020,Ⅲ類（理工系）,光工学,総 合 文 化 科 目 / 言 語 文 化 科 目 / 言語文化演習科目,2,youran2020-gakuiki.pdf,25,https://kyoumu.office.uec.ac.jp/youran/youran2020-gakuiki.pdf#page=25
2020,Ⅲ類（理工系）,物理工学,総 合 文 化 科 目 / 言 語 文 化 科 目 / 言語文化演習科目,2,youran2020-gakuiki.pdf,25,https://kyoumu.office.uec.ac.jp/youran/youran2020-gakuiki.pdf#page=25
2020,Ⅲ類（理工系）,化学生命工学,総 合 文 化 科 目 / 言 語 文 化 科 目 / 言語文化演習科目,2,youran2020-gakuiki.pdf,25,https://kyoumu.office.uec.ac.jp/youran/youran2020-gakuiki.pdf#page=25
2020,Ⅰ類（情報系）,コンピュータサイエンス,総 合 文 化 科 目 / 健康・スポーツ科学科目 / 健康・スポーツ科学科目,3,youran2020-gakuiki.pdf,25,https://kyoumu.office.uec.ac.jp/youran/youran2020-gakuiki.pdf#page=25
2020,Ⅱ類（融合系）,セキュリティ情報学,総 合 文 化 科 目 / 健康・スポーツ科学科目 / 健康・スポーツ科学科目,3,youran2020-gakuiki.pdf,25,https://kyoumu.office.uec.ac.jp/youran/youran2020-gakuiki.pdf#page=25
2020,Ⅱ類（融合系）,情報通信工学,総 合 文 化 科 目 / 健康・スポーツ科学科目 / 健康・スポーツ科学科目,3,youran2020-gakuiki.pdf,25,https://kyoumu.office.uec.ac.jp/youran/youran2020-gakuiki.pdf#page=25
2020,Ⅱ類（融合系）,電子情報学,総 合 文 化 科 目 / 健康・スポーツ科学科目 / 健康・スポーツ科学科目,3,youran2020-gakuiki.pdf,25,https://kyoumu.office.uec.ac.jp/youran/youran2020-gakuiki.pdf#page=25
2020,Ⅱ類（融合系）,計測・制御システム,総 合 文 化 科 目 / 健康・スポーツ科学科目 / 健康・スポーツ科学科目,3,youran2020-gakuiki.pdf,25,https://kyoumu.office.uec.ac.jp/youran/youran2020-gakuiki.pdf#page=25
2020,Ⅱ類（融合系）,先端ロボティクス,総 合 文 化 科 目 / 健康・スポーツ科学科目 / 健康・スポーツ科学科目,3,youran2020-gakuiki.pdf,25,https://kyoumu.office.uec.ac.jp/youran/youran2020-gakuiki.pdf#page=25
2020,Ⅲ類（理工系）,機械システム,総 合 文 化 科 目 / 健康・スポーツ科学科目 / 健康・スポーツ科学科目,3,youran2020-gakuiki.pdf,25,https://kyoumu.office.uec.ac.jp/youran/youran2020-gakuiki.pdf#page=25
2020,Ⅲ類（理工系）,電子工学,総 合 文 化 科 目 / 健康・スポーツ科学科目 / 健康・スポーツ科学科目,3,youran2020-gakuiki.pdf,25,https://kyoumu.office.uec.ac.jp/youran/youran2020-gakuiki.pdf#page=25
2020,Ⅲ類（理工系）,光工学,総 合 文 化 科 目 / 健康・スポーツ科学科目 / 健康・スポーツ科学科目,3,youran2020-gakuiki.pdf,25,https://kyoumu.office.uec.ac.jp/youran/youran2020-gakuiki.pdf#page=25
2020,Ⅲ類（理工系）,物理工学,総 合 文 化 科 目 / 健康・スポーツ科学科目 / 健康・スポーツ科学科目,3,youran2020-gakuiki.pdf,25,https://kyoumu.office.uec.ac.jp/youran/youran2020-gakuiki.pdf#page=25
2020,Ⅲ類（理工系）,化学生命工学,総 合 文 化 科 目 / 健康・スポーツ科学科目 / 健康・スポーツ科学科目,3,youran2020-gakuiki.pdf,25,https://kyoumu.office.uec.ac.jp/youran/youran2020-gakuiki.pdf#page=25
2020,Ⅰ類（情報系）,コンピュータサイエンス,総 合 文 化 科 目 / 理工系教養科目 / 理工系教養科目,2,youran2020-gakuiki.pdf,25,https://kyoumu.office.uec.ac.jp/youran/youran2020-gakuiki.pdf#page=25
2020,Ⅱ類（融合系）,セキュリティ情報学,総 合 文 化 科 目 / 理工系教養科目 / 理工系教養科目,2,youran2020-gakuiki.pdf,25,https://kyoumu.office.uec.ac.jp/youran/youran2020-gakuiki.pdf#page=25
2020,Ⅱ類（融合系）,情報通信工学,総 合 文 化 科 目 / 理工系教養科目 / 理工系教養科目,2,youran2020-gakuiki.pdf,25,https://kyoumu.office.uec.ac.jp/youran/youran2020-gakuiki.pdf#page=25
2020,Ⅱ類（融合系）,電子情報学,総 合 文 化 科 目 / 理工系教養科目 / 理工系教養科目,2,youran2020-gakuiki.pdf,25,https://kyoumu.office.uec.ac.jp/youran/youran2020-gakuiki.pdf#page=25
2020,Ⅱ類（融合系）,計測・制御システム,総 合 文 化 科 目 / 理工系教養科目 / 理工系教養科目,2,youran2020-gakuiki.pdf,25,https://kyoumu.office.uec.ac.jp/youran/youran2020-gakuiki.pdf#page=25
2020,Ⅱ類（融合系）,先端ロボティクス,総 合 文 化 科 目 / 理工系教養科目 / 理工系教養科目,2,youran2020-gakuiki.pdf,25,https://kyoumu.office.uec.ac.jp/youran/youran2020-gakuiki.pdf#page=25
2020,Ⅲ類（理工系）,機械システム,総 合 文 化 科 目 / 理工系教養科目 / 理工系教養科目,2,youran2020-gakuiki.pdf,25,https://kyoumu.office.uec.ac.jp/youran/youran2020-gakuiki.pdf#page=25
2020,Ⅲ類（理工系）,電子工学,総 合 文 化 科 目 / 理工系教養科目 / 理工系教養科目,2,youran2020-gakuiki.pdf,25,https://kyoumu.office.uec.ac.jp/youran/youran2020-gakuiki.pdf#page=25
2020,Ⅲ類（理工系）,光工学,総 合 文 化 科 目 / 理工系教養科目 / 理工系教養科目,2,youran2020-gakuiki.pdf,25,https://kyoumu.office.uec.ac.jp/youran/youran2020-gakuiki.pdf#page=25
2020,Ⅲ類（理工系）,物理工学,総 合 文 化 科 目 / 理工系教養科目 / 理工系教養科目,2,youran2020-gakuiki.pdf,25,https://kyoumu.office.uec.ac.jp/youran/youran2020-gakuiki.pdf#page=25
2020,Ⅲ類（理工系）,化学生命工学,総 合 文 化 科 目 / 理工系教養科目 / 理工系教養科目,2,youran2020-gakuiki.pdf,25,https://kyoumu.office.uec.ac.jp/youran/youran2020-gakuiki.pdf#page=25
2020,Ⅰ類（情報系）,コンピュータサイエンス,総 合 文 化 科 目 / 上級科目 / 上級科目,4,youran2020-gakuiki.pdf,25,https://kyoumu.office.uec.ac.jp/youran/youran2020-gakuiki.pdf#page=25
2020,Ⅱ類（融合系）,セキュリティ情報学,総 合 文 化 科 目 / 上級科目 / 上級科目,4,youran2020-gakuiki.pdf,25,https://kyoumu.office.uec.ac.jp/youran/youran2020-gakuiki.pdf#page=25
2020,Ⅱ類（融合系）,情報通信工学,総 合 文 化 科 目 / 上級科目 / 上級科目,4,youran2020-gakuiki.pdf,25,https://kyoumu.office.uec.ac.jp/youran/youran2020-gakuiki.pdf#page=25
2020,Ⅱ類（融合系）,電子情報学,総 合 文 化 科 目 / 上級科目 / 上級科目,4,youran2020-gakuiki.pdf,25,https://kyoumu.office.uec.ac.jp/youran/youran2020-gakuiki.pdf#page=25
2020,Ⅱ類（融合系）,計測・制御システム,総 合 文 化 科 目 / 上級科目 / 上級科目,4,youran2020-gakuiki.pdf,25,https://kyoumu.office.uec.ac.jp/youran/youran2020-gakuiki.pdf#page=25
2020,Ⅱ類（融合系）,先端ロボティクス,総 合 文 化 科 目 / 上級科目 / 上級科目,4,youran2020-gakuiki.pdf,25,https://kyoumu.office.uec.ac.jp/youran/youran2020-gakuiki.pdf#page=25
2020,Ⅲ類（理工系）,機械システム,総 合 文 化 科 目 / 上級科目 / 上級科目,4,youran2020-gakuiki.pdf,25,https://kyoumu.office.uec.ac.jp/youran/youran2020-gakuiki.pdf#page=25
2020,Ⅲ類（理工系）,電子工学,総 合 文 化 科 目 / 上級科目 / 上級科目,4,youran2020-gakuiki.pdf,25,https://kyoumu.office.uec.ac.jp/youran/youran2020-gakuiki.pdf#page=25
2020,Ⅲ類（理工系）,光工学,総 合 文 化 科 目 / 上級科目 / 上級科目,4,youran2020-gakuiki.pdf,25,https://kyoumu.office.uec.ac.jp/youran/youran2020-gakuiki.pdf#page=25
2020,Ⅲ類（理工系）,物理工学,総 合 文 化 科 目 / 上級科目 / 上級科目,4,youran2020-gakuiki.pdf,25,https://kyoumu.office.uec.ac.jp/youran/youran2020-gakuiki.pdf#page=25
2020,Ⅲ類（理工系）,化学生命工学,総 合 文 化 科 目 / 上級科目 / 上級科目,4,youran2020-gakuiki.pdf,25,https://kyoumu.office.uec.ac.jp/youran/youran2020-gakuiki.pdf#page=25
2020,Ⅰ類（情報系）,コンピュータサイエンス,総 合 文 化 科 目 / 小 計 / 小 計,27,youran2020-gakuiki.pdf,25,https://kyoumu.office.uec.ac.jp/youran/youran2020-gakuiki.pdf#page=25
2020,Ⅱ類（融合系）,セキュリティ情報学,総 合 文 化 科 目 / 小 計 / 小 計,27,youran2020-gakuiki.pdf,25,https://kyoumu.office.uec.ac.jp/youran/youran2020-gakuiki.pdf#page=25
2020,Ⅱ類（融合系）,情報通信工学,総 合 文 化 科 目 / 小 計 / 小 計,27,youran2020-gakuiki.pdf,25,https://kyoumu.office.uec.ac.jp/youran/youran2020-gakuiki.pdf#page=25
2020,Ⅱ類（融合系）,電子情報学,総 合 文 化 科 目 / 小 計 / 小 計,27,youran2020-gakuiki.pdf,25,https://kyoumu.office.uec.ac.jp/youran/youran2020-gakuiki.pdf#page=25
2020,Ⅱ類（融合系）,計測・制御システム,総 合 文 化 科 目 / 小 計 / 小 計,27,youran2020-gakuiki.pdf,25,https://kyoumu.office.uec.ac.jp/youran/youran2020-gakuiki.pdf#page=25
2020,Ⅱ類（融合系）,先端ロボティクス,総 合 文 化 科 目 / 小 計 / 小 計,27,youran2020-gakuiki.pdf,25,https://kyoumu.office.uec.ac.jp/youran/youran2020-gakuiki.pdf#page=25
2020,Ⅲ類（理工系）,機械システム,総 合 文 化 科 目 / 小 計 / 小 計,27,youran2020-gakuiki.pdf,25,https://kyoumu.office.uec.ac.jp/youran/youran2020-gakuiki.pdf#page=25
2020,Ⅲ類（理工系）,電子工学,総 合 文 化 科 目 / 小 計 / 小 計,27,youran2020-gakuiki.pdf,25,https://kyoumu.office.uec.ac.jp/youran/youran2020-gakuiki.pdf#page=25
2020,Ⅲ類（理工系）,光工学,総 合 文 化 科 目 / 小 計 / 小 計,27,youran2020-gakuiki.pdf,25,https://kyoumu.office.uec.ac.jp/youran/youran2020-gakuiki.pdf#page=25
2020,Ⅲ類（理工系）,物理工学,総 合 文 化 科 目 / 小 計 / 小 計,27,youran2020-gakuiki.pdf,25,https://kyoumu.office.uec.ac.jp/youran/youran2020-gakuiki.pdf#page=25
2020,Ⅲ類（理工系）,化学生命工学,総 合 文 化 科 目 / 小 計 / 小 計,27,youran2020-gakuiki.pdf,25,https://kyoumu.office.uec.ac.jp/youran/youran2020-gakuiki.pdf#page=25
2020,Ⅰ類（情報系）,コンピュータサイエンス,実 践 教 育 科 目 / 初年次導入科目 / 初年次導入科目,8,youran2020-gakuiki.pdf,25,https://kyoumu.office.uec.ac.jp/youran/youran2020-gakuiki.pdf#page=25
2020,Ⅱ類（融合系）,セキュリティ情報学,実 践 教 育 科 目 / 初年次導入科目 / 初年次導入科目,8,youran2020-gakuiki.pdf,25,https://kyoumu.office.uec.ac.jp/youran/youran2020-gakuiki.pdf#page=25
2020,Ⅱ類（融合系）,情報通信工学,実 践 教 育 科 目 / 初年次導入科目 / 初年次導入科目,8,youran2020-gakuiki.pdf,25,https://kyoumu.office.uec.ac.jp/youran/youran2020-gakuiki.pdf#page=25
2020,Ⅱ類（融合系）,電子情報学,実 践 教 育 科 目 / 初年次導入科目 / 初年次導入科目,8,youran2020-gakuiki.pdf,25,https://kyoumu.office.uec.ac.jp/youran/youran2020-gakuiki.pdf#page=25
2020,Ⅱ類（融合系）,計測・制御システム,実 践 教 育 科 目 / 初年次導入科目 / 初年次導入科目,8,youran2020-gakuiki.pdf,25,https://kyoumu.office.uec.ac.jp/youran/youran2020-gakuiki.pdf#page=25
2020,Ⅱ類（融合系）,先端ロボティクス,実 践 教 育 科 目 / 初年次導入科目 / 初年次導入科目,8,youran2020-gakuiki.pdf,25,https://kyoumu.office.uec.ac.jp/youran/youran2020-gakuiki.pdf#page=25
2020,Ⅲ類（理工系）,機械システム,実 践 教 育 科 目 / 初年次導入科目 / 初年次導入科目,8,youran2020-gakuiki.pdf,25,https://kyoumu.office.uec.ac.jp/youran/youran2020-gakuiki.pdf#page=25
2020,Ⅲ類（理工系）,電子工学,実 践 教 育 科 目 / 初年次導入科目 / 初年次導入科目,8,youran2020-gakuiki.pdf,25,https://kyoumu.office.uec.ac.jp/youran/youran2020-gakuiki.pdf#page=25
2020,Ⅲ類（理工系）,光工学,実 践 教 育 科 目 / 初年次導入科目 / 初年次導入科目,8,youran2020-gakuiki.pdf,25,https://kyoumu.office.uec.ac.jp/youran/youran2020-gakuiki.pdf#page=25
2020,Ⅲ類（理工系）,物理工学,実 践 教 育 科 目 / 初年次導入科目 / 初年次導入科目,8,youran2020-gakuiki.pdf,25,https://kyoumu.office.uec.ac.jp/youran/youran2020-gakuiki.pdf#page=25
2020,Ⅲ類（理工系）,化学生命工学,実 践 教 育 科 目 / 初年次導入科目 / 初年次導入科目,8,youran2020-gakuiki.pdf,25,https://kyoumu.office.uec.ac.jp/youran/youran2020-gakuiki.pdf#page=25
2020,Ⅰ類（情報系）,コンピュータサイエンス,実 践 教 育 科 目 / 倫理・キャリア教育科目 / 倫理・キャリア教育科目,4,youran2020-gakuiki.pdf,25,https://kyoumu.office.uec.ac.jp/youran/youran2020-gakuiki.pdf#page=25
2020,Ⅱ類（融合系）,セキュリティ情報学,実 践 教 育 科 目 / 倫理・キャリア教育科目 / 倫理・キャリア教育科目,4,youran2020-gakuiki.pdf,25,https://kyoumu.office.uec.ac.jp/youran/youran2020-gakuiki.pdf#page=25
2020,Ⅱ類（融合系）,情報通信工学,実 践 教 育 科 目 / 倫理・キャリア教育科目 / 倫理・キャリア教育科目,4,youran2020-gakuiki.pdf,25,https://kyoumu.office.uec.ac.jp/youran/youran2020-gakuiki.pdf#page=25
2020,Ⅱ類（融合系）,電子情報学,実 践 教 育 科 目 / 倫理・キャリア教育科目 / 倫理・キャリア教育科目,4,youran2020-gakuiki.pdf,25,https://kyoumu.office.uec.ac.jp/youran/youran2020-gakuiki.pdf#page=25
2020,Ⅱ類（融合系）,計測・制御システム,実 践 教 育 科 目 / 倫理・キャリア教育科目 / 倫理・キャリア教育科目,4,youran2020-gakuiki.pdf,25,https://kyoumu.office.uec.ac.jp/youran/youran2020-gakuiki.pdf#page=25
2020,Ⅱ類（融合系）,先端ロボティクス,実 践 教 育 科 目 / 倫理・キャリア教育科目 / 倫理・キャリア教育科目,4,youran2020-gakuiki.pdf,25,https://kyoumu.office.uec.ac.jp/youran/youran2020-gakuiki.pdf#page=25
2020,Ⅲ類（理工系）,機械システム,実 践 教 育 科 目 / 倫理・キャリア教育科目 / 倫理・キャリア教育科目,4,youran2020-gakuiki.pdf,25,https://kyoumu.office.uec.ac.jp/youran/youran2020-gakuiki.pdf#page=25
2020,Ⅲ類（理工系）,電子工学,実 践 教 育 科 目 / 倫理・キャリア教育科目 / 倫理・キャリア教育科目,4,youran2020-gakuiki.pdf,25,https://kyoumu.office.uec.ac.jp/youran/youran2020-gakuiki.pdf#page=25
2020,Ⅲ類（理工系）,光工学,実 践 教 育 科 目 / 倫理・キャリア教育科目 / 倫理・キャリア教育科目,4,youran2020-gakuiki.pdf,25,https://kyoumu.office.uec.ac.jp/youran/youran2020-gakuiki.pdf#page=25
2020,Ⅲ類（理工系）,物理工学,実 践 教 育 科 目 / 倫理・キャリア教育科目 / 倫理・キャリア教育科目,4,youran2020-gakuiki.pdf,25,https://kyoumu.office.uec.ac.jp/youran/youran2020-gakuiki.pdf#page=25
2020,Ⅲ類（理工系）,化学生命工学,実 践 教 育 科 目 / 倫理・キャリア教育科目 / 倫理・キャリア教育科目,4,youran2020-gakuiki.pdf,25,https://kyoumu.office.uec.ac.jp/youran/youran2020-gakuiki.pdf#page=25
2020,Ⅰ類（情報系）,コンピュータサイエンス,実 践 教 育 科 目 / 技術英語科目 / 技術英語科目,4,youran2020-gakuiki.pdf,25,https://kyoumu.office.uec.ac.jp/youran/youran2020-gakuiki.pdf#page=25
2020,Ⅱ類（融合系）,セキュリティ情報学,実 践 教 育 科 目 / 技術英語科目 / 技術英語科目,4,youran2020-gakuiki.pdf,25,https://kyoumu.office.uec.ac.jp/youran/youran2020-gakuiki.pdf#page=25
2020,Ⅱ類（融合系）,情報通信工学,実 践 教 育 科 目 / 技術英語科目 / 技術英語科目,4,youran2020-gakuiki.pdf,25,https://kyoumu.office.uec.ac.jp/youran/youran2020-gakuiki.pdf#page=25
2020,Ⅱ類（融合系）,電子情報学,実 践 教 育 科 目 / 技術英語科目 / 技術英語科目,4,youran2020-gakuiki.pdf,25,https://kyoumu.office.uec.ac.jp/youran/youran2020-gakuiki.pdf#page=25
2020,Ⅱ類（融合系）,計測・制御システム,実 践 教 育 科 目 / 技術英語科目 / 技術英語科目,4,youran2020-gakuiki.pdf,25,https://kyoumu.office.uec.ac.jp/youran/youran2020-gakuiki.pdf#page=25
2020,Ⅱ類（融合系）,先端ロボティクス,実 践 教 育 科 目 / 技術英語科目 / 技術英語科目,4,youran2020-gakuiki.pdf,25,https://kyoumu.office.uec.ac.jp/youran/youran2020-gakuiki.pdf#page=25
2020,Ⅲ類（理工系）,機械システム,実 践 教 育 科 目 / 技術英語科目 / 技術英語科目,4,youran2020-gakuiki.pdf,25,https://kyoumu.office.uec.ac.jp/youran/youran2020-gakuiki.pdf#page=25
2020,Ⅲ類（理工系）,電子工学,実 践 教 育 科 目 / 技術英語科目 / 技術英語科目,4,youran2020-gakuiki.pdf,25,https://kyoumu.office.uec.ac.jp/youran/youran2020-gakuiki.pdf#page=25
2020,Ⅲ類（理工系）,光工学,実 践 教 育 科 目 / 技術英語科目 / 技術英語科目,4,youran2020-gakuiki.pdf,25,https://kyoumu.office.uec.ac.jp/youran/youran2020-gakuiki.pdf#page=25
2020,Ⅲ類（理工系）,物理工学,実 践 教 育 科 目 / 技術英語科目 / 技術英語科目,4,youran2020-gakuiki.pdf,25,https://kyoumu.office.uec.ac.jp/youran/youran2020-gakuiki.pdf#page=25
2020,Ⅲ類（理工系）,化学生命工学,実 践 教 育 科 目 / 技術英語科目 / 技術英語科目,4,youran2020-gakuiki.pdf,25,https://kyoumu.office.uec.ac.jp/youran/youran2020-gakuiki.pdf#page=25
2020,Ⅰ類（情報系）,コンピュータサイエンス,実 践 教 育 科 目 / 小 計 / 小 計,16,youran2020-gakuiki.pdf,25,https://kyoumu.office.uec.ac.jp/youran/youran2020-gakuiki.pdf#page=25
2020,Ⅱ類（融合系）,セキュリティ情報学,実 践 教 育 科 目 / 小 計 / 小 計,16,youran2020-gakuiki.pdf,25,https://kyoumu.office.uec.ac.jp/youran/youran2020-gakuiki.pdf#page=25
2020,Ⅱ類（融合系）,情報通信工学,実 践 教 育 科 目 / 小 計 / 小 計,16,youran2020-gakuiki.pdf,25,https://kyoumu.office.uec.ac.jp/youran/youran2020-gakuiki.pdf#page=25
2020,Ⅱ類（融合系）,電子情報学,実 践 教 育 科 目 / 小 計 / 小 計,16,youran2020-gakuiki.pdf,25,https://kyoumu.office.uec.ac.jp/youran/youran2020-gakuiki.pdf#page=25
2020,Ⅱ類（融合系）,計測・制御システム,実 践 教 育 科 目 / 小 計 / 小 計,16,youran2020-gakuiki.pdf,25,https://kyoumu.office.uec.ac.jp/youran/youran2020-gakuiki.pdf#page=25
2020,Ⅱ類（融合系）,先端ロボティクス,実 践 教 育 科 目 / 小 計 / 小 計,16,youran2020-gakuiki.pdf,25,https://kyoumu.office.uec.ac.jp/youran/youran2020-gakuiki.pdf#page=25
2020,Ⅲ類（理工系）,機械システム,実 践 教 育 科 目 / 小 計 / 小 計,16,youran2020-gakuiki.pdf,25,https://kyoumu.office.uec.ac.jp/youran/youran2020-gakuiki.pdf#page=25
2020,Ⅲ類（理工系）,電子工学,実 践 教 育 科 目 / 小 計 / 小 計,16,youran2020-gakuiki.pdf,25,https://kyoumu.office.uec.ac.jp/youran/youran2020-gakuiki.pdf#page=25
2020,Ⅲ類（理工系）,光工学,実 践 教 育 科 目 / 小 計 / 小 計,16,youran2020-gakuiki.pdf,25,https://kyoumu.office.uec.ac.jp/youran/youran2020-gakuiki.pdf#page=25
2020,Ⅲ類（理工系）,物理工学,実 践 教 育 科 目 / 小 計 / 小 計,16,youran2020-gakuiki.pdf,25,https://kyoumu.office.uec.ac.jp/youran/youran2020-gakuiki.pdf#page=25
2020,Ⅲ類（理工系）,化学生命工学,実 践 教 育 科 目 / 小 計 / 小 計,16,youran2020-gakuiki.pdf,25,https://kyoumu.office.uec.ac.jp/youran/youran2020-gakuiki.pdf#page=25
2020,Ⅰ類（情報系）,コンピュータサイエンス,専 門 科 目 / 理数基礎科目 / 理数基礎科目,20,youran2020-gakuiki.pdf,25,https://kyoumu.office.uec.ac.jp/youran/youran2020-gakuiki.pdf#page=25
2020,Ⅱ類（融合系）,セキュリティ情報学,専 門 科 目 / 理数基礎科目 / 理数基礎科目,20,youran2020-gakuiki.pdf,25,https://kyoumu.office.uec.ac.jp/youran/youran2020-gakuiki.pdf#page=25
2020,Ⅱ類（融合系）,情報通信工学,専 門 科 目 / 理数基礎科目 / 理数基礎科目,20,youran2020-gakuiki.pdf,25,https://kyoumu.office.uec.ac.jp/youran/youran2020-gakuiki.pdf#page=25
2020,Ⅱ類（融合系）,電子情報学,専 門 科 目 / 理数基礎科目 / 理数基礎科目,20,youran2020-gakuiki.pdf,25,https://kyoumu.office.uec.ac.jp/youran/youran2020-gakuiki.pdf#page=25
2020,Ⅱ類（融合系）,計測・制御システム,専 門 科 目 / 理数基礎科目 / 理数基礎科目,20,youran2020-gakuiki.pdf,25,https://kyoumu.office.uec.ac.jp/youran/youran2020-gakuiki.pdf#page=25
2020,Ⅱ類（融合系）,先端ロボティクス,専 門 科 目 / 理数基礎科目 / 理数基礎科目,20,youran2020-gakuiki.pdf,25,https://kyoumu.office.uec.ac.jp/youran/youran2020-gakuiki.pdf#page=25
2020,Ⅲ類（理工系）,機械システム,専 門 科 目 / 理数基礎科目 / 理数基礎科目,20,youran2020-gakuiki.pdf,25,https://kyoumu.office.uec.ac.jp/youran/youran2020-gakuiki.pdf#page=25
2020,Ⅲ類（理工系）,電子工学,専 門 科 目 / 理数基礎科目 / 理数基礎科目,20,youran2020-gakuiki.pdf,25,https://kyoumu.office.uec.ac.jp/youran/youran2020-gakuiki.pdf#page=25
2020,Ⅲ類（理工系）,光工学,専 門 科 目 / 理数基礎科目 / 理数基礎科目,20,youran2020-gakuiki.pdf,25,https://kyoumu.office.uec.ac.jp/youran/youran2020-gakuiki.pdf#page=25
2020,Ⅲ類（理工系）,物理工学,専 門 科 目 / 理数基礎科目 / 理数基礎科目,20,youran2020-gakuiki.pdf,25,https://kyoumu.office.uec.ac.jp/youran/youran2020-gakuiki.pdf#page=25
2020,Ⅲ類（理工系）,化学生命工学,専 門 科 目 / 理数基礎科目 / 理数基礎科目,20,youran2020-gakuiki.pdf,25,https://kyoumu.office.uec.ac.jp/youran/youran2020-gakuiki.pdf#page=25
2020,Ⅰ類（情報系）,コンピュータサイエンス,専 門 科 目 / 基 類 礎 共 科 通 目 / 必修,15,youran2020-gakuiki.pdf,25,https://kyoumu.office.uec.ac.jp/youran/youran2020-gakuiki.pdf#page=25
2020,Ⅱ類（融合系）,セキュリティ情報学,専 門 科 目 / 基 類 礎 共 科 通 目 / 必修,17,youran2020-gakuiki.pdf,25,https://kyoumu.office.uec.ac.jp/youran/youran2020-gakuiki.pdf#page=25
2020,Ⅱ類（融合系）,情報通信工学,専 門 科 目 / 基 類 礎 共 科 通 目 / 必修,20,youran2020-gakuiki.pdf,25,https://kyoumu.office.uec.ac.jp/youran/youran2020-gakuiki.pdf#page=25
2020,Ⅱ類（融合系）,電子情報学,専 門 科 目 / 基 類 礎 共 科 通 目 / 必修,20,youran2020-gakuiki.pdf,25,https://kyoumu.office.uec.ac.jp/youran/youran2020-gakuiki.pdf#page=25
2020,Ⅱ類（融合系）,計測・制御システム,専 門 科 目 / 基 類 礎 共 科 通 目 / 必修,11,youran2020-gakuiki.pdf,25,https://kyoumu.office.uec.ac.jp/youran/youran2020-gakuiki.pdf#page=25
2020,Ⅱ類（融合系）,先端ロボティクス,専 門 科 目 / 基 類 礎 共 科 通 目 / 必修,11,youran2020-gakuiki.pdf,25,https://kyoumu.office.uec.ac.jp/youran/youran2020-gakuiki.pdf#page=25
2020,Ⅲ類（理工系）,機械システム,専 門 科 目 / 基 類 礎 共 科 通 目 / 必修,13,youran2020-gakuiki.pdf,25,https://kyoumu.office.uec.ac.jp/youran/youran2020-gakuiki.pdf#page=25
2020,Ⅲ類（理工系）,電子工学,専 門 科 目 / 基 類 礎 共 科 通 目 / 必修,18,youran2020-gakuiki.pdf,25,https://kyoumu.office.uec.ac.jp/youran/youran2020-gakuiki.pdf#page=25
2020,Ⅲ類（理工系）,光工学,専 門 科 目 / 基 類 礎 共 科 通 目 / 必修,18,youran2020-gakuiki.pdf,25,https://kyoumu.office.uec.ac.jp/youran/youran2020-gakuiki.pdf#page=25
2020,Ⅲ類（理工系）,物理工学,専 門 科 目 / 基 類 礎 共 科 通 目 / 必修,20,youran2020-gakuiki.pdf,25,https://kyoumu.office.uec.ac.jp/youran/youran2020-gakuiki.pdf#page=25
2020,Ⅲ類（理工系）,化学生命工学,専 門 科 目 / 基 類 礎 共 科 通 目 / 必修,15,youran2020-gakuiki.pdf,25,https://kyoumu.office.uec.ac.jp/youran/youran2020-gakuiki.pdf#page=25
2020,Ⅱ類（融合系）,情報通信工学,専 門 科 目 / 基 類 礎 共 科 通 目 / 選択必修,4,youran2020-gakuiki.pdf,25,https://kyoumu.office.uec.ac.jp/youran/youran2020-gakuiki.pdf#page=25
2020,Ⅱ類（融合系）,電子情報学,専 門 科 目 / 基 類 礎 共 科 通 目 / 選択必修,4,youran2020-gakuiki.pdf,25,https://kyoumu.office.uec.ac.jp/youran/youran2020-gakuiki.pdf#page=25
2020,Ⅱ類（融合系）,計測・制御システム,専 門 科 目 / 基 類 礎 共 科 通 目 / 選択必修,4,youran2020-gakuiki.pdf,25,https://kyoumu.office.uec.ac.jp/youran/youran2020-gakuiki.pdf#page=25
2020,Ⅱ類（融合系）,先端ロボティクス,専 門 科 目 / 基 類 礎 共 科 通 目 / 選択必修,4,youran2020-gakuiki.pdf,25,https://kyoumu.office.uec.ac.jp/youran/youran2020-gakuiki.pdf#page=25
2020,Ⅲ類（理工系）,機械システム,専 門 科 目 / 基 類 礎 共 科 通 目 / 選択必修,9,youran2020-gakuiki.pdf,25,https://kyoumu.office.uec.ac.jp/youran/youran2020-gakuiki.pdf#page=25
2020,Ⅲ類（理工系）,電子工学,専 門 科 目 / 基 類 礎 共 科 通 目 / 選択必修,2,youran2020-gakuiki.pdf,25,https://kyoumu.office.uec.ac.jp/youran/youran2020-gakuiki.pdf#page=25
2020,Ⅲ類（理工系）,光工学,専 門 科 目 / 基 類 礎 共 科 通 目 / 選択必修,2,youran2020-gakuiki.pdf,25,https://kyoumu.office.uec.ac.jp/youran/youran2020-gakuiki.pdf#page=25
2020,Ⅲ類（理工系）,物理工学,専 門 科 目 / 基 類 礎 共 科 通 目 / 選択必修,4,youran2020-gakuiki.pdf,25,https://kyoumu.office.uec.ac.jp/youran/youran2020-gakuiki.pdf#page=25
2020,Ⅲ類（理工系）,化学生命工学,専 門 科 目 / 基 類 礎 共 科 通 目 / 選択必修,6,youran2020-gakuiki.pdf,25,https://kyoumu.office.uec.ac.jp/youran/youran2020-gakuiki.pdf#page=25
2020,Ⅰ類（情報系）,コンピュータサイエンス,専 門 科 目 / 基 類 礎 共 科 通 目 / 選択,8,youran2020-gakuiki.pdf,25,https://kyoumu.office.uec.ac.jp/youran/youran2020-gakuiki.pdf#page=25
2020,Ⅱ類（融合系）,セキュリティ情報学,専 門 科 目 / 基 類 礎 共 科 通 目 / 選択,2,youran2020-gakuiki.pdf,25,https://kyoumu.office.uec.ac.jp/youran/youran2020-gakuiki.pdf#page=25
2020,Ⅲ類（理工系）,物理工学,専 門 科 目 / 基 類 礎 共 科 通 目 / 選択,2,youran2020-gakuiki.pdf,25,https://kyoumu.office.uec.ac.jp/youran/youran2020-gakuiki.pdf#page=25
2020,Ⅲ類（理工系）,化学生命工学,専 門 科 目 / 基 類 礎 共 科 通 目 / 選択,2,youran2020-gakuiki.pdf,25,https://kyoumu.office.uec.ac.jp/youran/youran2020-gakuiki.pdf#page=25
2020,Ⅰ類（情報系）,コンピュータサイエンス,専 門 科 目 / 類 専 門 科 目 / 必修,20,youran2020-gakuiki.pdf,25,https://kyoumu.office.uec.ac.jp/youran/youran2020-gakuiki.pdf#page=25
2020,Ⅱ類（融合系）,セキュリティ情報学,専 門 科 目 / 類 専 門 科 目 / 必修,12,youran2020-gakuiki.pdf,25,https://kyoumu.office.uec.ac.jp/youran/youran2020-gakuiki.pdf#page=25
2020,Ⅱ類（融合系）,情報通信工学,専 門 科 目 / 類 専 門 科 目 / 必修,22,youran2020-gakuiki.pdf,25,https://kyoumu.office.uec.ac.jp/youran/youran2020-gakuiki.pdf#page=25
2020,Ⅱ類（融合系）,電子情報学,専 門 科 目 / 類 専 門 科 目 / 必修,22,youran2020-gakuiki.pdf,25,https://kyoumu.office.uec.ac.jp/youran/youran2020-gakuiki.pdf#page=25
2020,Ⅱ類（融合系）,計測・制御システム,専 門 科 目 / 類 専 門 科 目 / 必修,31,youran2020-gakuiki.pdf,25,https://kyoumu.office.uec.ac.jp/youran/youran2020-gakuiki.pdf#page=25
2020,Ⅱ類（融合系）,先端ロボティクス,専 門 科 目 / 類 専 門 科 目 / 必修,30,youran2020-gakuiki.pdf,25,https://kyoumu.office.uec.ac.jp/youran/youran2020-gakuiki.pdf#page=25
2020,Ⅲ類（理工系）,機械システム,専 門 科 目 / 類 専 門 科 目 / 必修,31,youran2020-gakuiki.pdf,25,https://kyoumu.office.uec.ac.jp/youran/youran2020-gakuiki.pdf#page=25
2020,Ⅲ類（理工系）,電子工学,専 門 科 目 / 類 専 門 科 目 / 必修,31,youran2020-gakuiki.pdf,25,https://kyoumu.office.uec.ac.jp/youran/youran2020-gakuiki.pdf#page=25
2020,Ⅲ類（理工系）,光工学,専 門 科 目 / 類 専 門 科 目 / 必修,34,youran2020-gakuiki.pdf,25,https://kyoumu.office.uec.ac.jp/youran/youran2020-gakuiki.pdf#page=25
2020,Ⅲ類（理工系）,物理工学,専 門 科 目 / 類 専 門 科 目 / 必修,31,youran2020-gakuiki.pdf,25,https://kyoumu.office.uec.ac.jp/youran/youran2020-gakuiki.pdf#page=25
2020,Ⅲ類（理工系）,化学生命工学,専 門 科 目 / 類 専 門 科 目 / 必修,32,youran2020-gakuiki.pdf,25,https://kyoumu.office.uec.ac.jp/youran/youran2020-gakuiki.pdf#page=25
2020,Ⅱ類（融合系）,情報通信工学,専 門 科 目 / 類 専 門 科 目 / 選択必修,12,youran2020-gakuiki.pdf,25,https://kyoumu.office.uec.ac.jp/youran/youran2020-gakuiki.pdf#page=25
2020,Ⅱ類（融合系）,電子情報学,専 門 科 目 / 類 専 門 科 目 / 選択必修,12,youran2020-gakuiki.pdf,25,https://kyoumu.office.uec.ac.jp/youran/youran2020-gakuiki.pdf#page=25
2020,Ⅱ類（融合系）,計測・制御システム,専 門 科 目 / 類 専 門 科 目 / 選択必修,12,youran2020-gakuiki.pdf,25,https://kyoumu.office.uec.ac.jp/youran/youran2020-gakuiki.pdf#page=25
2020,Ⅱ類（融合系）,先端ロボティクス,専 門 科 目 / 類 専 門 科 目 / 選択必修,12,youran2020-gakuiki.pdf,25,https://kyoumu.office.uec.ac.jp/youran/youran2020-gakuiki.pdf#page=25
2020,Ⅲ類（理工系）,機械システム,専 門 科 目 / 類 専 門 科 目 / 選択必修,9,youran2020-gakuiki.pdf,25,https://kyoumu.office.uec.ac.jp/youran/youran2020-gakuiki.pdf#page=25
2020,Ⅲ類（理工系）,物理工学,専 門 科 目 / 類 専 門 科 目 / 選択必修,5,youran2020-gakuiki.pdf,25,https://kyoumu.office.uec.ac.jp/youran/youran2020-gakuiki.pdf#page=25
2020,Ⅲ類（理工系）,化学生命工学,専 門 科 目 / 類 専 門 科 目 / 選択必修,8,youran2020-gakuiki.pdf,25,https://kyoumu.office.uec.ac.jp/youran/youran2020-gakuiki.pdf#page=25
2020,Ⅰ類（情報系）,コンピュータサイエンス,専 門 科 目 / 類 専 門 科 目 / 選択,16,youran2020-gakuiki.pdf,25,https://kyoumu.office.uec.ac.jp/youran/youran2020-gakuiki.pdf#page=25
2020,Ⅱ類（融合系）,セキュリティ情報学,専 門 科 目 / 類 専 門 科 目 / 選択,30,youran2020-gakuiki.pdf,25,https://kyoumu.office.uec.ac.jp/youran/youran2020-gakuiki.pdf#page=25
2020,Ⅱ類（融合系）,情報通信工学,専 門 科 目 / 類 専 門 科 目 / 選択,10,youran2020-gakuiki.pdf,25,https://kyoumu.office.uec.ac.jp/youran/youran2020-gakuiki.pdf#page=25
2020,Ⅱ類（融合系）,電子情報学,専 門 科 目 / 類 専 門 科 目 / 選択,10,youran2020-gakuiki.pdf,25,https://kyoumu.office.uec.ac.jp/youran/youran2020-gakuiki.pdf#page=25
2020,Ⅱ類（融合系）,計測・制御システム,専 門 科 目 / 類 専 門 科 目 / 選択,8,youran2020-gakuiki.pdf,25,https://kyoumu.office.uec.ac.jp/youran/youran2020-gakuiki.pdf#page=25
2020,Ⅱ類（融合系）,先端ロボティクス,専 門 科 目 / 類 専 門 科 目 / 選択,8,youran2020-gakuiki.pdf,25,https://kyoumu.office.uec.ac.jp/youran/youran2020-gakuiki.pdf#page=25
2020,Ⅲ類（理工系）,機械システム,専 門 科 目 / 類 専 門 科 目 / 選択,4,youran2020-gakuiki.pdf,25,https://kyoumu.office.uec.ac.jp/youran/youran2020-gakuiki.pdf#page=25
2020,Ⅲ類（理工系）,電子工学,専 門 科 目 / 類 専 門 科 目 / 選択,14,youran2020-gakuiki.pdf,25,https://kyoumu.office.uec.ac.jp/youran/youran2020-gakuiki.pdf#page=25
2020,Ⅲ類（理工系）,光工学,専 門 科 目 / 類 専 門 科 目 / 選択,12,youran2020-gakuiki.pdf,25,https://kyoumu.office.uec.ac.jp/youran/youran2020-gakuiki.pdf#page=25
2020,Ⅲ類（理工系）,物理工学,専 門 科 目 / 類 専 門 科 目 / 選択,2,youran2020-gakuiki.pdf,25,https://kyoumu.office.uec.ac.jp/youran/youran2020-gakuiki.pdf#page=25
2020,Ⅲ類（理工系）,化学生命工学,専 門 科 目 / 類 専 門 科 目 / 選択,2,youran2020-gakuiki.pdf,25,https://kyoumu.office.uec.ac.jp/youran/youran2020-gakuiki.pdf#page=25
2020,Ⅰ類（情報系）,コンピュータサイエンス,専 門 科 目 / 小 計 / 小 計,79,youran2020-gakuiki.pdf,25,https://kyoumu.office.uec.ac.jp/youran/youran2020-gakuiki.pdf#page=25
2020,Ⅱ類（融合系）,セキュリティ情報学,専 門 科 目 / 小 計 / 小 計,81,youran2020-gakuiki.pdf,25,https://kyoumu.office.uec.ac.jp/youran/youran2020-gakuiki.pdf#page=25
2020,Ⅱ類（融合系）,情報通信工学,専 門 科 目 / 小 計 / 小 計,88,youran2020-gakuiki.pdf,25,https://kyoumu.office.uec.ac.jp/youran/youran2020-gakuiki.pdf#page=25
2020,Ⅱ類（融合系）,電子情報学,専 門 科 目 / 小 計 / 小 計,88,youran2020-gakuiki.pdf,25,https://kyoumu.office.uec.ac.jp/youran/youran2020-gakuiki.pdf#page=25
2020,Ⅱ類（融合系）,計測・制御システム,専 門 科 目 / 小 計 / 小 計,86,youran2020-gakuiki.pdf,25,https://kyoumu.office.uec.ac.jp/youran/youran2020-gakuiki.pdf#page=25
2020,Ⅱ類（融合系）,先端ロボティクス,専 門 科 目 / 小 計 / 小 計,85,youran2020-gakuiki.pdf,25,https://kyoumu.office.uec.ac.jp/youran/youran2020-gakuiki.pdf#page=25
2020,Ⅲ類（理工系）,機械システム,専 門 科 目 / 小 計 / 小 計,86,youran2020-gakuiki.pdf,25,https://kyoumu.office.uec.ac.jp/youran/youran2020-gakuiki.pdf#page=25
2020,Ⅲ類（理工系）,電子工学,専 門 科 目 / 小 計 / 小 計,85,youran2020-gakuiki.pdf,25,https://kyoumu.office.uec.ac.jp/youran/youran2020-gakuiki.pdf#page=25
2020,Ⅲ類（理工系）,光工学,専 門 科 目 / 小 計 / 小 計,86,youran2020-gakuiki.pdf,25,https://kyoumu.office.uec.ac.jp/youran/youran2020-gakuiki.pdf#page=25
2020,Ⅲ類（理工系）,物理工学,専 門 科 目 / 小 計 / 小 計,84,youran2020-gakuiki.pdf,25,https://kyoumu.office.uec.ac.jp/youran/youran2020-gakuiki.pdf#page=25
2020,Ⅲ類（理工系）,化学生命工学,専 門 科 目 / 小 計 / 小 計,85,youran2020-gakuiki.pdf,25,https://kyoumu.office.uec.ac.jp/youran/youran2020-gakuiki.pdf#page=25
2020,Ⅰ類（情報系）,コンピュータサイエンス,共 通 単 位 / 小 計 / 小 計,6,youran2020-gakuiki.pdf,25,https://kyoumu.office.uec.ac.jp/youran/youran2020-gakuiki.pdf#page=25
2020,Ⅱ類（融合系）,セキュリティ情報学,共 通 単 位 / 小 計 / 小 計,9,youran2020-gakuiki.pdf,25,https://kyoumu.office.uec.ac.jp/youran/youran2020-gakuiki.pdf#page=25
2020,Ⅱ類（融合系）,情報通信工学,共 通 単 位 / 小 計 / 小 計,2,youran2020-gakuiki.pdf,25,https://kyoumu.office.uec.ac.jp/youran/youran2020-gakuiki.pdf#page=25
2020,Ⅱ類（融合系）,電子情報学,共 通 単 位 / 小 計 / 小 計,2,youran2020-gakuiki.pdf,25,https://kyoumu.office.uec.ac.jp/youran/youran2020-gakuiki.pdf#page=25
2020,Ⅱ類（融合系）,計測・制御システム,共 通 単 位 / 小 計 / 小 計,4,youran2020-gakuiki.pdf,25,https://kyoumu.office.uec.ac.jp/youran/youran2020-gakuiki.pdf#page=25
2020,Ⅱ類（融合系）,先端ロボティクス,共 通 単 位 / 小 計 / 小 計,5,youran2020-gakuiki.pdf,25,https://kyoumu.office.uec.ac.jp/youran/youran2020-gakuiki.pdf#page=25
2020,Ⅲ類（理工系）,機械システム,共 通 単 位 / 小 計 / 小 計,4,youran2020-gakuiki.pdf,25,https://kyoumu.office.uec.ac.jp/youran/youran2020-gakuiki.pdf#page=25
2020,Ⅲ類（理工系）,電子工学,共 通 単 位 / 小 計 / 小 計,5,youran2020-gakuiki.pdf,25,https://kyoumu.office.uec.ac.jp/youran/youran2020-gakuiki.pdf#page=25
2020,Ⅲ類（理工系）,光工学,共 通 単 位 / 小 計 / 小 計,4,youran2020-gakuiki.pdf,25,https://kyoumu.office.uec.ac.jp/youran/youran2020-gakuiki.pdf#page=25
2020,Ⅲ類（理工系）,物理工学,共 通 単 位 / 小 計 / 小 計,6,youran2020-gakuiki.pdf,25,https://kyoumu.office.uec.ac.jp/youran/youran2020-gakuiki.pdf#page=25
2020,Ⅲ類（理工系）,化学生命工学,共 通 単 位 / 小 計 / 小 計,5,youran2020-gakuiki.pdf,25,https://kyoumu.office.uec.ac.jp/youran/youran2020-gakuiki.pdf#page=25
2020,Ⅰ類（情報系）,コンピュータサイエンス,合 計 / 小 計 / 小 計,128,youran2020-gakuiki.pdf,25,https://kyoumu.office.uec.ac.jp/youran/youran2020-gakuiki.pdf#page=25
2020,Ⅱ類（融合系）,セキュリティ情報学,合 計 / 小 計 / 小 計,133,youran2020-gakuiki.pdf,25,https://kyoumu.office.uec.ac.jp/youran/youran2020-gakuiki.pdf#page=25
2020,Ⅱ類（融合系）,情報通信工学,合 計 / 小 計 / 小 計,133,youran2020-gakuiki.pdf,25,https://kyoumu.office.uec.ac.jp/youran/youran2020-gakuiki.pdf#page=25
2020,Ⅱ類（融合系）,電子情報学,合 計 / 小 計 / 小 計,133,youran2020-gakuiki.pdf,25,https://kyoumu.office.uec.ac.jp/youran/youran2020-gakuiki.pdf#page=25
2020,Ⅱ類（融合系）,計測・制御システム,合 計 / 小 計 / 小 計,133,youran2020-gakuiki.pdf,25,https://kyoumu.office.uec.ac.jp/youran/youran2020-gakuiki.pdf#page=25
2020,Ⅱ類（融合系）,先端ロボティクス,合 計 / 小 計 / 小 計,133,youran2020-gakuiki.pdf,25,https://kyoumu.office.uec.ac.jp/youran/youran2020-gakuiki.pdf#page=25
2020,Ⅲ類（理工系）,機械システム,合 計 / 小 計 / 小 計,133,youran2020-gakuiki.pdf,25,https://kyoumu.office.uec.ac.jp/youran/youran2020-gakuiki.pdf#page=25
2020,Ⅲ類（理工系）,電子工学,合 計 / 小 計 / 小 計,133,youran2020-gakuiki.pdf,25,https://kyoumu.office.uec.ac.jp/youran/youran2020-gakuiki.pdf#page=25
2020,Ⅲ類（理工系）,光工学,合 計 / 小 計 / 小 計,133,youran2020-gakuiki.pdf,25,https://kyoumu.office.uec.ac.jp/youran/youran2020-gakuiki.pdf#page=25
2020,Ⅲ類（理工系）,物理工学,合 計 / 小 計 / 小 計,133,youran2020-gakuiki.pdf,25,https://kyoumu.office.uec.ac.jp/youran/youran2020-gakuiki.pdf#page=25
2020,Ⅲ類（理工系）,化学生命工学,合 計 / 小 計 / 小 計,133,youran2020-gakuiki.pdf,25,https://kyoumu.office.uec.ac.jp/youran/youran2020-gakuiki.pdf#page=25
2021,Ⅰ類（情報系）,コンピュータサイエンス,総 合 文 化 科 目 / 人文・社会科学科目 / 人文・社会科学科目,8,youran2021-gakuiki.pdf,25,https://kyoumu.office.uec.ac.jp/youran/youran2021-gakuiki.pdf#page=25
2021,Ⅱ類（融合系）,セキュリティ情報学,総 合 文 化 科 目 / 人文・社会科学科目 / 人文・社会科学科目,8,youran2021-gakuiki.pdf,25,https://kyoumu.office.uec.ac.jp/youran/youran2021-gakuiki.pdf#page=25
2021,Ⅱ類（融合系）,情報通信工学,総 合 文 化 科 目 / 人文・社会科学科目 / 人文・社会科学科目,8,youran2021-gakuiki.pdf,25,https://kyoumu.office.uec.ac.jp/youran/youran2021-gakuiki.pdf#page=25
2021,Ⅱ類（融合系）,電子情報学,総 合 文 化 科 目 / 人文・社会科学科目 / 人文・社会科学科目,8,youran2021-gakuiki.pdf,25,https://kyoumu.office.uec.ac.jp/youran/youran2021-gakuiki.pdf#page=25
2021,Ⅱ類（融合系）,計測・制御システム,総 合 文 化 科 目 / 人文・社会科学科目 / 人文・社会科学科目,8,youran2021-gakuiki.pdf,25,https://kyoumu.office.uec.ac.jp/youran/youran2021-gakuiki.pdf#page=25
2021,Ⅱ類（融合系）,先端ロボティクス,総 合 文 化 科 目 / 人文・社会科学科目 / 人文・社会科学科目,8,youran2021-gakuiki.pdf,25,https://kyoumu.office.uec.ac.jp/youran/youran2021-gakuiki.pdf#page=25
2021,Ⅲ類（理工系）,機械システム,総 合 文 化 科 目 / 人文・社会科学科目 / 人文・社会科学科目,8,youran2021-gakuiki.pdf,25,https://kyoumu.office.uec.ac.jp/youran/youran2021-gakuiki.pdf#page=25
2021,Ⅲ類（理工系）,電子工学,総 合 文 化 科 目 / 人文・社会科学科目 / 人文・社会科学科目,8,youran2021-gakuiki.pdf,25,https://kyoumu.office.uec.ac.jp/youran/youran2021-gakuiki.pdf#page=25
2021,Ⅲ類（理工系）,光工学,総 合 文 化 科 目 / 人文・社会科学科目 / 人文・社会科学科目,8,youran2021-gakuiki.pdf,25,https://kyoumu.office.uec.ac.jp/youran/youran2021-gakuiki.pdf#page=25
2021,Ⅲ類（理工系）,物理工学,総 合 文 化 科 目 / 人文・社会科学科目 / 人文・社会科学科目,8,youran2021-gakuiki.pdf,25,https://kyoumu.office.uec.ac.jp/youran/youran2021-gakuiki.pdf#page=25
2021,Ⅲ類（理工系）,化学生命工学,総 合 文 化 科 目 / 人文・社会科学科目 / 人文・社会科学科目,8,youran2021-gakuiki.pdf,25,https://kyoumu.office.uec.ac.jp/youran/youran2021-gakuiki.pdf#page=25
2021,Ⅰ類（情報系）,コンピュータサイエンス,総 合 文 化 科 目 / 言 語 文 化 科 目 / 言語文化基礎科目Ⅰ,4,youran2021-gakuiki.pdf,25,https://kyoumu.office.uec.ac.jp/youran/youran2021-gakuiki.pdf#page=25
2021,Ⅱ類（融合系）,セキュリティ情報学,総 合 文 化 科 目 / 言 語 文 化 科 目 / 言語文化基礎科目Ⅰ,4,youran2021-gakuiki.pdf,25,https://kyoumu.office.uec.ac.jp/youran/youran2021-gakuiki.pdf#page=25
2021,Ⅱ類（融合系）,情報通信工学,総 合 文 化 科 目 / 言 語 文 化 科 目 / 言語文化基礎科目Ⅰ,4,youran2021-gakuiki.pdf,25,https://kyoumu.office.uec.ac.jp/youran/youran2021-gakuiki.pdf#page=25
2021,Ⅱ類（融合系）,電子情報学,総 合 文 化 科 目 / 言 語 文 化 科 目 / 言語文化基礎科目Ⅰ,4,youran2021-gakuiki.pdf,25,https://kyoumu.office.uec.ac.jp/youran/youran2021-gakuiki.pdf#page=25
2021,Ⅱ類（融合系）,計測・制御システム,総 合 文 化 科 目 / 言 語 文 化 科 目 / 言語文化基礎科目Ⅰ,4,youran2021-gakuiki.pdf,25,https://kyoumu.office.uec.ac.jp/youran/youran2021-gakuiki.pdf#page=25
2021,Ⅱ類（融合系）,先端ロボティクス,総 合 文 化 科 目 / 言 語 文 化 科 目 / 言語文化基礎科目Ⅰ,4,youran2021-gakuiki.pdf,25,https://kyoumu.office.uec.ac.jp/youran/youran2021-gakuiki.pdf#page=25
2021,Ⅲ類（理工系）,機械システム,総 合 文 化 科 目 / 言 語 文 化 科 目 / 言語文化基礎科目Ⅰ,4,youran2021-gakuiki.pdf,25,https://kyoumu.office.uec.ac.jp/youran/youran2021-gakuiki.pdf#page=25
2021,Ⅲ類（理工系）,電子工学,総 合 文 化 科 目 / 言 語 文 化 科 目 / 言語文化基礎科目Ⅰ,4,youran2021-gakuiki.pdf,25,https://kyoumu.office.uec.ac.jp/youran/youran2021-gakuiki.pdf#page=25
2021,Ⅲ類（理工系）,光工学,総 合 文 化 科 目 / 言 語 文 化 科 目 / 言語文化基礎科目Ⅰ,4,youran2021-gakuiki.pdf,25,https://kyoumu.office.uec.ac.jp/youran/youran2021-gakuiki.pdf#page=25
2021,Ⅲ類（理工系）,物理工学,総 合 文 化 科 目 / 言 語 文 化 科 目 / 言語文化基礎科目Ⅰ,4,youran2021-gakuiki.pdf,25,https://kyoumu.office.uec.ac.jp/youran/youran2021-gakuiki.pdf#page=25
2021,Ⅲ類（理工系）,化学生命工学,総 合 文 化 科 目 / 言 語 文 化 科 目 / 言語文化基礎科目Ⅰ,4,youran2021-gakuiki.pdf,25,https://kyoumu.office.uec.ac.jp/youran/youran2021-gakuiki.pdf#page=25
2021,Ⅰ類（情報系）,コンピュータサイエンス,総 合 文 化 科 目 / 言 語 文 化 科 目 / 言語文化応用科目Ⅰ,2,youran2021-gakuiki.pdf,25,https://kyoumu.office.uec.ac.jp/youran/youran2021-gakuiki.pdf#page=25
2021,Ⅱ類（融合系）,セキュリティ情報学,総 合 文 化 科 目 / 言 語 文 化 科 目 / 言語文化応用科目Ⅰ,2,youran2021-gakuiki.pdf,25,https://kyoumu.office.uec.ac.jp/youran/youran2021-gakuiki.pdf#page=25
2021,Ⅱ類（融合系）,情報通信工学,総 合 文 化 科 目 / 言 語 文 化 科 目 / 言語文化応用科目Ⅰ,2,youran2021-gakuiki.pdf,25,https://kyoumu.office.uec.ac.jp/youran/youran2021-gakuiki.pdf#page=25
2021,Ⅱ類（融合系）,電子情報学,総 合 文 化 科 目 / 言 語 文 化 科 目 / 言語文化応用科目Ⅰ,2,youran2021-gakuiki.pdf,25,https://kyoumu.office.uec.ac.jp/youran/youran2021-gakuiki.pdf#page=25
2021,Ⅱ類（融合系）,計測・制御システム,総 合 文 化 科 目 / 言 語 文 化 科 目 / 言語文化応用科目Ⅰ,2,youran2021-gakuiki.pdf,25,https://kyoumu.office.uec.ac.jp/youran/youran2021-gakuiki.pdf#page=25
2021,Ⅱ類（融合系）,先端ロボティクス,総 合 文 化 科 目 / 言 語 文 化 科 目 / 言語文化応用科目Ⅰ,2,youran2021-gakuiki.pdf,25,https://kyoumu.office.uec.ac.jp/youran/youran2021-gakuiki.pdf#page=25
2021,Ⅲ類（理工系）,機械システム,総 合 文 化 科 目 / 言 語 文 化 科 目 / 言語文化応用科目Ⅰ,2,youran2021-gakuiki.pdf,25,https://kyoumu.office.uec.ac.jp/youran/youran2021-gakuiki.pdf#page=25
2021,Ⅲ類（理工系）,電子工学,総 合 文 化 科 目 / 言 語 文 化 科 目 / 言語文化応用科目Ⅰ,2,youran2021-gakuiki.pdf,25,https://kyoumu.office.uec.ac.jp/youran/youran2021-gakuiki.pdf#page=25
2021,Ⅲ類（理工系）,光工学,総 合 文 化 科 目 / 言 語 文 化 科 目 / 言語文化応用科目Ⅰ,2,youran2021-gakuiki.pdf,25,https://kyoumu.office.uec.ac.jp/youran/youran2021-gakuiki.pdf#page=25
2021,Ⅲ類（理工系）,物理工学,総 合 文 化 科 目 / 言 語 文 化 科 目 / 言語文化応用科目Ⅰ,2,youran2021-gakuiki.pdf,25,https://kyoumu.office.uec.ac.jp/youran/youran2021-gakuiki.pdf#page=25
2021,Ⅲ類（理工系）,化学生命工学,総 合 文 化 科 目 / 言 語 文 化 科 目 / 言語文化応用科目Ⅰ,2,youran2021-gakuiki.pdf,25,https://kyoumu.office.uec.ac.jp/youran/youran2021-gakuiki.pdf#page=25
2021,Ⅰ類（情報系）,コンピュータサイエンス,総 合 文 化 科 目 / 言 語 文 化 科 目 / 言語文化基礎科目Ⅱ,2,youran2021-gakuiki.pdf,25,https://kyoumu.office.uec.ac.jp/youran/youran2021-gakuiki.pdf#page=25
2021,Ⅱ類（融合系）,セキュリティ情報学,総 合 文 化 科 目 / 言 語 文 化 科 目 / 言語文化基礎科目Ⅱ,2,youran2021-gakuiki.pdf,25,https://kyoumu.office.uec.ac.jp/youran/youran2021-gakuiki.pdf#page=25
2021,Ⅱ類（融合系）,情報通信工学,総 合 文 化 科 目 / 言 語 文 化 科 目 / 言語文化基礎科目Ⅱ,2,youran2021-gakuiki.pdf,25,https://kyoumu.office.uec.ac.jp/youran/youran2021-gakuiki.pdf#page=25
2021,Ⅱ類（融合系）,電子情報学,総 合 文 化 科 目 / 言 語 文 化 科 目 / 言語文化基礎科目Ⅱ,2,youran2021-gakuiki.pdf,25,https://kyoumu.office.uec.ac.jp/youran/youran2021-gakuiki.pdf#page=25
2021,Ⅱ類（融合系）,計測・制御システム,総 合 文 化 科 目 / 言 語 文 化 科 目 / 言語文化基礎科目Ⅱ,2,youran2021-gakuiki.pdf,25,https://kyoumu.office.uec.ac.jp/youran/youran2021-gakuiki.pdf#page=25
2021,Ⅱ類（融合系）,先端ロボティクス,総 合 文 化 科 目 / 言 語 文 化 科 目 / 言語文化基礎科目Ⅱ,2,youran2021-gakuiki.pdf,25,https://kyoumu.office.uec.ac.jp/youran/youran2021-gakuiki.pdf#page=25
2021,Ⅲ類（理工系）,機械システム,総 合 文 化 科 目 / 言 語 文 化 科 目 / 言語文化基礎科目Ⅱ,2,youran2021-gakuiki.pdf,25,https://kyoumu.office.uec.ac.jp/youran/youran2021-gakuiki.pdf#page=25
2021,Ⅲ類（理工系）,電子工学,総 合 文 化 科 目 / 言 語 文 化 科 目 / 言語文化基礎科目Ⅱ,2,youran2021-gakuiki.pdf,25,https://kyoumu.office.uec.ac.jp/youran/youran2021-gakuiki.pdf#page=25
2021,Ⅲ類（理工系）,光工学,総 合 文 化 科 目 / 言 語 文 化 科 目 / 言語文化基礎科目Ⅱ,2,youran2021-gakuiki.pdf,25,https://kyoumu.office.uec.ac.jp/youran/youran2021-gakuiki.pdf#page=25
2021,Ⅲ類（理工系）,物理工学,総 合 文 化 科 目 / 言 語 文 化 科 目 / 言語文化基礎科目Ⅱ,2,youran2021-gakuiki.pdf,25,https://kyoumu.office.uec.ac.jp/youran/youran2021-gakuiki.pdf#page=25
2021,Ⅲ類（理工系）,化学生命工学,総 合 文 化 科 目 / 言 語 文 化 科 目 / 言語文化基礎科目Ⅱ,2,youran2021-gakuiki.pdf,25,https://kyoumu.office.uec.ac.jp/youran/youran2021-gakuiki.pdf#page=25
2021,Ⅰ類（情報系）,コンピュータサイエンス,総 合 文 化 科 目 / 言 語 文 化 科 目 / 言語文化演習科目,2,youran2021-gakuiki.pdf,25,https://kyoumu.office.uec.ac.jp/youran/youran2021-gakuiki.pdf#page=25
2021,Ⅱ類（融合系）,セキュリティ情報学,総 合 文 化 科 目 / 言 語 文 化 科 目 / 言語文化演習科目,2,youran2021-gakuiki.pdf,25,https://kyoumu.office.uec.ac.jp/youran/youran2021-gakuiki.pdf#page=25
2021,Ⅱ類（融合系）,情報通信工学,総 合 文 化 科 目 / 言 語 文 化 科 目 / 言語文化演習科目,2,youran2021-gakuiki.pdf,25,https://kyoumu.office.uec.ac.jp/youran/youran2021-gakuiki.pdf#page=25
2021,Ⅱ類（融合系）,電子情報学,総 合 文 化 科 目 / 言 語 文 化 科 目 / 言語文化演習科目,2,youran2021-gakuiki.pdf,25,https://kyoumu.office.uec.ac.jp/youran/youran2021-gakuiki.pdf#page=25
2021,Ⅱ類（融合系）,計測・制御システム,総 合 文 化 科 目 / 言 語 文 化 科 目 / 言語文化演習科目,2,youran2021-gakuiki.pdf,25,https://kyoumu.office.uec.ac.jp/youran/youran2021-gakuiki.pdf#page=25
2021,Ⅱ類（融合系）,先端ロボティクス,総 合 文 化 科 目 / 言 語 文 化 科 目 / 言語文化演習科目,2,youran2021-gakuiki.pdf,25,https://kyoumu.office.uec.ac.jp/youran/youran2021-gakuiki.pdf#page=25
2021,Ⅲ類（理工系）,機械システム,総 合 文 化 科 目 / 言 語 文 化 科 目 / 言語文化演習科目,2,youran2021-gakuiki.pdf,25,https://kyoumu.office.uec.ac.jp/youran/youran2021-gakuiki.pdf#page=25
2021,Ⅲ類（理工系）,電子工学,総 合 文 化 科 目 / 言 語 文 化 科 目 / 言語文化演習科目,2,youran2021-gakuiki.pdf,25,https://kyoumu.office.uec.ac.jp/youran/youran2021-gakuiki.pdf#page=25
2021,Ⅲ類（理工系）,光工学,総 合 文 化 科 目 / 言 語 文 化 科 目 / 言語文化演習科目,2,youran2021-gakuiki.pdf,25,https://kyoumu.office.uec.ac.jp/youran/youran2021-gakuiki.pdf#page=25
2021,Ⅲ類（理工系）,物理工学,総 合 文 化 科 目 / 言 語 文 化 科 目 / 言語文化演習科目,2,youran2021-gakuiki.pdf,25,https://kyoumu.office.uec.ac.jp/youran/youran2021-gakuiki.pdf#page=25
2021,Ⅲ類（理工系）,化学生命工学,総 合 文 化 科 目 / 言 語 文 化 科 目 / 言語文化演習科目,2,youran2021-gakuiki.pdf,25,https://kyoumu.office.uec.ac.jp/youran/youran2021-gakuiki.pdf#page=25
2021,Ⅰ類（情報系）,コンピュータサイエンス,総 合 文 化 科 目 / 健康・スポーツ科学科目 / 健康・スポーツ科学科目,3,youran2021-gakuiki.pdf,25,https://kyoumu.office.uec.ac.jp/youran/youran2021-gakuiki.pdf#page=25
2021,Ⅱ類（融合系）,セキュリティ情報学,総 合 文 化 科 目 / 健康・スポーツ科学科目 / 健康・スポーツ科学科目,3,youran2021-gakuiki.pdf,25,https://kyoumu.office.uec.ac.jp/youran/youran2021-gakuiki.pdf#page=25
2021,Ⅱ類（融合系）,情報通信工学,総 合 文 化 科 目 / 健康・スポーツ科学科目 / 健康・スポーツ科学科目,3,youran2021-gakuiki.pdf,25,https://kyoumu.office.uec.ac.jp/youran/youran2021-gakuiki.pdf#page=25
2021,Ⅱ類（融合系）,電子情報学,総 合 文 化 科 目 / 健康・スポーツ科学科目 / 健康・スポーツ科学科目,3,youran2021-gakuiki.pdf,25,https://kyoumu.office.uec.ac.jp/youran/youran2021-gakuiki.pdf#page=25
2021,Ⅱ類（融合系）,計測・制御システム,総 合 文 化 科 目 / 健康・スポーツ科学科目 / 健康・スポーツ科学科目,3,youran2021-gakuiki.pdf,25,https://kyoumu.office.uec.ac.jp/youran/youran2021-gakuiki.pdf#page=25
2021,Ⅱ類（融合系）,先端ロボティクス,総 合 文 化 科 目 / 健康・スポーツ科学科目 / 健康・スポーツ科学科目,3,youran2021-gakuiki.pdf,25,https://kyoumu.office.uec.ac.jp/youran/youran2021-gakuiki.pdf#page=25
2021,Ⅲ類（理工系）,機械システム,総 合 文 化 科 目 / 健康・スポーツ科学科目 / 健康・スポーツ科学科目,3,youran2021-gakuiki.pdf,25,https://kyoumu.office.uec.ac.jp/youran/youran2021-gakuiki.pdf#page=25
2021,Ⅲ類（理工系）,電子工学,総 合 文 化 科 目 / 健康・スポーツ科学科目 / 健康・スポーツ科学科目,3,youran2021-gakuiki.pdf,25,https://kyoumu.office.uec.ac.jp/youran/youran2021-gakuiki.pdf#page=25
2021,Ⅲ類（理工系）,光工学,総 合 文 化 科 目 / 健康・スポーツ科学科目 / 健康・スポーツ科学科目,3,youran2021-gakuiki.pdf,25,https://kyoumu.office.uec.ac.jp/youran/youran2021-gakuiki.pdf#page=25
2021,Ⅲ類（理工系）,物理工学,総 合 文 化 科 目 / 健康・スポーツ科学科目 / 健康・スポーツ科学科目,3,youran2021-gakuiki.pdf,25,https://kyoumu.office.uec.ac.jp/youran/youran2021-gakuiki.pdf#page=25
2021,Ⅲ類（理工系）,化学生命工学,総 合 文 化 科 目 / 健康・スポーツ科学科目 / 健康・スポーツ科学科目,3,youran2021-gakuiki.pdf,25,https://kyoumu.office.uec.ac.jp/youran/youran2021-gakuiki.pdf#page=25
2021,Ⅰ類（情報系）,コンピュータサイエンス,総 合 文 化 科 目 / 理工系教養科目 / 理工系教養科目,2,youran2021-gakuiki.pdf,25,https://kyoumu.office.uec.ac.jp/youran/youran2021-gakuiki.pdf#page=25
2021,Ⅱ類（融合系）,セキュリティ情報学,総 合 文 化 科 目 / 理工系教養科目 / 理工系教養科目,2,youran2021-gakuiki.pdf,25,https://kyoumu.office.uec.ac.jp/youran/youran2021-gakuiki.pdf#page=25
2021,Ⅱ類（融合系）,情報通信工学,総 合 文 化 科 目 / 理工系教養科目 / 理工系教養科目,2,youran2021-gakuiki.pdf,25,https://kyoumu.office.uec.ac.jp/youran/youran2021-gakuiki.pdf#page=25
2021,Ⅱ類（融合系）,電子情報学,総 合 文 化 科 目 / 理工系教養科目 / 理工系教養科目,2,youran2021-gakuiki.pdf,25,https://kyoumu.office.uec.ac.jp/youran/youran2021-gakuiki.pdf#page=25
2021,Ⅱ類（融合系）,計測・制御システム,総 合 文 化 科 目 / 理工系教養科目 / 理工系教養科目,2,youran2021-gakuiki.pdf,25,https://kyoumu.office.uec.ac.jp/youran/youran2021-gakuiki.pdf#page=25
2021,Ⅱ類（融合系）,先端ロボティクス,総 合 文 化 科 目 / 理工系教養科目 / 理工系教養科目,2,youran2021-gakuiki.pdf,25,https://kyoumu.office.uec.ac.jp/youran/youran2021-gakuiki.pdf#page=25
2021,Ⅲ類（理工系）,機械システム,総 合 文 化 科 目 / 理工系教養科目 / 理工系教養科目,2,youran2021-gakuiki.pdf,25,https://kyoumu.office.uec.ac.jp/youran/youran2021-gakuiki.pdf#page=25
2021,Ⅲ類（理工系）,電子工学,総 合 文 化 科 目 / 理工系教養科目 / 理工系教養科目,2,youran2021-gakuiki.pdf,25,https://kyoumu.office.uec.ac.jp/youran/youran2021-gakuiki.pdf#page=25
2021,Ⅲ類（理工系）,光工学,総 合 文 化 科 目 / 理工系教養科目 / 理工系教養科目,2,youran2021-gakuiki.pdf,25,https://kyoumu.office.uec.ac.jp/youran/youran2021-gakuiki.pdf#page=25
2021,Ⅲ類（理工系）,物理工学,総 合 文 化 科 目 / 理工系教養科目 / 理工系教養科目,2,youran2021-gakuiki.pdf,25,https://kyoumu.office.uec.ac.jp/youran/youran2021-gakuiki.pdf#page=25
2021,Ⅲ類（理工系）,化学生命工学,総 合 文 化 科 目 / 理工系教養科目 / 理工系教養科目,2,youran2021-gakuiki.pdf,25,https://kyoumu.office.uec.ac.jp/youran/youran2021-gakuiki.pdf#page=25
2021,Ⅰ類（情報系）,コンピュータサイエンス,総 合 文 化 科 目 / 上級科目 / 上級科目,4,youran2021-gakuiki.pdf,25,https://kyoumu.office.uec.ac.jp/youran/youran2021-gakuiki.pdf#page=25
2021,Ⅱ類（融合系）,セキュリティ情報学,総 合 文 化 科 目 / 上級科目 / 上級科目,4,youran2021-gakuiki.pdf,25,https://kyoumu.office.uec.ac.jp/youran/youran2021-gakuiki.pdf#page=25
2021,Ⅱ類（融合系）,情報通信工学,総 合 文 化 科 目 / 上級科目 / 上級科目,4,youran2021-gakuiki.pdf,25,https://kyoumu.office.uec.ac.jp/youran/youran2021-gakuiki.pdf#page=25
2021,Ⅱ類（融合系）,電子情報学,総 合 文 化 科 目 / 上級科目 / 上級科目,4,youran2021-gakuiki.pdf,25,https://kyoumu.office.uec.ac.jp/youran/youran2021-gakuiki.pdf#page=25
2021,Ⅱ類（融合系）,計測・制御システム,総 合 文 化 科 目 / 上級科目 / 上級科目,4,youran2021-gakuiki.pdf,25,https://kyoumu.office.uec.ac.jp/youran/youran2021-gakuiki.pdf#page=25
2021,Ⅱ類（融合系）,先端ロボティクス,総 合 文 化 科 目 / 上級科目 / 上級科目,4,youran2021-gakuiki.pdf,25,https://kyoumu.office.uec.ac.jp/youran/youran2021-gakuiki.pdf#page=25
2021,Ⅲ類（理工系）,機械システム,総 合 文 化 科 目 / 上級科目 / 上級科目,4,youran2021-gakuiki.pdf,25,https://kyoumu.office.uec.ac.jp/youran/youran2021-gakuiki.pdf#page=25
2021,Ⅲ類（理工系）,電子工学,総 合 文 化 科 目 / 上級科目 / 上級科目,4,youran2021-gakuiki.pdf,25,https://kyoumu.office.uec.ac.jp/youran/youran2021-gakuiki.pdf#page=25
2021,Ⅲ類（理工系）,光工学,総 合 文 化 科 目 / 上級科目 / 上級科目,4,youran2021-gakuiki.pdf,25,https://kyoumu.office.uec.ac.jp/youran/youran2021-gakuiki.pdf#page=25
2021,Ⅲ類（理工系）,物理工学,総 合 文 化 科 目 / 上級科目 / 上級科目,4,youran2021-gakuiki.pdf,25,https://kyoumu.office.uec.ac.jp/youran/youran2021-gakuiki.pdf#page=25
2021,Ⅲ類（理工系）,化学生命工学,総 合 文 化 科 目 / 上級科目 / 上級科目,4,youran2021-gakuiki.pdf,25,https://kyoumu.office.uec.ac.jp/youran/youran2021-gakuiki.pdf#page=25
2021,Ⅰ類（情報系）,コンピュータサイエンス,総 合 文 化 科 目 / 小 計 / 小 計,27,youran2021-gakuiki.pdf,25,https://kyoumu.office.uec.ac.jp/youran/youran2021-gakuiki.pdf#page=25
2021,Ⅱ類（融合系）,セキュリティ情報学,総 合 文 化 科 目 / 小 計 / 小 計,27,youran2021-gakuiki.pdf,25,https://kyoumu.office.uec.ac.jp/youran/youran2021-gakuiki.pdf#page=25
2021,Ⅱ類（融合系）,情報通信工学,総 合 文 化 科 目 / 小 計 / 小 計,27,youran2021-gakuiki.pdf,25,https://kyoumu.office.uec.ac.jp/youran/youran2021-gakuiki.pdf#page=25
2021,Ⅱ類（融合系）,電子情報学,総 合 文 化 科 目 / 小 計 / 小 計,27,youran2021-gakuiki.pdf,25,https://kyoumu.office.uec.ac.jp/youran/youran2021-gakuiki.pdf#page=25
2021,Ⅱ類（融合系）,計測・制御システム,総 合 文 化 科 目 / 小 計 / 小 計,27,youran2021-gakuiki.pdf,25,https://kyoumu.office.uec.ac.jp/youran/youran2021-gakuiki.pdf#page=25
2021,Ⅱ類（融合系）,先端ロボティクス,総 合 文 化 科 目 / 小 計 / 小 計,27,youran2021-gakuiki.pdf,25,https://kyoumu.office.uec.ac.jp/youran/youran2021-gakuiki.pdf#page=25
2021,Ⅲ類（理工系）,機械システム,総 合 文 化 科 目 / 小 計 / 小 計,27,youran2021-gakuiki.pdf,25,https://kyoumu.office.uec.ac.jp/youran/youran2021-gakuiki.pdf#page=25
2021,Ⅲ類（理工系）,電子工学,総 合 文 化 科 目 / 小 計 / 小 計,27,youran2021-gakuiki.pdf,25,https://kyoumu.office.uec.ac.jp/youran/youran2021-gakuiki.pdf#page=25
2021,Ⅲ類（理工系）,光工学,総 合 文 化 科 目 / 小 計 / 小 計,27,youran2021-gakuiki.pdf,25,https://kyoumu.office.uec.ac.jp/youran/youran2021-gakuiki.pdf#page=25
2021,Ⅲ類（理工系）,物理工学,総 合 文 化 科 目 / 小 計 / 小 計,27,youran2021-gakuiki.pdf,25,https://kyoumu.office.uec.ac.jp/youran/youran2021-gakuiki.pdf#page=25
2021,Ⅲ類（理工系）,化学生命工学,総 合 文 化 科 目 / 小 計 / 小 計,27,youran2021-gakuiki.pdf,25,https://kyoumu.office.uec.ac.jp/youran/youran2021-gakuiki.pdf#page=25
2021,Ⅰ類（情報系）,コンピュータサイエンス,実 践 教 育 科 目 / 初年次導入科目 / 初年次導入科目,8,youran2021-gakuiki.pdf,25,https://kyoumu.office.uec.ac.jp/youran/youran2021-gakuiki.pdf#page=25
2021,Ⅱ類（融合系）,セキュリティ情報学,実 践 教 育 科 目 / 初年次導入科目 / 初年次導入科目,8,youran2021-gakuiki.pdf,25,https://kyoumu.office.uec.ac.jp/youran/youran2021-gakuiki.pdf#page=25
2021,Ⅱ類（融合系）,情報通信工学,実 践 教 育 科 目 / 初年次導入科目 / 初年次導入科目,8,youran2021-gakuiki.pdf,25,https://kyoumu.office.uec.ac.jp/youran/youran2021-gakuiki.pdf#page=25
2021,Ⅱ類（融合系）,電子情報学,実 践 教 育 科 目 / 初年次導入科目 / 初年次導入科目,8,youran2021-gakuiki.pdf,25,https://kyoumu.office.uec.ac.jp/youran/youran2021-gakuiki.pdf#page=25
2021,Ⅱ類（融合系）,計測・制御システム,実 践 教 育 科 目 / 初年次導入科目 / 初年次導入科目,8,youran2021-gakuiki.pdf,25,https://kyoumu.office.uec.ac.jp/youran/youran2021-gakuiki.pdf#page=25
2021,Ⅱ類（融合系）,先端ロボティクス,実 践 教 育 科 目 / 初年次導入科目 / 初年次導入科目,8,youran2021-gakuiki.pdf,25,https://kyoumu.office.uec.ac.jp/youran/youran2021-gakuiki.pdf#page=25
2021,Ⅲ類（理工系）,機械システム,実 践 教 育 科 目 / 初年次導入科目 / 初年次導入科目,8,youran2021-gakuiki.pdf,25,https://kyoumu.office.uec.ac.jp/youran/youran2021-gakuiki.pdf#page=25
2021,Ⅲ類（理工系）,電子工学,実 践 教 育 科 目 / 初年次導入科目 / 初年次導入科目,8,youran2021-gakuiki.pdf,25,https://kyoumu.office.uec.ac.jp/youran/youran2021-gakuiki.pdf#page=25
2021,Ⅲ類（理工系）,光工学,実 践 教 育 科 目 / 初年次導入科目 / 初年次導入科目,8,youran2021-gakuiki.pdf,25,https://kyoumu.office.uec.ac.jp/youran/youran2021-gakuiki.pdf#page=25
2021,Ⅲ類（理工系）,物理工学,実 践 教 育 科 目 / 初年次導入科目 / 初年次導入科目,8,youran2021-gakuiki.pdf,25,https://kyoumu.office.uec.ac.jp/youran/youran2021-gakuiki.pdf#page=25
2021,Ⅲ類（理工系）,化学生命工学,実 践 教 育 科 目 / 初年次導入科目 / 初年次導入科目,8,youran2021-gakuiki.pdf,25,https://kyoumu.office.uec.ac.jp/youran/youran2021-gakuiki.pdf#page=25
2021,Ⅰ類（情報系）,コンピュータサイエンス,実 践 教 育 科 目 / 倫理・キャリア教育科目 / 倫理・キャリア教育科目,4,youran2021-gakuiki.pdf,25,https://kyoumu.office.uec.ac.jp/youran/youran2021-gakuiki.pdf#page=25
2021,Ⅱ類（融合系）,セキュリティ情報学,実 践 教 育 科 目 / 倫理・キャリア教育科目 / 倫理・キャリア教育科目,4,youran2021-gakuiki.pdf,25,https://kyoumu.office.uec.ac.jp/youran/youran2021-gakuiki.pdf#page=25
2021,Ⅱ類（融合系）,情報通信工学,実 践 教 育 科 目 / 倫理・キャリア教育科目 / 倫理・キャリア教育科目,4,youran2021-gakuiki.pdf,25,https://kyoumu.office.uec.ac.jp/youran/youran2021-gakuiki.pdf#page=25
2021,Ⅱ類（融合系）,電子情報学,実 践 教 育 科 目 / 倫理・キャリア教育科目 / 倫理・キャリア教育科目,4,youran2021-gakuiki.pdf,25,https://kyoumu.office.uec.ac.jp/youran/youran2021-gakuiki.pdf#page=25
2021,Ⅱ類（融合系）,計測・制御システム,実 践 教 育 科 目 / 倫理・キャリア教育科目 / 倫理・キャリア教育科目,4,youran2021-gakuiki.pdf,25,https://kyoumu.office.uec.ac.jp/youran/youran2021-gakuiki.pdf#page=25
2021,Ⅱ類（融合系）,先端ロボティクス,実 践 教 育 科 目 / 倫理・キャリア教育科目 / 倫理・キャリア教育科目,4,youran2021-gakuiki.pdf,25,https://kyoumu.office.uec.ac.jp/youran/youran2021-gakuiki.pdf#page=25
2021,Ⅲ類（理工系）,機械システム,実 践 教 育 科 目 / 倫理・キャリア教育科目 / 倫理・キャリア教育科目,4,youran2021-gakuiki.pdf,25,https://kyoumu.office.uec.ac.jp/youran/youran2021-gakuiki.pdf#page=25
2021,Ⅲ類（理工系）,電子工学,実 践 教 育 科 目 / 倫理・キャリア教育科目 / 倫理・キャリア教育科目,4,youran2021-gakuiki.pdf,25,https://kyoumu.office.uec.ac.jp/youran/youran2021-gakuiki.pdf#page=25
2021,Ⅲ類（理工系）,光工学,実 践 教 育 科 目 / 倫理・キャリア教育科目 / 倫理・キャリア教育科目,4,youran2021-gakuiki.pdf,25,https://kyoumu.office.uec.ac.jp/youran/youran2021-gakuiki.pdf#page=25
2021,Ⅲ類（理工系）,物理工学,実 践 教 育 科 目 / 倫理・キャリア教育科目 / 倫理・キャリア教育科目,4,youran2021-gakuiki.pdf,25,https://kyoumu.office.uec.ac.jp/youran/youran2021-gakuiki.pdf#page=25
2021,Ⅲ類（理工系）,化学生命工学,実 践 教 育 科 目 / 倫理・キャリア教育科目 / 倫理・キャリア教育科目,4,youran2021-gakuiki.pdf,25,https://kyoumu.office.uec.ac.jp/youran/youran2021-gakuiki.pdf#page=25
2021,Ⅰ類（情報系）,コンピュータサイエンス,実 践 教 育 科 目 / 技術英語科目 / 技術英語科目,4,youran2021-gakuiki.pdf,25,https://kyoumu.office.uec.ac.jp/youran/youran2021-gakuiki.pdf#page=25
2021,Ⅱ類（融合系）,セキュリティ情報学,実 践 教 育 科 目 / 技術英語科目 / 技術英語科目,4,youran2021-gakuiki.pdf,25,https://kyoumu.office.uec.ac.jp/youran/youran2021-gakuiki.pdf#page=25
2021,Ⅱ類（融合系）,情報通信工学,実 践 教 育 科 目 / 技術英語科目 / 技術英語科目,4,youran2021-gakuiki.pdf,25,https://kyoumu.office.uec.ac.jp/youran/youran2021-gakuiki.pdf#page=25
2021,Ⅱ類（融合系）,電子情報学,実 践 教 育 科 目 / 技術英語科目 / 技術英語科目,4,youran2021-gakuiki.pdf,25,https://kyoumu.office.uec.ac.jp/youran/youran2021-gakuiki.pdf#page=25
2021,Ⅱ類（融合系）,計測・制御システム,実 践 教 育 科 目 / 技術英語科目 / 技術英語科目,4,youran2021-gakuiki.pdf,25,https://kyoumu.office.uec.ac.jp/youran/youran2021-gakuiki.pdf#page=25
2021,Ⅱ類（融合系）,先端ロボティクス,実 践 教 育 科 目 / 技術英語科目 / 技術英語科目,4,youran2021-gakuiki.pdf,25,https://kyoumu.office.uec.ac.jp/youran/youran2021-gakuiki.pdf#page=25
2021,Ⅲ類（理工系）,機械システム,実 践 教 育 科 目 / 技術英語科目 / 技術英語科目,4,youran2021-gakuiki.pdf,25,https://kyoumu.office.uec.ac.jp/youran/youran2021-gakuiki.pdf#page=25
2021,Ⅲ類（理工系）,電子工学,実 践 教 育 科 目 / 技術英語科目 / 技術英語科目,4,youran2021-gakuiki.pdf,25,https://kyoumu.office.uec.ac.jp/youran/youran2021-gakuiki.pdf#page=25
2021,Ⅲ類（理工系）,光工学,実 践 教 育 科 目 / 技術英語科目 / 技術英語科目,4,youran2021-gakuiki.pdf,25,https://kyoumu.office.uec.ac.jp/youran/youran2021-gakuiki.pdf#page=25
2021,Ⅲ類（理工系）,物理工学,実 践 教 育 科 目 / 技術英語科目 / 技術英語科目,4,youran2021-gakuiki.pdf,25,https://kyoumu.office.uec.ac.jp/youran/youran2021-gakuiki.pdf#page=25
2021,Ⅲ類（理工系）,化学生命工学,実 践 教 育 科 目 / 技術英語科目 / 技術英語科目,4,youran2021-gakuiki.pdf,25,https://kyoumu.office.uec.ac.jp/youran/youran2021-gakuiki.pdf#page=25
2021,Ⅰ類（情報系）,コンピュータサイエンス,実 践 教 育 科 目 / 小 計 / 小 計,16,youran2021-gakuiki.pdf,25,https://kyoumu.office.uec.ac.jp/youran/youran2021-gakuiki.pdf#page=25
2021,Ⅱ類（融合系）,セキュリティ情報学,実 践 教 育 科 目 / 小 計 / 小 計,16,youran2021-gakuiki.pdf,25,https://kyoumu.office.uec.ac.jp/youran/youran2021-gakuiki.pdf#page=25
2021,Ⅱ類（融合系）,情報通信工学,実 践 教 育 科 目 / 小 計 / 小 計,16,youran2021-gakuiki.pdf,25,https://kyoumu.office.uec.ac.jp/youran/youran2021-gakuiki.pdf#page=25
2021,Ⅱ類（融合系）,電子情報学,実 践 教 育 科 目 / 小 計 / 小 計,16,youran2021-gakuiki.pdf,25,https://kyoumu.office.uec.ac.jp/youran/youran2021-gakuiki.pdf#page=25
2021,Ⅱ類（融合系）,計測・制御システム,実 践 教 育 科 目 / 小 計 / 小 計,16,youran2021-gakuiki.pdf,25,https://kyoumu.office.uec.ac.jp/youran/youran2021-gakuiki.pdf#page=25
2021,Ⅱ類（融合系）,先端ロボティクス,実 践 教 育 科 目 / 小 計 / 小 計,16,youran2021-gakuiki.pdf,25,https://kyoumu.office.uec.ac.jp/youran/youran2021-gakuiki.pdf#page=25
2021,Ⅲ類（理工系）,機械システム,実 践 教 育 科 目 / 小 計 / 小 計,16,youran2021-gakuiki.pdf,25,https://kyoumu.office.uec.ac.jp/youran/youran2021-gakuiki.pdf#page=25
2021,Ⅲ類（理工系）,電子工学,実 践 教 育 科 目 / 小 計 / 小 計,16,youran2021-gakuiki.pdf,25,https://kyoumu.office.uec.ac.jp/youran/youran2021-gakuiki.pdf#page=25
2021,Ⅲ類（理工系）,光工学,実 践 教 育 科 目 / 小 計 / 小 計,16,youran2021-gakuiki.pdf,25,https://kyoumu.office.uec.ac.jp/youran/youran2021-gakuiki.pdf#page=25
2021,Ⅲ類（理工系）,物理工学,実 践 教 育 科 目 / 小 計 / 小 計,16,youran2021-gakuiki.pdf,25,https://kyoumu.office.uec.ac.jp/youran/youran2021-gakuiki.pdf#page=25
2021,Ⅲ類（理工系）,化学生命工学,実 践 教 育 科 目 / 小 計 / 小 計,16,youran2021-gakuiki.pdf,25,https://kyoumu.office.uec.ac.jp/youran/youran2021-gakuiki.pdf#page=25
2021,Ⅰ類（情報系）,コンピュータサイエンス,専 門 科 目 / 理数基礎科目 / 理数基礎科目,20,youran2021-gakuiki.pdf,25,https://kyoumu.office.uec.ac.jp/youran/youran2021-gakuiki.pdf#page=25
2021,Ⅱ類（融合系）,セキュリティ情報学,専 門 科 目 / 理数基礎科目 / 理数基礎科目,20,youran2021-gakuiki.pdf,25,https://kyoumu.office.uec.ac.jp/youran/youran2021-gakuiki.pdf#page=25
2021,Ⅱ類（融合系）,情報通信工学,専 門 科 目 / 理数基礎科目 / 理数基礎科目,20,youran2021-gakuiki.pdf,25,https://kyoumu.office.uec.ac.jp/youran/youran2021-gakuiki.pdf#page=25
2021,Ⅱ類（融合系）,電子情報学,専 門 科 目 / 理数基礎科目 / 理数基礎科目,20,youran2021-gakuiki.pdf,25,https://kyoumu.office.uec.ac.jp/youran/youran2021-gakuiki.pdf#page=25
2021,Ⅱ類（融合系）,計測・制御システム,専 門 科 目 / 理数基礎科目 / 理数基礎科目,20,youran2021-gakuiki.pdf,25,https://kyoumu.office.uec.ac.jp/youran/youran2021-gakuiki.pdf#page=25
2021,Ⅱ類（融合系）,先端ロボティクス,専 門 科 目 / 理数基礎科目 / 理数基礎科目,20,youran2021-gakuiki.pdf,25,https://kyoumu.office.uec.ac.jp/youran/youran2021-gakuiki.pdf#page=25
2021,Ⅲ類（理工系）,機械システム,専 門 科 目 / 理数基礎科目 / 理数基礎科目,20,youran2021-gakuiki.pdf,25,https://kyoumu.office.uec.ac.jp/youran/youran2021-gakuiki.pdf#page=25
2021,Ⅲ類（理工系）,電子工学,専 門 科 目 / 理数基礎科目 / 理数基礎科目,20,youran2021-gakuiki.pdf,25,https://kyoumu.office.uec.ac.jp/youran/youran2021-gakuiki.pdf#page=25
2021,Ⅲ類（理工系）,光工学,専 門 科 目 / 理数基礎科目 / 理数基礎科目,20,youran2021-gakuiki.pdf,25,https://kyoumu.office.uec.ac.jp/youran/youran2021-gakuiki.pdf#page=25
2021,Ⅲ類（理工系）,物理工学,専 門 科 目 / 理数基礎科目 / 理数基礎科目,20,youran2021-gakuiki.pdf,25,https://kyoumu.office.uec.ac.jp/youran/youran2021-gakuiki.pdf#page=25
2021,Ⅲ類（理工系）,化学生命工学,専 門 科 目 / 理数基礎科目 / 理数基礎科目,20,youran2021-gakuiki.pdf,25,https://kyoumu.office.uec.ac.jp/youran/youran2021-gakuiki.pdf#page=25
2021,Ⅰ類（情報系）,コンピュータサイエンス,専 門 科 目 / 基 類 礎 共 科 通 目 / 必修,15,youran2021-gakuiki.pdf,25,https://kyoumu.office.uec.ac.jp/youran/youran2021-gakuiki.pdf#page=25
2021,Ⅱ類（融合系）,セキュリティ情報学,専 門 科 目 / 基 類 礎 共 科 通 目 / 必修,17,youran2021-gakuiki.pdf,25,https://kyoumu.office.uec.ac.jp/youran/youran2021-gakuiki.pdf#page=25
2021,Ⅱ類（融合系）,情報通信工学,専 門 科 目 / 基 類 礎 共 科 通 目 / 必修,20,youran2021-gakuiki.pdf,25,https://kyoumu.office.uec.ac.jp/youran/youran2021-gakuiki.pdf#page=25
2021,Ⅱ類（融合系）,電子情報学,専 門 科 目 / 基 類 礎 共 科 通 目 / 必修,20,youran2021-gakuiki.pdf,25,https://kyoumu.office.uec.ac.jp/youran/youran2021-gakuiki.pdf#page=25
2021,Ⅱ類（融合系）,計測・制御システム,専 門 科 目 / 基 類 礎 共 科 通 目 / 必修,11,youran2021-gakuiki.pdf,25,https://kyoumu.office.uec.ac.jp/youran/youran2021-gakuiki.pdf#page=25
2021,Ⅱ類（融合系）,先端ロボティクス,専 門 科 目 / 基 類 礎 共 科 通 目 / 必修,11,youran2021-gakuiki.pdf,25,https://kyoumu.office.uec.ac.jp/youran/youran2021-gakuiki.pdf#page=25
2021,Ⅲ類（理工系）,機械システム,専 門 科 目 / 基 類 礎 共 科 通 目 / 必修,13,youran2021-gakuiki.pdf,25,https://kyoumu.office.uec.ac.jp/youran/youran2021-gakuiki.pdf#page=25
2021,Ⅲ類（理工系）,電子工学,専 門 科 目 / 基 類 礎 共 科 通 目 / 必修,18,youran2021-gakuiki.pdf,25,https://kyoumu.office.uec.ac.jp/youran/youran2021-gakuiki.pdf#page=25
2021,Ⅲ類（理工系）,光工学,専 門 科 目 / 基 類 礎 共 科 通 目 / 必修,18,youran2021-gakuiki.pdf,25,https://kyoumu.office.uec.ac.jp/youran/youran2021-gakuiki.pdf#page=25
2021,Ⅲ類（理工系）,物理工学,専 門 科 目 / 基 類 礎 共 科 通 目 / 必修,20,youran2021-gakuiki.pdf,25,https://kyoumu.office.uec.ac.jp/youran/youran2021-gakuiki.pdf#page=25
2021,Ⅲ類（理工系）,化学生命工学,専 門 科 目 / 基 類 礎 共 科 通 目 / 必修,15,youran2021-gakuiki.pdf,25,https://kyoumu.office.uec.ac.jp/youran/youran2021-gakuiki.pdf#page=25
2021,Ⅱ類（融合系）,情報通信工学,専 門 科 目 / 基 類 礎 共 科 通 目 / 選択必修,4,youran2021-gakuiki.pdf,25,https://kyoumu.office.uec.ac.jp/youran/youran2021-gakuiki.pdf#page=25
2021,Ⅱ類（融合系）,電子情報学,専 門 科 目 / 基 類 礎 共 科 通 目 / 選択必修,4,youran2021-gakuiki.pdf,25,https://kyoumu.office.uec.ac.jp/youran/youran2021-gakuiki.pdf#page=25
2021,Ⅱ類（融合系）,計測・制御システム,専 門 科 目 / 基 類 礎 共 科 通 目 / 選択必修,4,youran2021-gakuiki.pdf,25,https://kyoumu.office.uec.ac.jp/youran/youran2021-gakuiki.pdf#page=25
2021,Ⅱ類（融合系）,先端ロボティクス,専 門 科 目 / 基 類 礎 共 科 通 目 / 選択必修,4,youran2021-gakuiki.pdf,25,https://kyoumu.office.uec.ac.jp/youran/youran2021-gakuiki.pdf#page=25
2021,Ⅲ類（理工系）,機械システム,専 門 科 目 / 基 類 礎 共 科 通 目 / 選択必修,9,youran2021-gakuiki.pdf,25,https://kyoumu.office.uec.ac.jp/youran/youran2021-gakuiki.pdf#page=25
2021,Ⅲ類（理工系）,電子工学,専 門 科 目 / 基 類 礎 共 科 通 目 / 選択必修,2,youran2021-gakuiki.pdf,25,https://kyoumu.office.uec.ac.jp/youran/youran2021-gakuiki.pdf#page=25
2021,Ⅲ類（理工系）,光工学,専 門 科 目 / 基 類 礎 共 科 通 目 / 選択必修,2,youran2021-gakuiki.pdf,25,https://kyoumu.office.uec.ac.jp/youran/youran2021-gakuiki.pdf#page=25
2021,Ⅲ類（理工系）,物理工学,専 門 科 目 / 基 類 礎 共 科 通 目 / 選択必修,4,youran2021-gakuiki.pdf,25,https://kyoumu.office.uec.ac.jp/youran/youran2021-gakuiki.pdf#page=25
2021,Ⅲ類（理工系）,化学生命工学,専 門 科 目 / 基 類 礎 共 科 通 目 / 選択必修,6,youran2021-gakuiki.pdf,25,https://kyoumu.office.uec.ac.jp/youran/youran2021-gakuiki.pdf#page=25
2021,Ⅰ類（情報系）,コンピュータサイエンス,専 門 科 目 / 基 類 礎 共 科 通 目 / 選択,8,youran2021-gakuiki.pdf,25,https://kyoumu.office.uec.ac.jp/youran/youran2021-gakuiki.pdf#page=25
2021,Ⅱ類（融合系）,セキュリティ情報学,専 門 科 目 / 基 類 礎 共 科 通 目 / 選択,2,youran2021-gakuiki.pdf,25,https://kyoumu.office.uec.ac.jp/youran/youran2021-gakuiki.pdf#page=25
2021,Ⅲ類（理工系）,物理工学,専 門 科 目 / 基 類 礎 共 科 通 目 / 選択,2,youran2021-gakuiki.pdf,25,https://kyoumu.office.uec.ac.jp/youran/youran2021-gakuiki.pdf#page=25
2021,Ⅲ類（理工系）,化学生命工学,専 門 科 目 / 基 類 礎 共 科 通 目 / 選択,2,youran2021-gakuiki.pdf,25,https://kyoumu.office.uec.ac.jp/youran/youran2021-gakuiki.pdf#page=25
2021,Ⅰ類（情報系）,コンピュータサイエンス,専 門 科 目 / 類 専 門 科 目 / 必修,20,youran2021-gakuiki.pdf,25,https://kyoumu.office.uec.ac.jp/youran/youran2021-gakuiki.pdf#page=25
2021,Ⅱ類（融合系）,セキュリティ情報学,専 門 科 目 / 類 専 門 科 目 / 必修,12,youran2021-gakuiki.pdf,25,https://kyoumu.office.uec.ac.jp/youran/youran2021-gakuiki.pdf#page=25
2021,Ⅱ類（融合系）,情報通信工学,専 門 科 目 / 類 専 門 科 目 / 必修,22,youran2021-gakuiki.pdf,25,https://kyoumu.office.uec.ac.jp/youran/youran2021-gakuiki.pdf#page=25
2021,Ⅱ類（融合系）,電子情報学,専 門 科 目 / 類 専 門 科 目 / 必修,22,youran2021-gakuiki.pdf,25,https://kyoumu.office.uec.ac.jp/youran/youran2021-gakuiki.pdf#page=25
2021,Ⅱ類（融合系）,計測・制御システム,専 門 科 目 / 類 専 門 科 目 / 必修,31,youran2021-gakuiki.pdf,25,https://kyoumu.office.uec.ac.jp/youran/youran2021-gakuiki.pdf#page=25
2021,Ⅱ類（融合系）,先端ロボティクス,専 門 科 目 / 類 専 門 科 目 / 必修,30,youran2021-gakuiki.pdf,25,https://kyoumu.office.uec.ac.jp/youran/youran2021-gakuiki.pdf#page=25
2021,Ⅲ類（理工系）,機械システム,専 門 科 目 / 類 専 門 科 目 / 必修,31,youran2021-gakuiki.pdf,25,https://kyoumu.office.uec.ac.jp/youran/youran2021-gakuiki.pdf#page=25
2021,Ⅲ類（理工系）,電子工学,専 門 科 目 / 類 専 門 科 目 / 必修,31,youran2021-gakuiki.pdf,25,https://kyoumu.office.uec.ac.jp/youran/youran2021-gakuiki.pdf#page=25
2021,Ⅲ類（理工系）,光工学,専 門 科 目 / 類 専 門 科 目 / 必修,34,youran2021-gakuiki.pdf,25,https://kyoumu.office.uec.ac.jp/youran/youran2021-gakuiki.pdf#page=25
2021,Ⅲ類（理工系）,物理工学,専 門 科 目 / 類 専 門 科 目 / 必修,31,youran2021-gakuiki.pdf,25,https://kyoumu.office.uec.ac.jp/youran/youran2021-gakuiki.pdf#page=25
2021,Ⅲ類（理工系）,化学生命工学,専 門 科 目 / 類 専 門 科 目 / 必修,32,youran2021-gakuiki.pdf,25,https://kyoumu.office.uec.ac.jp/youran/youran2021-gakuiki.pdf#page=25
2021,Ⅱ類（融合系）,情報通信工学,専 門 科 目 / 類 専 門 科 目 / 選択必修,12,youran2021-gakuiki.pdf,25,https://kyoumu.office.uec.ac.jp/youran/youran2021-gakuiki.pdf#page=25
2021,Ⅱ類（融合系）,電子情報学,専 門 科 目 / 類 専 門 科 目 / 選択必修,12,youran2021-gakuiki.pdf,25,https://kyoumu.office.uec.ac.jp/youran/youran2021-gakuiki.pdf#page=25
2021,Ⅱ類（融合系）,計測・制御システム,専 門 科 目 / 類 専 門 科 目 / 選択必修,12,youran2021-gakuiki.pdf,25,https://kyoumu.office.uec.ac.jp/youran/youran2021-gakuiki.pdf#page=25
2021,Ⅱ類（融合系）,先端ロボティクス,専 門 科 目 / 類 専 門 科 目 / 選択必修,12,youran2021-gakuiki.pdf,25,https://kyoumu.office.uec.ac.jp/youran/youran2021-gakuiki.pdf#page=25
2021,Ⅲ類（理工系）,機械システム,専 門 科 目 / 類 専 門 科 目 / 選択必修,9,youran2021-gakuiki.pdf,25,https://kyoumu.office.uec.ac.jp/youran/youran2021-gakuiki.pdf#page=25
2021,Ⅲ類（理工系）,物理工学,専 門 科 目 / 類 専 門 科 目 / 選択必修,5,youran2021-gakuiki.pdf,25,https://kyoumu.office.uec.ac.jp/youran/youran2021-gakuiki.pdf#page=25
2021,Ⅲ類（理工系）,化学生命工学,専 門 科 目 / 類 専 門 科 目 / 選択必修,8,youran2021-gakuiki.pdf,25,https://kyoumu.office.uec.ac.jp/youran/youran2021-gakuiki.pdf#page=25
2021,Ⅰ類（情報系）,コンピュータサイエンス,専 門 科 目 / 類 専 門 科 目 / 選択,16,youran2021-gakuiki.pdf,25,https://kyoumu.office.uec.ac.jp/youran/youran2021-gakuiki.pdf#page=25
2021,Ⅱ類（融合系）,セキュリティ情報学,専 門 科 目 / 類 専 門 科 目 / 選択,30,youran2021-gakuiki.pdf,25,https://kyoumu.office.uec.ac.jp/youran/youran2021-gakuiki.pdf#page=25
2021,Ⅱ類（融合系）,情報通信工学,専 門 科 目 / 類 専 門 科 目 / 選択,10,youran2021-gakuiki.pdf,25,https://kyoumu.office.uec.ac.jp/youran/youran2021-gakuiki.pdf#page=25
2021,Ⅱ類（融合系）,電子情報学,専 門 科 目 / 類 専 門 科 目 / 選択,10,youran2021-gakuiki.pdf,25,https://kyoumu.office.uec.ac.jp/youran/youran2021-gakuiki.pdf#page=25
2021,Ⅱ類（融合系）,計測・制御システム,専 門 科 目 / 類 専 門 科 目 / 選択,8,youran2021-gakuiki.pdf,25,https://kyoumu.office.uec.ac.jp/youran/youran2021-gakuiki.pdf#page=25
2021,Ⅱ類（融合系）,先端ロボティクス,専 門 科 目 / 類 専 門 科 目 / 選択,8,youran2021-gakuiki.pdf,25,https://kyoumu.office.uec.ac.jp/youran/youran2021-gakuiki.pdf#page=25
2021,Ⅲ類（理工系）,機械システム,専 門 科 目 / 類 専 門 科 目 / 選択,4,youran2021-gakuiki.pdf,25,https://kyoumu.office.uec.ac.jp/youran/youran2021-gakuiki.pdf#page=25
2021,Ⅲ類（理工系）,電子工学,専 門 科 目 / 類 専 門 科 目 / 選択,14,youran2021-gakuiki.pdf,25,https://kyoumu.office.uec.ac.jp/youran/youran2021-gakuiki.pdf#page=25
2021,Ⅲ類（理工系）,光工学,専 門 科 目 / 類 専 門 科 目 / 選択,12,youran2021-gakuiki.pdf,25,https://kyoumu.office.uec.ac.jp/youran/youran2021-gakuiki.pdf#page=25
2021,Ⅲ類（理工系）,物理工学,専 門 科 目 / 類 専 門 科 目 / 選択,2,youran2021-gakuiki.pdf,25,https://kyoumu.office.uec.ac.jp/youran/youran2021-gakuiki.pdf#page=25
2021,Ⅲ類（理工系）,化学生命工学,専 門 科 目 / 類 専 門 科 目 / 選択,2,youran2021-gakuiki.pdf,25,https://kyoumu.office.uec.ac.jp/youran/youran2021-gakuiki.pdf#page=25
2021,Ⅰ類（情報系）,コンピュータサイエンス,専 門 科 目 / 小 計 / 小 計,79,youran2021-gakuiki.pdf,25,https://kyoumu.office.uec.ac.jp/youran/youran2021-gakuiki.pdf#page=25
2021,Ⅱ類（融合系）,セキュリティ情報学,専 門 科 目 / 小 計 / 小 計,81,youran2021-gakuiki.pdf,25,https://kyoumu.office.uec.ac.jp/youran/youran2021-gakuiki.pdf#page=25
2021,Ⅱ類（融合系）,情報通信工学,専 門 科 目 / 小 計 / 小 計,88,youran2021-gakuiki.pdf,25,https://kyoumu.office.uec.ac.jp/youran/youran2021-gakuiki.pdf#page=25
2021,Ⅱ類（融合系）,電子情報学,専 門 科 目 / 小 計 / 小 計,88,youran2021-gakuiki.pdf,25,https://kyoumu.office.uec.ac.jp/youran/youran2021-gakuiki.pdf#page=25
2021,Ⅱ類（融合系）,計測・制御システム,専 門 科 目 / 小 計 / 小 計,86,youran2021-gakuiki.pdf,25,https://kyoumu.office.uec.ac.jp/youran/youran2021-gakuiki.pdf#page=25
2021,Ⅱ類（融合系）,先端ロボティクス,専 門 科 目 / 小 計 / 小 計,85,youran2021-gakuiki.pdf,25,https://kyoumu.office.uec.ac.jp/youran/youran2021-gakuiki.pdf#page=25
2021,Ⅲ類（理工系）,機械システム,専 門 科 目 / 小 計 / 小 計,86,youran2021-gakuiki.pdf,25,https://kyoumu.office.uec.ac.jp/youran/youran2021-gakuiki.pdf#page=25
2021,Ⅲ類（理工系）,電子工学,専 門 科 目 / 小 計 / 小 計,85,youran2021-gakuiki.pdf,25,https://kyoumu.office.uec.ac.jp/youran/youran2021-gakuiki.pdf#page=25
2021,Ⅲ類（理工系）,光工学,専 門 科 目 / 小 計 / 小 計,86,youran2021-gakuiki.pdf,25,https://kyoumu.office.uec.ac.jp/youran/youran2021-gakuiki.pdf#page=25
2021,Ⅲ類（理工系）,物理工学,専 門 科 目 / 小 計 / 小 計,84,youran2021-gakuiki.pdf,25,https://kyoumu.office.uec.ac.jp/youran/youran2021-gakuiki.pdf#page=25
2021,Ⅲ類（理工系）,化学生命工学,専 門 科 目 / 小 計 / 小 計,85,youran2021-gakuiki.pdf,25,https://kyoumu.office.uec.ac.jp/youran/youran2021-gakuiki.pdf#page=25
2021,Ⅰ類（情報系）,コンピュータサイエンス,共 通 単 位 / 小 計 / 小 計,6,youran2021-gakuiki.pdf,25,https://kyoumu.office.uec.ac.jp/youran/youran2021-gakuiki.pdf#page=25
2021,Ⅱ類（融合系）,セキュリティ情報学,共 通 単 位 / 小 計 / 小 計,9,youran2021-gakuiki.pdf,25,https://kyoumu.office.uec.ac.jp/youran/youran2021-gakuiki.pdf#page=25
2021,Ⅱ類（融合系）,情報通信工学,共 通 単 位 / 小 計 / 小 計,2,youran2021-gakuiki.pdf,25,https://kyoumu.office.uec.ac.jp/youran/youran2021-gakuiki.pdf#page=25
2021,Ⅱ類（融合系）,電子情報学,共 通 単 位 / 小 計 / 小 計,2,youran2021-gakuiki.pdf,25,https://kyoumu.office.uec.ac.jp/youran/youran2021-gakuiki.pdf#page=25
2021,Ⅱ類（融合系）,計測・制御システム,共 通 単 位 / 小 計 / 小 計,4,youran2021-gakuiki.pdf,25,https://kyoumu.office.uec.ac.jp/youran/youran2021-gakuiki.pdf#page=25
2021,Ⅱ類（融合系）,先端ロボティクス,共 通 単 位 / 小 計 / 小 計,5,youran2021-gakuiki.pdf,25,https://kyoumu.office.uec.ac.jp/youran/youran2021-gakuiki.pdf#page=25
2021,Ⅲ類（理工系）,機械システム,共 通 単 位 / 小 計 / 小 計,4,youran2021-gakuiki.pdf,25,https://kyoumu.office.uec.ac.jp/youran/youran2021-gakuiki.pdf#page=25
2021,Ⅲ類（理工系）,電子工学,共 通 単 位 / 小 計 / 小 計,5,youran2021-gakuiki.pdf,25,https://kyoumu.office.uec.ac.jp/youran/youran2021-gakuiki.pdf#page=25
2021,Ⅲ類（理工系）,光工学,共 通 単 位 / 小 計 / 小 計,4,youran2021-gakuiki.pdf,25,https://kyoumu.office.uec.ac.jp/youran/youran2021-gakuiki.pdf#page=25
2021,Ⅲ類（理工系）,物理工学,共 通 単 位 / 小 計 / 小 計,6,youran2021-gakuiki.pdf,25,https://kyoumu.office.uec.ac.jp/youran/youran2021-gakuiki.pdf#page=25
2021,Ⅲ類（理工系）,化学生命工学,共 通 単 位 / 小 計 / 小 計,5,youran2021-gakuiki.pdf,25,https://kyoumu.office.uec.ac.jp/youran/youran2021-gakuiki.pdf#page=25
2021,Ⅰ類（情報系）,コンピュータサイエンス,合 計 / 小 計 / 小 計,128,youran2021-gakuiki.pdf,25,https://kyoumu.office.uec.ac.jp/youran/youran2021-gakuiki.pdf#page=25
2021,Ⅱ類（融合系）,セキュリティ情報学,合 計 / 小 計 / 小 計,133,youran2021-gakuiki.pdf,25,https://kyoumu.office.uec.ac.jp/youran/youran2021-gakuiki.pdf#page=25
2021,Ⅱ類（融合系）,情報通信工学,合 計 / 小 計 / 小 計,133,youran2021-gakuiki.pdf,25,https://kyoumu.office.uec.ac.jp/youran/youran2021-gakuiki.pdf#page=25
2021,Ⅱ類（融合系）,電子情報学,合 計 / 小 計 / 小 計,133,youran2021-gakuiki.pdf,25,https://kyoumu.office.uec.ac.jp/youran/youran2021-gakuiki.pdf#page=25
2021,Ⅱ類（融合系）,計測・制御システム,合 計 / 小 計 / 小 計,133,youran2021-gakuiki.pdf,25,https://kyoumu.office.uec.ac.jp/youran/youran2021-gakuiki.pdf#page=25
2021,Ⅱ類（融合系）,先端ロボティクス,合 計 / 小 計 / 小 計,133,youran2021-gakuiki.pdf,25,https://kyoumu.office.uec.ac.jp/youran/youran2021-gakuiki.pdf#page=25
2021,Ⅲ類（理工系）,機械システム,合 計 / 小 計 / 小 計,133,youran2021-gakuiki.pdf,25,https://kyoumu.office.uec.ac.jp/youran/youran2021-gakuiki.pdf#page=25
2021,Ⅲ類（理工系）,電子工学,合 計 / 小 計 / 小 計,133,youran2021-gakuiki.pdf,25,https://kyoumu.office.uec.ac.jp/youran/youran2021-gakuiki.pdf#page=25
2021,Ⅲ類（理工系）,光工学,合 計 / 小 計 / 小 計,133,youran2021-gakuiki.pdf,25,https://kyoumu.office.uec.ac.jp/youran/youran2021-gakuiki.pdf#page=25
2021,Ⅲ類（理工系）,物理工学,合 計 / 小 計 / 小 計,133,youran2021-gakuiki.pdf,25,https://kyoumu.office.uec.ac.jp/youran/youran2021-gakuiki.pdf#page=25
2021,Ⅲ類（理工系）,化学生命工学,合 計 / 小 計 / 小 計,133,youran2021-gakuiki.pdf,25,https://kyoumu.office.uec.ac.jp/youran/youran2021-gakuiki.pdf#page=25
2022,Ⅰ類（情報系）,コンピュータサイエンス,総 合 文 化 科 目 / 人文・社会科学科目 / 人文・社会科学科目,8,youran2022-gakuiki.pdf,25,https://kyoumu.office.uec.ac.jp/youran/youran2022-gakuiki.pdf#page=25
2022,Ⅱ類（融合系）,セキュリティ情報学,総 合 文 化 科 目 / 人文・社会科学科目 / 人文・社会科学科目,8,youran2022-gakuiki.pdf,25,https://kyoumu.office.uec.ac.jp/youran/youran2022-gakuiki.pdf#page=25
2022,Ⅱ類（融合系）,情報通信工学,総 合 文 化 科 目 / 人文・社会科学科目 / 人文・社会科学科目,8,youran2022-gakuiki.pdf,25,https://kyoumu.office.uec.ac.jp/youran/youran2022-gakuiki.pdf#page=25
2022,Ⅱ類（融合系）,電子情報学,総 合 文 化 科 目 / 人文・社会科学科目 / 人文・社会科学科目,8,youran2022-gakuiki.pdf,25,https://kyoumu.office.uec.ac.jp/youran/youran2022-gakuiki.pdf#page=25
2022,Ⅱ類（融合系）,計測・制御システム,総 合 文 化 科 目 / 人文・社会科学科目 / 人文・社会科学科目,8,youran2022-gakuiki.pdf,25,https://kyoumu.office.uec.ac.jp/youran/youran2022-gakuiki.pdf#page=25
2022,Ⅱ類（融合系）,先端ロボティクス,総 合 文 化 科 目 / 人文・社会科学科目 / 人文・社会科学科目,8,youran2022-gakuiki.pdf,25,https://kyoumu.office.uec.ac.jp/youran/youran2022-gakuiki.pdf#page=25
2022,Ⅲ類（理工系）,機械システム,総 合 文 化 科 目 / 人文・社会科学科目 / 人文・社会科学科目,8,youran2022-gakuiki.pdf,25,https://kyoumu.office.uec.ac.jp/youran/youran2022-gakuiki.pdf#page=25
2022,Ⅲ類（理工系）,電子工学,総 合 文 化 科 目 / 人文・社会科学科目 / 人文・社会科学科目,8,youran2022-gakuiki.pdf,25,https://kyoumu.office.uec.ac.jp/youran/youran2022-gakuiki.pdf#page=25
2022,Ⅲ類（理工系）,光工学,総 合 文 化 科 目 / 人文・社会科学科目 / 人文・社会科学科目,8,youran2022-gakuiki.pdf,25,https://kyoumu.office.uec.ac.jp/youran/youran2022-gakuiki.pdf#page=25
2022,Ⅲ類（理工系）,物理工学,総 合 文 化 科 目 / 人文・社会科学科目 / 人文・社会科学科目,8,youran2022-gakuiki.pdf,25,https://kyoumu.office.uec.ac.jp/youran/youran2022-gakuiki.pdf#page=25
2022,Ⅲ類（理工系）,化学生命工学,総 合 文 化 科 目 / 人文・社会科学科目 / 人文・社会科学科目,8,youran2022-gakuiki.pdf,25,https://kyoumu.office.uec.ac.jp/youran/youran2022-gakuiki.pdf#page=25
2022,Ⅰ類（情報系）,コンピュータサイエンス,総 合 文 化 科 目 / 言 語 文 化 科 目 / 言語文化基礎科目Ⅰ,4,youran2022-gakuiki.pdf,25,https://kyoumu.office.uec.ac.jp/youran/youran2022-gakuiki.pdf#page=25
2022,Ⅱ類（融合系）,セキュリティ情報学,総 合 文 化 科 目 / 言 語 文 化 科 目 / 言語文化基礎科目Ⅰ,4,youran2022-gakuiki.pdf,25,https://kyoumu.office.uec.ac.jp/youran/youran2022-gakuiki.pdf#page=25
2022,Ⅱ類（融合系）,情報通信工学,総 合 文 化 科 目 / 言 語 文 化 科 目 / 言語文化基礎科目Ⅰ,4,youran2022-gakuiki.pdf,25,https://kyoumu.office.uec.ac.jp/youran/youran2022-gakuiki.pdf#page=25
2022,Ⅱ類（融合系）,電子情報学,総 合 文 化 科 目 / 言 語 文 化 科 目 / 言語文化基礎科目Ⅰ,4,youran2022-gakuiki.pdf,25,https://kyoumu.office.uec.ac.jp/youran/youran2022-gakuiki.pdf#page=25
2022,Ⅱ類（融合系）,計測・制御システム,総 合 文 化 科 目 / 言 語 文 化 科 目 / 言語文化基礎科目Ⅰ,4,youran2022-gakuiki.pdf,25,https://kyoumu.office.uec.ac.jp/youran/youran2022-gakuiki.pdf#page=25
2022,Ⅱ類（融合系）,先端ロボティクス,総 合 文 化 科 目 / 言 語 文 化 科 目 / 言語文化基礎科目Ⅰ,4,youran2022-gakuiki.pdf,25,https://kyoumu.office.uec.ac.jp/youran/youran2022-gakuiki.pdf#page=25
2022,Ⅲ類（理工系）,機械システム,総 合 文 化 科 目 / 言 語 文 化 科 目 / 言語文化基礎科目Ⅰ,4,youran2022-gakuiki.pdf,25,https://kyoumu.office.uec.ac.jp/youran/youran2022-gakuiki.pdf#page=25
2022,Ⅲ類（理工系）,電子工学,総 合 文 化 科 目 / 言 語 文 化 科 目 / 言語文化基礎科目Ⅰ,4,youran2022-gakuiki.pdf,25,https://kyoumu.office.uec.ac.jp/youran/youran2022-gakuiki.pdf#page=25
2022,Ⅲ類（理工系）,光工学,総 合 文 化 科 目 / 言 語 文 化 科 目 / 言語文化基礎科目Ⅰ,4,youran2022-gakuiki.pdf,25,https://kyoumu.office.uec.ac.jp/youran/youran2022-gakuiki.pdf#page=25
2022,Ⅲ類（理工系）,物理工学,総 合 文 化 科 目 / 言 語 文 化 科 目 / 言語文化基礎科目Ⅰ,4,youran2022-gakuiki.pdf,25,https://kyoumu.office.uec.ac.jp/youran/youran2022-gakuiki.pdf#page=25
2022,Ⅲ類（理工系）,化学生命工学,総 合 文 化 科 目 / 言 語 文 化 科 目 / 言語文化基礎科目Ⅰ,4,youran2022-gakuiki.pdf,25,https://kyoumu.office.uec.ac.jp/youran/youran2022-gakuiki.pdf#page=25
2022,Ⅰ類（情報系）,コンピュータサイエンス,総 合 文 化 科 目 / 言 語 文 化 科 目 / 言語文化応用科目Ⅰ,2,youran2022-gakuiki.pdf,25,https://kyoumu.office.uec.ac.jp/youran/youran2022-gakuiki.pdf#page=25
2022,Ⅱ類（融合系）,セキュリティ情報学,総 合 文 化 科 目 / 言 語 文 化 科 目 / 言語文化応用科目Ⅰ,2,youran2022-gakuiki.pdf,25,https://kyoumu.office.uec.ac.jp/youran/youran2022-gakuiki.pdf#page=25
2022,Ⅱ類（融合系）,情報通信工学,総 合 文 化 科 目 / 言 語 文 化 科 目 / 言語文化応用科目Ⅰ,2,youran2022-gakuiki.pdf,25,https://kyoumu.office.uec.ac.jp/youran/youran2022-gakuiki.pdf#page=25
2022,Ⅱ類（融合系）,電子情報学,総 合 文 化 科 目 / 言 語 文 化 科 目 / 言語文化応用科目Ⅰ,2,youran2022-gakuiki.pdf,25,https://kyoumu.office.uec.ac.jp/youran/youran2022-gakuiki.pdf#page=25
2022,Ⅱ類（融合系）,計測・制御システム,総 合 文 化 科 目 / 言 語 文 化 科 目 / 言語文化応用科目Ⅰ,2,youran2022-gakuiki.pdf,25,https://kyoumu.office.uec.ac.jp/youran/youran2022-gakuiki.pdf#page=25
2022,Ⅱ類（融合系）,先端ロボティクス,総 合 文 化 科 目 / 言 語 文 化 科 目 / 言語文化応用科目Ⅰ,2,youran2022-gakuiki.pdf,25,https://kyoumu.office.uec.ac.jp/youran/youran2022-gakuiki.pdf#page=25
2022,Ⅲ類（理工系）,機械システム,総 合 文 化 科 目 / 言 語 文 化 科 目 / 言語文化応用科目Ⅰ,2,youran2022-gakuiki.pdf,25,https://kyoumu.office.uec.ac.jp/youran/youran2022-gakuiki.pdf#page=25
2022,Ⅲ類（理工系）,電子工学,総 合 文 化 科 目 / 言 語 文 化 科 目 / 言語文化応用科目Ⅰ,2,youran2022-gakuiki.pdf,25,https://kyoumu.office.uec.ac.jp/youran/youran2022-gakuiki.pdf#page=25
2022,Ⅲ類（理工系）,光工学,総 合 文 化 科 目 / 言 語 文 化 科 目 / 言語文化応用科目Ⅰ,2,youran2022-gakuiki.pdf,25,https://kyoumu.office.uec.ac.jp/youran/youran2022-gakuiki.pdf#page=25
2022,Ⅲ類（理工系）,物理工学,総 合 文 化 科 目 / 言 語 文 化 科 目 / 言語文化応用科目Ⅰ,2,youran2022-gakuiki.pdf,25,https://kyoumu.office.uec.ac.jp/youran/youran2022-gakuiki.pdf#page=25
2022,Ⅲ類（理工系）,化学生命工学,総 合 文 化 科 目 / 言 語 文 化 科 目 / 言語文化応用科目Ⅰ,2,youran2022-gakuiki.pdf,25,https://kyoumu.office.uec.ac.jp/youran/youran2022-gakuiki.pdf#page=25
2022,Ⅰ類（情報系）,コンピュータサイエンス,総 合 文 化 科 目 / 言 語 文 化 科 目 / 言語文化基礎科目Ⅱ,2,youran2022-gakuiki.pdf,25,https://kyoumu.office.uec.ac.jp/youran/youran2022-gakuiki.pdf#page=25
2022,Ⅱ類（融合系）,セキュリティ情報学,総 合 文 化 科 目 / 言 語 文 化 科 目 / 言語文化基礎科目Ⅱ,2,youran2022-gakuiki.pdf,25,https://kyoumu.office.uec.ac.jp/youran/youran2022-gakuiki.pdf#page=25
2022,Ⅱ類（融合系）,情報通信工学,総 合 文 化 科 目 / 言 語 文 化 科 目 / 言語文化基礎科目Ⅱ,2,youran2022-gakuiki.pdf,25,https://kyoumu.office.uec.ac.jp/youran/youran2022-gakuiki.pdf#page=25
2022,Ⅱ類（融合系）,電子情報学,総 合 文 化 科 目 / 言 語 文 化 科 目 / 言語文化基礎科目Ⅱ,2,youran2022-gakuiki.pdf,25,https://kyoumu.office.uec.ac.jp/youran/youran2022-gakuiki.pdf#page=25
2022,Ⅱ類（融合系）,計測・制御システム,総 合 文 化 科 目 / 言 語 文 化 科 目 / 言語文化基礎科目Ⅱ,2,youran2022-gakuiki.pdf,25,https://kyoumu.office.uec.ac.jp/youran/youran2022-gakuiki.pdf#page=25
2022,Ⅱ類（融合系）,先端ロボティクス,総 合 文 化 科 目 / 言 語 文 化 科 目 / 言語文化基礎科目Ⅱ,2,youran2022-gakuiki.pdf,25,https://kyoumu.office.uec.ac.jp/youran/youran2022-gakuiki.pdf#page=25
2022,Ⅲ類（理工系）,機械システム,総 合 文 化 科 目 / 言 語 文 化 科 目 / 言語文化基礎科目Ⅱ,2,youran2022-gakuiki.pdf,25,https://kyoumu.office.uec.ac.jp/youran/youran2022-gakuiki.pdf#page=25
2022,Ⅲ類（理工系）,電子工学,総 合 文 化 科 目 / 言 語 文 化 科 目 / 言語文化基礎科目Ⅱ,2,youran2022-gakuiki.pdf,25,https://kyoumu.office.uec.ac.jp/youran/youran2022-gakuiki.pdf#page=25
2022,Ⅲ類（理工系）,光工学,総 合 文 化 科 目 / 言 語 文 化 科 目 / 言語文化基礎科目Ⅱ,2,youran2022-gakuiki.pdf,25,https://kyoumu.office.uec.ac.jp/youran/youran2022-gakuiki.pdf#page=25
2022,Ⅲ類（理工系）,物理工学,総 合 文 化 科 目 / 言 語 文 化 科 目 / 言語文化基礎科目Ⅱ,2,youran2022-gakuiki.pdf,25,https://kyoumu.office.uec.ac.jp/youran/youran2022-gakuiki.pdf#page=25
2022,Ⅲ類（理工系）,化学生命工学,総 合 文 化 科 目 / 言 語 文 化 科 目 / 言語文化基礎科目Ⅱ,2,youran2022-gakuiki.pdf,25,https://kyoumu.office.uec.ac.jp/youran/youran2022-gakuiki.pdf#page=25
2022,Ⅰ類（情報系）,コンピュータサイエンス,総 合 文 化 科 目 / 言 語 文 化 科 目 / 言語文化演習科目,2,youran2022-gakuiki.pdf,25,https://kyoumu.office.uec.ac.jp/youran/youran2022-gakuiki.pdf#page=25
2022,Ⅱ類（融合系）,セキュリティ情報学,総 合 文 化 科 目 / 言 語 文 化 科 目 / 言語文化演習科目,2,youran2022-gakuiki.pdf,25,https://kyoumu.office.uec.ac.jp/youran/youran2022-gakuiki.pdf#page=25
2022,Ⅱ類（融合系）,情報通信工学,総 合 文 化 科 目 / 言 語 文 化 科 目 / 言語文化演習科目,2,youran2022-gakuiki.pdf,25,https://kyoumu.office.uec.ac.jp/youran/youran2022-gakuiki.pdf#page=25
2022,Ⅱ類（融合系）,電子情報学,総 合 文 化 科 目 / 言 語 文 化 科 目 / 言語文化演習科目,2,youran2022-gakuiki.pdf,25,https://kyoumu.office.uec.ac.jp/youran/youran2022-gakuiki.pdf#page=25
2022,Ⅱ類（融合系）,計測・制御システム,総 合 文 化 科 目 / 言 語 文 化 科 目 / 言語文化演習科目,2,youran2022-gakuiki.pdf,25,https://kyoumu.office.uec.ac.jp/youran/youran2022-gakuiki.pdf#page=25
2022,Ⅱ類（融合系）,先端ロボティクス,総 合 文 化 科 目 / 言 語 文 化 科 目 / 言語文化演習科目,2,youran2022-gakuiki.pdf,25,https://kyoumu.office.uec.ac.jp/youran/youran2022-gakuiki.pdf#page=25
2022,Ⅲ類（理工系）,機械システム,総 合 文 化 科 目 / 言 語 文 化 科 目 / 言語文化演習科目,2,youran2022-gakuiki.pdf,25,https://kyoumu.office.uec.ac.jp/youran/youran2022-gakuiki.pdf#page=25
2022,Ⅲ類（理工系）,電子工学,総 合 文 化 科 目 / 言 語 文 化 科 目 / 言語文化演習科目,2,youran2022-gakuiki.pdf,25,https://kyoumu.office.uec.ac.jp/youran/youran2022-gakuiki.pdf#page=25
2022,Ⅲ類（理工系）,光工学,総 合 文 化 科 目 / 言 語 文 化 科 目 / 言語文化演習科目,2,youran2022-gakuiki.pdf,25,https://kyoumu.office.uec.ac.jp/youran/youran2022-gakuiki.pdf#page=25
2022,Ⅲ類（理工系）,物理工学,総 合 文 化 科 目 / 言 語 文 化 科 目 / 言語文化演習科目,2,youran2022-gakuiki.pdf,25,https://kyoumu.office.uec.ac.jp/youran/youran2022-gakuiki.pdf#page=25
2022,Ⅲ類（理工系）,化学生命工学,総 合 文 化 科 目 / 言 語 文 化 科 目 / 言語文化演習科目,2,youran2022-gakuiki.pdf,25,https://kyoumu.office.uec.ac.jp/youran/youran2022-gakuiki.pdf#page=25
2022,Ⅰ類（情報系）,コンピュータサイエンス,総 合 文 化 科 目 / 健康・スポーツ科学科目 / 健康・スポーツ科学科目,3,youran2022-gakuiki.pdf,25,https://kyoumu.office.uec.ac.jp/youran/youran2022-gakuiki.pdf#page=25
2022,Ⅱ類（融合系）,セキュリティ情報学,総 合 文 化 科 目 / 健康・スポーツ科学科目 / 健康・スポーツ科学科目,3,youran2022-gakuiki.pdf,25,https://kyoumu.office.uec.ac.jp/youran/youran2022-gakuiki.pdf#page=25
2022,Ⅱ類（融合系）,情報通信工学,総 合 文 化 科 目 / 健康・スポーツ科学科目 / 健康・スポーツ科学科目,3,youran2022-gakuiki.pdf,25,https://kyoumu.office.uec.ac.jp/youran/youran2022-gakuiki.pdf#page=25
2022,Ⅱ類（融合系）,電子情報学,総 合 文 化 科 目 / 健康・スポーツ科学科目 / 健康・スポーツ科学科目,3,youran2022-gakuiki.pdf,25,https://kyoumu.office.uec.ac.jp/youran/youran2022-gakuiki.pdf#page=25
2022,Ⅱ類（融合系）,計測・制御システム,総 合 文 化 科 目 / 健康・スポーツ科学科目 / 健康・スポーツ科学科目,3,youran2022-gakuiki.pdf,25,https://kyoumu.office.uec.ac.jp/youran/youran2022-gakuiki.pdf#page=25
2022,Ⅱ類（融合系）,先端ロボティクス,総 合 文 化 科 目 / 健康・スポーツ科学科目 / 健康・スポーツ科学科目,3,youran2022-gakuiki.pdf,25,https://kyoumu.office.uec.ac.jp/youran/youran2022-gakuiki.pdf#page=25
2022,Ⅲ類（理工系）,機械システム,総 合 文 化 科 目 / 健康・スポーツ科学科目 / 健康・スポーツ科学科目,3,youran2022-gakuiki.pdf,25,https://kyoumu.office.uec.ac.jp/youran/youran2022-gakuiki.pdf#page=25
2022,Ⅲ類（理工系）,電子工学,総 合 文 化 科 目 / 健康・スポーツ科学科目 / 健康・スポーツ科学科目,3,youran2022-gakuiki.pdf,25,https://kyoumu.office.uec.ac.jp/youran/youran2022-gakuiki.pdf#page=25
2022,Ⅲ類（理工系）,光工学,総 合 文 化 科 目 / 健康・スポーツ科学科目 / 健康・スポーツ科学科目,3,youran2022-gakuiki.pdf,25,https://kyoumu.office.uec.ac.jp/youran/youran2022-gakuiki.pdf#page=25
2022,Ⅲ類（理工系）,物理工学,総 合 文 化 科 目 / 健康・スポーツ科学科目 / 健康・スポーツ科学科目,3,youran2022-gakuiki.pdf,25,https://kyoumu.office.uec.ac.jp/youran/youran2022-gakuiki.pdf#page=25
2022,Ⅲ類（理工系）,化学生命工学,総 合 文 化 科 目 / 健康・スポーツ科学科目 / 健康・スポーツ科学科目,3,youran2022-gakuiki.pdf,25,https://kyoumu.office.uec.ac.jp/youran/youran2022-gakuiki.pdf#page=25
2022,Ⅰ類（情報系）,コンピュータサイエンス,総 合 文 化 科 目 / 理工系教養科目 / 理工系教養科目,2,youran2022-gakuiki.pdf,25,https://kyoumu.office.uec.ac.jp/youran/youran2022-gakuiki.pdf#page=25
2022,Ⅱ類（融合系）,セキュリティ情報学,総 合 文 化 科 目 / 理工系教養科目 / 理工系教養科目,2,youran2022-gakuiki.pdf,25,https://kyoumu.office.uec.ac.jp/youran/youran2022-gakuiki.pdf#page=25
2022,Ⅱ類（融合系）,情報通信工学,総 合 文 化 科 目 / 理工系教養科目 / 理工系教養科目,2,youran2022-gakuiki.pdf,25,https://kyoumu.office.uec.ac.jp/youran/youran2022-gakuiki.pdf#page=25
2022,Ⅱ類（融合系）,電子情報学,総 合 文 化 科 目 / 理工系教養科目 / 理工系教養科目,2,youran2022-gakuiki.pdf,25,https://kyoumu.office.uec.ac.jp/youran/youran2022-gakuiki.pdf#page=25
2022,Ⅱ類（融合系）,計測・制御システム,総 合 文 化 科 目 / 理工系教養科目 / 理工系教養科目,2,youran2022-gakuiki.pdf,25,https://kyoumu.office.uec.ac.jp/youran/youran2022-gakuiki.pdf#page=25
2022,Ⅱ類（融合系）,先端ロボティクス,総 合 文 化 科 目 / 理工系教養科目 / 理工系教養科目,2,youran2022-gakuiki.pdf,25,https://kyoumu.office.uec.ac.jp/youran/youran2022-gakuiki.pdf#page=25
2022,Ⅲ類（理工系）,機械システム,総 合 文 化 科 目 / 理工系教養科目 / 理工系教養科目,2,youran2022-gakuiki.pdf,25,https://kyoumu.office.uec.ac.jp/youran/youran2022-gakuiki.pdf#page=25
2022,Ⅲ類（理工系）,電子工学,総 合 文 化 科 目 / 理工系教養科目 / 理工系教養科目,2,youran2022-gakuiki.pdf,25,https://kyoumu.office.uec.ac.jp/youran/youran2022-gakuiki.pdf#page=25
2022,Ⅲ類（理工系）,光工学,総 合 文 化 科 目 / 理工系教養科目 / 理工系教養科目,2,youran2022-gakuiki.pdf,25,https://kyoumu.office.uec.ac.jp/youran/youran2022-gakuiki.pdf#page=25
2022,Ⅲ類（理工系）,物理工学,総 合 文 化 科 目 / 理工系教養科目 / 理工系教養科目,2,youran2022-gakuiki.pdf,25,https://kyoumu.office.uec.ac.jp/youran/youran2022-gakuiki.pdf#page=25
2022,Ⅲ類（理工系）,化学生命工学,総 合 文 化 科 目 / 理工系教養科目 / 理工系教養科目,2,youran2022-gakuiki.pdf,25,https://kyoumu.office.uec.ac.jp/youran/youran2022-gakuiki.pdf#page=25
2022,Ⅰ類（情報系）,コンピュータサイエンス,総 合 文 化 科 目 / 上級科目 / 上級科目,4,youran2022-gakuiki.pdf,25,https://kyoumu.office.uec.ac.jp/youran/youran2022-gakuiki.pdf#page=25
2022,Ⅱ類（融合系）,セキュリティ情報学,総 合 文 化 科 目 / 上級科目 / 上級科目,4,youran2022-gakuiki.pdf,25,https://kyoumu.office.uec.ac.jp/youran/youran2022-gakuiki.pdf#page=25
2022,Ⅱ類（融合系）,情報通信工学,総 合 文 化 科 目 / 上級科目 / 上級科目,4,youran2022-gakuiki.pdf,25,https://kyoumu.office.uec.ac.jp/youran/youran2022-gakuiki.pdf#page=25
2022,Ⅱ類（融合系）,電子情報学,総 合 文 化 科 目 / 上級科目 / 上級科目,4,youran2022-gakuiki.pdf,25,https://kyoumu.office.uec.ac.jp/youran/youran2022-gakuiki.pdf#page=25
2022,Ⅱ類（融合系）,計測・制御システム,総 合 文 化 科 目 / 上級科目 / 上級科目,4,youran2022-gakuiki.pdf,25,https://kyoumu.office.uec.ac.jp/youran/youran2022-gakuiki.pdf#page=25
2022,Ⅱ類（融合系）,先端ロボティクス,総 合 文 化 科 目 / 上級科目 / 上級科目,4,youran2022-gakuiki.pdf,25,https://kyoumu.office.uec.ac.jp/youran/youran2022-gakuiki.pdf#page=25
2022,Ⅲ類（理工系）,機械システム,総 合 文 化 科 目 / 上級科目 / 上級科目,4,youran2022-gakuiki.pdf,25,https://kyoumu.office.uec.ac.jp/youran/youran2022-gakuiki.pdf#page=25
2022,Ⅲ類（理工系）,電子工学,総 合 文 化 科 目 / 上級科目 / 上級科目,4,youran2022-gakuiki.pdf,25,https://kyoumu.office.uec.ac.jp/youran/youran2022-gakuiki.pdf#page=25
2022,Ⅲ類（理工系）,光工学,総 合 文 化 科 目 / 上級科目 / 上級科目,4,youran2022-gakuiki.pdf,25,https://kyoumu.office.uec.ac.jp/youran/youran2022-gakuiki.pdf#page=25
2022,Ⅲ類（理工系）,物理工学,総 合 文 化 科 目 / 上級科目 / 上級科目,4,youran2022-gakuiki.pdf,25,https://kyoumu.office.uec.ac.jp/youran/youran2022-gakuiki.pdf#page=25
2022,Ⅲ類（理工系）,化学生命工学,総 合 文 化 科 目 / 上級科目 / 上級科目,4,youran2022-gakuiki.pdf,25,https://kyoumu.office.uec.ac.jp/youran/youran2022-gakuiki.pdf#page=25
2022,Ⅰ類（情報系）,コンピュータサイエンス,総 合 文 化 科 目 / 小 計 / 小 計,27,youran2022-gakuiki.pdf,25,https://kyoumu.office.uec.ac.jp/youran/youran2022-gakuiki.pdf#page=25
2022,Ⅱ類（融合系）,セキュリティ情報学,総 合 文 化 科 目 / 小 計 / 小 計,27,youran2022-gakuiki.pdf,25,https://kyoumu.office.uec.ac.jp/youran/youran2022-gakuiki.pdf#page=25
2022,Ⅱ類（融合系）,情報通信工学,総 合 文 化 科 目 / 小 計 / 小 計,27,youran2022-gakuiki.pdf,25,https://kyoumu.office.uec.ac.jp/youran/youran2022-gakuiki.pdf#page=25
2022,Ⅱ類（融合系）,電子情報学,総 合 文 化 科 目 / 小 計 / 小 計,27,youran2022-gakuiki.pdf,25,https://kyoumu.office.uec.ac.jp/youran/youran2022-gakuiki.pdf#page=25
2022,Ⅱ類（融合系）,計測・制御システム,総 合 文 化 科 目 / 小 計 / 小 計,27,youran2022-gakuiki.pdf,25,https://kyoumu.office.uec.ac.jp/youran/youran2022-gakuiki.pdf#page=25
2022,Ⅱ類（融合系）,先端ロボティクス,総 合 文 化 科 目 / 小 計 / 小 計,27,youran2022-gakuiki.pdf,25,https://kyoumu.office.uec.ac.jp/youran/youran2022-gakuiki.pdf#page=25
2022,Ⅲ類（理工系）,機械システム,総 合 文 化 科 目 / 小 計 / 小 計,27,youran2022-gakuiki.pdf,25,https://kyoumu.office.uec.ac.jp/youran/youran2022-gakuiki.pdf#page=25
2022,Ⅲ類（理工系）,電子工学,総 合 文 化 科 目 / 小 計 / 小 計,27,youran2022-gakuiki.pdf,25,https://kyoumu.office.uec.ac.jp/youran/youran2022-gakuiki.pdf#page=25
2022,Ⅲ類（理工系）,光工学,総 合 文 化 科 目 / 小 計 / 小 計,27,youran2022-gakuiki.pdf,25,https://kyoumu.office.uec.ac.jp/youran/youran2022-gakuiki.pdf#page=25
2022,Ⅲ類（理工系）,物理工学,総 合 文 化 科 目 / 小 計 / 小 計,27,youran2022-gakuiki.pdf,25,https://kyoumu.office.uec.ac.jp/youran/youran2022-gakuiki.pdf#page=25
2022,Ⅲ類（理工系）,化学生命工学,総 合 文 化 科 目 / 小 計 / 小 計,27,youran2022-gakuiki.pdf,25,https://kyoumu.office.uec.ac.jp/youran/youran2022-gakuiki.pdf#page=25
2022,Ⅰ類（情報系）,コンピュータサイエンス,実 践 教 育 科 目 / 初年次導入科目 / 初年次導入科目,6,youran2022-gakuiki.pdf,25,https://kyoumu.office.uec.ac.jp/youran/youran2022-gakuiki.pdf#page=25
2022,Ⅱ類（融合系）,セキュリティ情報学,実 践 教 育 科 目 / 初年次導入科目 / 初年次導入科目,6,youran2022-gakuiki.pdf,25,https://kyoumu.office.uec.ac.jp/youran/youran2022-gakuiki.pdf#page=25
2022,Ⅱ類（融合系）,情報通信工学,実 践 教 育 科 目 / 初年次導入科目 / 初年次導入科目,6,youran2022-gakuiki.pdf,25,https://kyoumu.office.uec.ac.jp/youran/youran2022-gakuiki.pdf#page=25
2022,Ⅱ類（融合系）,電子情報学,実 践 教 育 科 目 / 初年次導入科目 / 初年次導入科目,6,youran2022-gakuiki.pdf,25,https://kyoumu.office.uec.ac.jp/youran/youran2022-gakuiki.pdf#page=25
2022,Ⅱ類（融合系）,計測・制御システム,実 践 教 育 科 目 / 初年次導入科目 / 初年次導入科目,6,youran2022-gakuiki.pdf,25,https://kyoumu.office.uec.ac.jp/youran/youran2022-gakuiki.pdf#page=25
2022,Ⅱ類（融合系）,先端ロボティクス,実 践 教 育 科 目 / 初年次導入科目 / 初年次導入科目,6,youran2022-gakuiki.pdf,25,https://kyoumu.office.uec.ac.jp/youran/youran2022-gakuiki.pdf#page=25
2022,Ⅲ類（理工系）,機械システム,実 践 教 育 科 目 / 初年次導入科目 / 初年次導入科目,6,youran2022-gakuiki.pdf,25,https://kyoumu.office.uec.ac.jp/youran/youran2022-gakuiki.pdf#page=25
2022,Ⅲ類（理工系）,電子工学,実 践 教 育 科 目 / 初年次導入科目 / 初年次導入科目,6,youran2022-gakuiki.pdf,25,https://kyoumu.office.uec.ac.jp/youran/youran2022-gakuiki.pdf#page=25
2022,Ⅲ類（理工系）,光工学,実 践 教 育 科 目 / 初年次導入科目 / 初年次導入科目,6,youran2022-gakuiki.pdf,25,https://kyoumu.office.uec.ac.jp/youran/youran2022-gakuiki.pdf#page=25
2022,Ⅲ類（理工系）,物理工学,実 践 教 育 科 目 / 初年次導入科目 / 初年次導入科目,6,youran2022-gakuiki.pdf,25,https://kyoumu.office.uec.ac.jp/youran/youran2022-gakuiki.pdf#page=25
2022,Ⅲ類（理工系）,化学生命工学,実 践 教 育 科 目 / 初年次導入科目 / 初年次導入科目,6,youran2022-gakuiki.pdf,25,https://kyoumu.office.uec.ac.jp/youran/youran2022-gakuiki.pdf#page=25
2022,Ⅰ類（情報系）,コンピュータサイエンス,実 践 教 育 科 目 / データサイエンス科目 / データサイエンス科目,3,youran2022-gakuiki.pdf,25,https://kyoumu.office.uec.ac.jp/youran/youran2022-gakuiki.pdf#page=25
2022,Ⅱ類（融合系）,セキュリティ情報学,実 践 教 育 科 目 / データサイエンス科目 / データサイエンス科目,3,youran2022-gakuiki.pdf,25,https://kyoumu.office.uec.ac.jp/youran/youran2022-gakuiki.pdf#page=25
2022,Ⅱ類（融合系）,情報通信工学,実 践 教 育 科 目 / データサイエンス科目 / データサイエンス科目,3,youran2022-gakuiki.pdf,25,https://kyoumu.office.uec.ac.jp/youran/youran2022-gakuiki.pdf#page=25
2022,Ⅱ類（融合系）,電子情報学,実 践 教 育 科 目 / データサイエンス科目 / データサイエンス科目,3,youran2022-gakuiki.pdf,25,https://kyoumu.office.uec.ac.jp/youran/youran2022-gakuiki.pdf#page=25
2022,Ⅱ類（融合系）,計測・制御システム,実 践 教 育 科 目 / データサイエンス科目 / データサイエンス科目,2,youran2022-gakuiki.pdf,25,https://kyoumu.office.uec.ac.jp/youran/youran2022-gakuiki.pdf#page=25
2022,Ⅱ類（融合系）,先端ロボティクス,実 践 教 育 科 目 / データサイエンス科目 / データサイエンス科目,2,youran2022-gakuiki.pdf,25,https://kyoumu.office.uec.ac.jp/youran/youran2022-gakuiki.pdf#page=25
2022,Ⅲ類（理工系）,機械システム,実 践 教 育 科 目 / データサイエンス科目 / データサイエンス科目,2,youran2022-gakuiki.pdf,25,https://kyoumu.office.uec.ac.jp/youran/youran2022-gakuiki.pdf#page=25
2022,Ⅲ類（理工系）,電子工学,実 践 教 育 科 目 / データサイエンス科目 / データサイエンス科目,2,youran2022-gakuiki.pdf,25,https://kyoumu.office.uec.ac.jp/youran/youran2022-gakuiki.pdf#page=25
2022,Ⅲ類（理工系）,光工学,実 践 教 育 科 目 / データサイエンス科目 / データサイエンス科目,2,youran2022-gakuiki.pdf,25,https://kyoumu.office.uec.ac.jp/youran/youran2022-gakuiki.pdf#page=25
2022,Ⅲ類（理工系）,物理工学,実 践 教 育 科 目 / データサイエンス科目 / データサイエンス科目,2,youran2022-gakuiki.pdf,25,https://kyoumu.office.uec.ac.jp/youran/youran2022-gakuiki.pdf#page=25
2022,Ⅲ類（理工系）,化学生命工学,実 践 教 育 科 目 / データサイエンス科目 / データサイエンス科目,2,youran2022-gakuiki.pdf,25,https://kyoumu.office.uec.ac.jp/youran/youran2022-gakuiki.pdf#page=25
2022,Ⅰ類（情報系）,コンピュータサイエンス,実 践 教 育 科 目 / 倫理・キャリア教育科目 / 倫理・キャリア教育科目,4,youran2022-gakuiki.pdf,25,https://kyoumu.office.uec.ac.jp/youran/youran2022-gakuiki.pdf#page=25
2022,Ⅱ類（融合系）,セキュリティ情報学,実 践 教 育 科 目 / 倫理・キャリア教育科目 / 倫理・キャリア教育科目,4,youran2022-gakuiki.pdf,25,https://kyoumu.office.uec.ac.jp/youran/youran2022-gakuiki.pdf#page=25
2022,Ⅱ類（融合系）,情報通信工学,実 践 教 育 科 目 / 倫理・キャリア教育科目 / 倫理・キャリア教育科目,4,youran2022-gakuiki.pdf,25,https://kyoumu.office.uec.ac.jp/youran/youran2022-gakuiki.pdf#page=25
2022,Ⅱ類（融合系）,電子情報学,実 践 教 育 科 目 / 倫理・キャリア教育科目 / 倫理・キャリア教育科目,4,youran2022-gakuiki.pdf,25,https://kyoumu.office.uec.ac.jp/youran/youran2022-gakuiki.pdf#page=25
2022,Ⅱ類（融合系）,計測・制御システム,実 践 教 育 科 目 / 倫理・キャリア教育科目 / 倫理・キャリア教育科目,4,youran2022-gakuiki.pdf,25,https://kyoumu.office.uec.ac.jp/youran/youran2022-gakuiki.pdf#page=25
2022,Ⅱ類（融合系）,先端ロボティクス,実 践 教 育 科 目 / 倫理・キャリア教育科目 / 倫理・キャリア教育科目,4,youran2022-gakuiki.pdf,25,https://kyoumu.office.uec.ac.jp/youran/youran2022-gakuiki.pdf#page=25
2022,Ⅲ類（理工系）,機械システム,実 践 教 育 科 目 / 倫理・キャリア教育科目 / 倫理・キャリア教育科目,4,youran2022-gakuiki.pdf,25,https://kyoumu.office.uec.ac.jp/youran/youran2022-gakuiki.pdf#page=25
2022,Ⅲ類（理工系）,電子工学,実 践 教 育 科 目 / 倫理・キャリア教育科目 / 倫理・キャリア教育科目,4,youran2022-gakuiki.pdf,25,https://kyoumu.office.uec.ac.jp/youran/youran2022-gakuiki.pdf#page=25
2022,Ⅲ類（理工系）,光工学,実 践 教 育 科 目 / 倫理・キャリア教育科目 / 倫理・キャリア教育科目,4,youran2022-gakuiki.pdf,25,https://kyoumu.office.uec.ac.jp/youran/youran2022-gakuiki.pdf#page=25
2022,Ⅲ類（理工系）,物理工学,実 践 教 育 科 目 / 倫理・キャリア教育科目 / 倫理・キャリア教育科目,4,youran2022-gakuiki.pdf,25,https://kyoumu.office.uec.ac.jp/youran/youran2022-gakuiki.pdf#page=25
2022,Ⅲ類（理工系）,化学生命工学,実 践 教 育 科 目 / 倫理・キャリア教育科目 / 倫理・キャリア教育科目,4,youran2022-gakuiki.pdf,25,https://kyoumu.office.uec.ac.jp/youran/youran2022-gakuiki.pdf#page=25
2022,Ⅰ類（情報系）,コンピュータサイエンス,実 践 教 育 科 目 / 技術英語科目 / 技術英語科目,4,youran2022-gakuiki.pdf,25,https://kyoumu.office.uec.ac.jp/youran/youran2022-gakuiki.pdf#page=25
2022,Ⅱ類（融合系）,セキュリティ情報学,実 践 教 育 科 目 / 技術英語科目 / 技術英語科目,4,youran2022-gakuiki.pdf,25,https://kyoumu.office.uec.ac.jp/youran/youran2022-gakuiki.pdf#page=25
2022,Ⅱ類（融合系）,情報通信工学,実 践 教 育 科 目 / 技術英語科目 / 技術英語科目,4,youran2022-gakuiki.pdf,25,https://kyoumu.office.uec.ac.jp/youran/youran2022-gakuiki.pdf#page=25
2022,Ⅱ類（融合系）,電子情報学,実 践 教 育 科 目 / 技術英語科目 / 技術英語科目,4,youran2022-gakuiki.pdf,25,https://kyoumu.office.uec.ac.jp/youran/youran2022-gakuiki.pdf#page=25
2022,Ⅱ類（融合系）,計測・制御システム,実 践 教 育 科 目 / 技術英語科目 / 技術英語科目,4,youran2022-gakuiki.pdf,25,https://kyoumu.office.uec.ac.jp/youran/youran2022-gakuiki.pdf#page=25
2022,Ⅱ類（融合系）,先端ロボティクス,実 践 教 育 科 目 / 技術英語科目 / 技術英語科目,4,youran2022-gakuiki.pdf,25,https://kyoumu.office.uec.ac.jp/youran/youran2022-gakuiki.pdf#page=25
2022,Ⅲ類（理工系）,機械システム,実 践 教 育 科 目 / 技術英語科目 / 技術英語科目,4,youran2022-gakuiki.pdf,25,https://kyoumu.office.uec.ac.jp/youran/youran2022-gakuiki.pdf#page=25
2022,Ⅲ類（理工系）,電子工学,実 践 教 育 科 目 / 技術英語科目 / 技術英語科目,4,youran2022-gakuiki.pdf,25,https://kyoumu.office.uec.ac.jp/youran/youran2022-gakuiki.pdf#page=25
2022,Ⅲ類（理工系）,光工学,実 践 教 育 科 目 / 技術英語科目 / 技術英語科目,4,youran2022-gakuiki.pdf,25,https://kyoumu.office.uec.ac.jp/youran/youran2022-gakuiki.pdf#page=25
2022,Ⅲ類（理工系）,物理工学,実 践 教 育 科 目 / 技術英語科目 / 技術英語科目,4,youran2022-gakuiki.pdf,25,https://kyoumu.office.uec.ac.jp/youran/youran2022-gakuiki.pdf#page=25
2022,Ⅲ類（理工系）,化学生命工学,実 践 教 育 科 目 / 技術英語科目 / 技術英語科目,4,youran2022-gakuiki.pdf,25,https://kyoumu.office.uec.ac.jp/youran/youran2022-gakuiki.pdf#page=25
2022,Ⅰ類（情報系）,コンピュータサイエンス,実 践 教 育 科 目 / 小 計 / 小 計,17,youran2022-gakuiki.pdf,25,https://kyoumu.office.uec.ac.jp/youran/youran2022-gakuiki.pdf#page=25
2022,Ⅱ類（融合系）,セキュリティ情報学,実 践 教 育 科 目 / 小 計 / 小 計,17,youran2022-gakuiki.pdf,25,https://kyoumu.office.uec.ac.jp/youran/youran2022-gakuiki.pdf#page=25
2022,Ⅱ類（融合系）,情報通信工学,実 践 教 育 科 目 / 小 計 / 小 計,17,youran2022-gakuiki.pdf,25,https://kyoumu.office.uec.ac.jp/youran/youran2022-gakuiki.pdf#page=25
2022,Ⅱ類（融合系）,電子情報学,実 践 教 育 科 目 / 小 計 / 小 計,17,youran2022-gakuiki.pdf,25,https://kyoumu.office.uec.ac.jp/youran/youran2022-gakuiki.pdf#page=25
2022,Ⅱ類（融合系）,計測・制御システム,実 践 教 育 科 目 / 小 計 / 小 計,16,youran2022-gakuiki.pdf,25,https://kyoumu.office.uec.ac.jp/youran/youran2022-gakuiki.pdf#page=25
2022,Ⅱ類（融合系）,先端ロボティクス,実 践 教 育 科 目 / 小 計 / 小 計,16,youran2022-gakuiki.pdf,25,https://kyoumu.office.uec.ac.jp/youran/youran2022-gakuiki.pdf#page=25
2022,Ⅲ類（理工系）,機械システム,実 践 教 育 科 目 / 小 計 / 小 計,16,youran2022-gakuiki.pdf,25,https://kyoumu.office.uec.ac.jp/youran/youran2022-gakuiki.pdf#page=25
2022,Ⅲ類（理工系）,電子工学,実 践 教 育 科 目 / 小 計 / 小 計,16,youran2022-gakuiki.pdf,25,https://kyoumu.office.uec.ac.jp/youran/youran2022-gakuiki.pdf#page=25
2022,Ⅲ類（理工系）,光工学,実 践 教 育 科 目 / 小 計 / 小 計,16,youran2022-gakuiki.pdf,25,https://kyoumu.office.uec.ac.jp/youran/youran2022-gakuiki.pdf#page=25
2022,Ⅲ類（理工系）,物理工学,実 践 教 育 科 目 / 小 計 / 小 計,16,youran2022-gakuiki.pdf,25,https://kyoumu.office.uec.ac.jp/youran/youran2022-gakuiki.pdf#page=25
2022,Ⅲ類（理工系）,化学生命工学,実 践 教 育 科 目 / 小 計 / 小 計,16,youran2022-gakuiki.pdf,25,https://kyoumu.office.uec.ac.jp/youran/youran2022-gakuiki.pdf#page=25
2022,Ⅰ類（情報系）,コンピュータサイエンス,専 門 科 目 / 理数基礎科目 / 理数基礎科目,20,youran2022-gakuiki.pdf,25,https://kyoumu.office.uec.ac.jp/youran/youran2022-gakuiki.pdf#page=25
2022,Ⅱ類（融合系）,セキュリティ情報学,専 門 科 目 / 理数基礎科目 / 理数基礎科目,20,youran2022-gakuiki.pdf,25,https://kyoumu.office.uec.ac.jp/youran/youran2022-gakuiki.pdf#page=25
2022,Ⅱ類（融合系）,情報通信工学,専 門 科 目 / 理数基礎科目 / 理数基礎科目,20,youran2022-gakuiki.pdf,25,https://kyoumu.office.uec.ac.jp/youran/youran2022-gakuiki.pdf#page=25
2022,Ⅱ類（融合系）,電子情報学,専 門 科 目 / 理数基礎科目 / 理数基礎科目,20,youran2022-gakuiki.pdf,25,https://kyoumu.office.uec.ac.jp/youran/youran2022-gakuiki.pdf#page=25
2022,Ⅱ類（融合系）,計測・制御システム,専 門 科 目 / 理数基礎科目 / 理数基礎科目,20,youran2022-gakuiki.pdf,25,https://kyoumu.office.uec.ac.jp/youran/youran2022-gakuiki.pdf#page=25
2022,Ⅱ類（融合系）,先端ロボティクス,専 門 科 目 / 理数基礎科目 / 理数基礎科目,20,youran2022-gakuiki.pdf,25,https://kyoumu.office.uec.ac.jp/youran/youran2022-gakuiki.pdf#page=25
2022,Ⅲ類（理工系）,機械システム,専 門 科 目 / 理数基礎科目 / 理数基礎科目,20,youran2022-gakuiki.pdf,25,https://kyoumu.office.uec.ac.jp/youran/youran2022-gakuiki.pdf#page=25
2022,Ⅲ類（理工系）,電子工学,専 門 科 目 / 理数基礎科目 / 理数基礎科目,20,youran2022-gakuiki.pdf,25,https://kyoumu.office.uec.ac.jp/youran/youran2022-gakuiki.pdf#page=25
2022,Ⅲ類（理工系）,光工学,専 門 科 目 / 理数基礎科目 / 理数基礎科目,20,youran2022-gakuiki.pdf,25,https://kyoumu.office.uec.ac.jp/youran/youran2022-gakuiki.pdf#page=25
2022,Ⅲ類（理工系）,物理工学,専 門 科 目 / 理数基礎科目 / 理数基礎科目,20,youran2022-gakuiki.pdf,25,https://kyoumu.office.uec.ac.jp/youran/youran2022-gakuiki.pdf#page=25
2022,Ⅲ類（理工系）,化学生命工学,専 門 科 目 / 理数基礎科目 / 理数基礎科目,20,youran2022-gakuiki.pdf,25,https://kyoumu.office.uec.ac.jp/youran/youran2022-gakuiki.pdf#page=25
2022,Ⅰ類（情報系）,コンピュータサイエンス,専 門 科 目 / 基 類 礎 共 科 通 目 / 必修,15,youran2022-gakuiki.pdf,25,https://kyoumu.office.uec.ac.jp/youran/youran2022-gakuiki.pdf#page=25
2022,Ⅱ類（融合系）,セキュリティ情報学,専 門 科 目 / 基 類 礎 共 科 通 目 / 必修,17,youran2022-gakuiki.pdf,25,https://kyoumu.office.uec.ac.jp/youran/youran2022-gakuiki.pdf#page=25
2022,Ⅱ類（融合系）,情報通信工学,専 門 科 目 / 基 類 礎 共 科 通 目 / 必修,20,youran2022-gakuiki.pdf,25,https://kyoumu.office.uec.ac.jp/youran/youran2022-gakuiki.pdf#page=25
2022,Ⅱ類（融合系）,電子情報学,専 門 科 目 / 基 類 礎 共 科 通 目 / 必修,20,youran2022-gakuiki.pdf,25,https://kyoumu.office.uec.ac.jp/youran/youran2022-gakuiki.pdf#page=25
2022,Ⅱ類（融合系）,計測・制御システム,専 門 科 目 / 基 類 礎 共 科 通 目 / 必修,11,youran2022-gakuiki.pdf,25,https://kyoumu.office.uec.ac.jp/youran/youran2022-gakuiki.pdf#page=25
2022,Ⅱ類（融合系）,先端ロボティクス,専 門 科 目 / 基 類 礎 共 科 通 目 / 必修,11,youran2022-gakuiki.pdf,25,https://kyoumu.office.uec.ac.jp/youran/youran2022-gakuiki.pdf#page=25
2022,Ⅲ類（理工系）,機械システム,専 門 科 目 / 基 類 礎 共 科 通 目 / 必修,13,youran2022-gakuiki.pdf,25,https://kyoumu.office.uec.ac.jp/youran/youran2022-gakuiki.pdf#page=25
2022,Ⅲ類（理工系）,電子工学,専 門 科 目 / 基 類 礎 共 科 通 目 / 必修,18,youran2022-gakuiki.pdf,25,https://kyoumu.office.uec.ac.jp/youran/youran2022-gakuiki.pdf#page=25
2022,Ⅲ類（理工系）,光工学,専 門 科 目 / 基 類 礎 共 科 通 目 / 必修,18,youran2022-gakuiki.pdf,25,https://kyoumu.office.uec.ac.jp/youran/youran2022-gakuiki.pdf#page=25
2022,Ⅲ類（理工系）,物理工学,専 門 科 目 / 基 類 礎 共 科 通 目 / 必修,20,youran2022-gakuiki.pdf,25,https://kyoumu.office.uec.ac.jp/youran/youran2022-gakuiki.pdf#page=25
2022,Ⅲ類（理工系）,化学生命工学,専 門 科 目 / 基 類 礎 共 科 通 目 / 必修,15,youran2022-gakuiki.pdf,25,https://kyoumu.office.uec.ac.jp/youran/youran2022-gakuiki.pdf#page=25
2022,Ⅱ類（融合系）,情報通信工学,専 門 科 目 / 基 類 礎 共 科 通 目 / 選択必修,4,youran2022-gakuiki.pdf,25,https://kyoumu.office.uec.ac.jp/youran/youran2022-gakuiki.pdf#page=25
2022,Ⅱ類（融合系）,電子情報学,専 門 科 目 / 基 類 礎 共 科 通 目 / 選択必修,4,youran2022-gakuiki.pdf,25,https://kyoumu.office.uec.ac.jp/youran/youran2022-gakuiki.pdf#page=25
2022,Ⅱ類（融合系）,計測・制御システム,専 門 科 目 / 基 類 礎 共 科 通 目 / 選択必修,4,youran2022-gakuiki.pdf,25,https://kyoumu.office.uec.ac.jp/youran/youran2022-gakuiki.pdf#page=25
2022,Ⅱ類（融合系）,先端ロボティクス,専 門 科 目 / 基 類 礎 共 科 通 目 / 選択必修,4,youran2022-gakuiki.pdf,25,https://kyoumu.office.uec.ac.jp/youran/youran2022-gakuiki.pdf#page=25
2022,Ⅲ類（理工系）,機械システム,専 門 科 目 / 基 類 礎 共 科 通 目 / 選択必修,9,youran2022-gakuiki.pdf,25,https://kyoumu.office.uec.ac.jp/youran/youran2022-gakuiki.pdf#page=25
2022,Ⅲ類（理工系）,電子工学,専 門 科 目 / 基 類 礎 共 科 通 目 / 選択必修,2,youran2022-gakuiki.pdf,25,https://kyoumu.office.uec.ac.jp/youran/youran2022-gakuiki.pdf#page=25
2022,Ⅲ類（理工系）,光工学,専 門 科 目 / 基 類 礎 共 科 通 目 / 選択必修,2,youran2022-gakuiki.pdf,25,https://kyoumu.office.uec.ac.jp/youran/youran2022-gakuiki.pdf#page=25
2022,Ⅲ類（理工系）,物理工学,専 門 科 目 / 基 類 礎 共 科 通 目 / 選択必修,4,youran2022-gakuiki.pdf,25,https://kyoumu.office.uec.ac.jp/youran/youran2022-gakuiki.pdf#page=25
2022,Ⅲ類（理工系）,化学生命工学,専 門 科 目 / 基 類 礎 共 科 通 目 / 選択必修,6,youran2022-gakuiki.pdf,25,https://kyoumu.office.uec.ac.jp/youran/youran2022-gakuiki.pdf#page=25
2022,Ⅰ類（情報系）,コンピュータサイエンス,専 門 科 目 / 基 類 礎 共 科 通 目 / 選択,8,youran2022-gakuiki.pdf,25,https://kyoumu.office.uec.ac.jp/youran/youran2022-gakuiki.pdf#page=25
2022,Ⅱ類（融合系）,セキュリティ情報学,専 門 科 目 / 基 類 礎 共 科 通 目 / 選択,2,youran2022-gakuiki.pdf,25,https://kyoumu.office.uec.ac.jp/youran/youran2022-gakuiki.pdf#page=25
2022,Ⅲ類（理工系）,物理工学,専 門 科 目 / 基 類 礎 共 科 通 目 / 選択,2,youran2022-gakuiki.pdf,25,https://kyoumu.office.uec.ac.jp/youran/youran2022-gakuiki.pdf#page=25
2022,Ⅲ類（理工系）,化学生命工学,専 門 科 目 / 基 類 礎 共 科 通 目 / 選択,2,youran2022-gakuiki.pdf,25,https://kyoumu.office.uec.ac.jp/youran/youran2022-gakuiki.pdf#page=25
2022,Ⅰ類（情報系）,コンピュータサイエンス,専 門 科 目 / 類 科 専 目 門 / 必修,20,youran2022-gakuiki.pdf,25,https://kyoumu.office.uec.ac.jp/youran/youran2022-gakuiki.pdf#page=25
2022,Ⅱ類（融合系）,セキュリティ情報学,専 門 科 目 / 類 科 専 目 門 / 必修,12,youran2022-gakuiki.pdf,25,https://kyoumu.office.uec.ac.jp/youran/youran2022-gakuiki.pdf#page=25
2022,Ⅱ類（融合系）,情報通信工学,専 門 科 目 / 類 科 専 目 門 / 必修,22,youran2022-gakuiki.pdf,25,https://kyoumu.office.uec.ac.jp/youran/youran2022-gakuiki.pdf#page=25
2022,Ⅱ類（融合系）,電子情報学,専 門 科 目 / 類 科 専 目 門 / 必修,22,youran2022-gakuiki.pdf,25,https://kyoumu.office.uec.ac.jp/youran/youran2022-gakuiki.pdf#page=25
2022,Ⅱ類（融合系）,計測・制御システム,専 門 科 目 / 類 科 専 目 門 / 必修,31,youran2022-gakuiki.pdf,25,https://kyoumu.office.uec.ac.jp/youran/youran2022-gakuiki.pdf#page=25
2022,Ⅱ類（融合系）,先端ロボティクス,専 門 科 目 / 類 科 専 目 門 / 必修,30,youran2022-gakuiki.pdf,25,https://kyoumu.office.uec.ac.jp/youran/youran2022-gakuiki.pdf#page=25
2022,Ⅲ類（理工系）,機械システム,専 門 科 目 / 類 科 専 目 門 / 必修,31,youran2022-gakuiki.pdf,25,https://kyoumu.office.uec.ac.jp/youran/youran2022-gakuiki.pdf#page=25
2022,Ⅲ類（理工系）,電子工学,専 門 科 目 / 類 科 専 目 門 / 必修,31,youran2022-gakuiki.pdf,25,https://kyoumu.office.uec.ac.jp/youran/youran2022-gakuiki.pdf#page=25
2022,Ⅲ類（理工系）,光工学,専 門 科 目 / 類 科 専 目 門 / 必修,34,youran2022-gakuiki.pdf,25,https://kyoumu.office.uec.ac.jp/youran/youran2022-gakuiki.pdf#page=25
2022,Ⅲ類（理工系）,物理工学,専 門 科 目 / 類 科 専 目 門 / 必修,31,youran2022-gakuiki.pdf,25,https://kyoumu.office.uec.ac.jp/youran/youran2022-gakuiki.pdf#page=25
2022,Ⅲ類（理工系）,化学生命工学,専 門 科 目 / 類 科 専 目 門 / 必修,32,youran2022-gakuiki.pdf,25,https://kyoumu.office.uec.ac.jp/youran/youran2022-gakuiki.pdf#page=25
2022,Ⅱ類（融合系）,情報通信工学,専 門 科 目 / 類 科 専 目 門 / 選択必修,12,youran2022-gakuiki.pdf,25,https://kyoumu.office.uec.ac.jp/youran/youran2022-gakuiki.pdf#page=25
2022,Ⅱ類（融合系）,電子情報学,専 門 科 目 / 類 科 専 目 門 / 選択必修,12,youran2022-gakuiki.pdf,25,https://kyoumu.office.uec.ac.jp/youran/youran2022-gakuiki.pdf#page=25
2022,Ⅱ類（融合系）,計測・制御システム,専 門 科 目 / 類 科 専 目 門 / 選択必修,12,youran2022-gakuiki.pdf,25,https://kyoumu.office.uec.ac.jp/youran/youran2022-gakuiki.pdf#page=25
2022,Ⅱ類（融合系）,先端ロボティクス,専 門 科 目 / 類 科 専 目 門 / 選択必修,12,youran2022-gakuiki.pdf,25,https://kyoumu.office.uec.ac.jp/youran/youran2022-gakuiki.pdf#page=25
2022,Ⅲ類（理工系）,機械システム,専 門 科 目 / 類 科 専 目 門 / 選択必修,9,youran2022-gakuiki.pdf,25,https://kyoumu.office.uec.ac.jp/youran/youran2022-gakuiki.pdf#page=25
2022,Ⅲ類（理工系）,物理工学,専 門 科 目 / 類 科 専 目 門 / 選択必修,5,youran2022-gakuiki.pdf,25,https://kyoumu.office.uec.ac.jp/youran/youran2022-gakuiki.pdf#page=25
2022,Ⅲ類（理工系）,化学生命工学,専 門 科 目 / 類 科 専 目 門 / 選択必修,8,youran2022-gakuiki.pdf,25,https://kyoumu.office.uec.ac.jp/youran/youran2022-gakuiki.pdf#page=25
2022,Ⅰ類（情報系）,コンピュータサイエンス,専 門 科 目 / 類 科 専 目 門 / 選択,16,youran2022-gakuiki.pdf,25,https://kyoumu.office.uec.ac.jp/youran/youran2022-gakuiki.pdf#page=25
2022,Ⅱ類（融合系）,セキュリティ情報学,専 門 科 目 / 類 科 専 目 門 / 選択,30,youran2022-gakuiki.pdf,25,https://kyoumu.office.uec.ac.jp/youran/youran2022-gakuiki.pdf#page=25
2022,Ⅱ類（融合系）,情報通信工学,専 門 科 目 / 類 科 専 目 門 / 選択,10,youran2022-gakuiki.pdf,25,https://kyoumu.office.uec.ac.jp/youran/youran2022-gakuiki.pdf#page=25
2022,Ⅱ類（融合系）,電子情報学,専 門 科 目 / 類 科 専 目 門 / 選択,10,youran2022-gakuiki.pdf,25,https://kyoumu.office.uec.ac.jp/youran/youran2022-gakuiki.pdf#page=25
2022,Ⅱ類（融合系）,計測・制御システム,専 門 科 目 / 類 科 専 目 門 / 選択,8,youran2022-gakuiki.pdf,25,https://kyoumu.office.uec.ac.jp/youran/youran2022-gakuiki.pdf#page=25
2022,Ⅱ類（融合系）,先端ロボティクス,専 門 科 目 / 類 科 専 目 門 / 選択,8,youran2022-gakuiki.pdf,25,https://kyoumu.office.uec.ac.jp/youran/youran2022-gakuiki.pdf#page=25
2022,Ⅲ類（理工系）,機械システム,専 門 科 目 / 類 科 専 目 門 / 選択,4,youran2022-gakuiki.pdf,25,https://kyoumu.office.uec.ac.jp/youran/youran2022-gakuiki.pdf#page=25
2022,Ⅲ類（理工系）,電子工学,専 門 科 目 / 類 科 専 目 門 / 選択,14,youran2022-gakuiki.pdf,25,https://kyoumu.office.uec.ac.jp/youran/youran2022-gakuiki.pdf#page=25
2022,Ⅲ類（理工系）,光工学,専 門 科 目 / 類 科 専 目 門 / 選択,12,youran2022-gakuiki.pdf,25,https://kyoumu.office.uec.ac.jp/youran/youran2022-gakuiki.pdf#page=25
2022,Ⅲ類（理工系）,物理工学,専 門 科 目 / 類 科 専 目 門 / 選択,2,youran2022-gakuiki.pdf,25,https://kyoumu.office.uec.ac.jp/youran/youran2022-gakuiki.pdf#page=25
2022,Ⅲ類（理工系）,化学生命工学,専 門 科 目 / 類 科 専 目 門 / 選択,2,youran2022-gakuiki.pdf,25,https://kyoumu.office.uec.ac.jp/youran/youran2022-gakuiki.pdf#page=25
2022,Ⅰ類（情報系）,コンピュータサイエンス,専 門 科 目 / 小 計 / 小 計,79,youran2022-gakuiki.pdf,25,https://kyoumu.office.uec.ac.jp/youran/youran2022-gakuiki.pdf#page=25
2022,Ⅱ類（融合系）,セキュリティ情報学,専 門 科 目 / 小 計 / 小 計,81,youran2022-gakuiki.pdf,25,https://kyoumu.office.uec.ac.jp/youran/youran2022-gakuiki.pdf#page=25
2022,Ⅱ類（融合系）,情報通信工学,専 門 科 目 / 小 計 / 小 計,88,youran2022-gakuiki.pdf,25,https://kyoumu.office.uec.ac.jp/youran/youran2022-gakuiki.pdf#page=25
2022,Ⅱ類（融合系）,電子情報学,専 門 科 目 / 小 計 / 小 計,88,youran2022-gakuiki.pdf,25,https://kyoumu.office.uec.ac.jp/youran/youran2022-gakuiki.pdf#page=25
2022,Ⅱ類（融合系）,計測・制御システム,専 門 科 目 / 小 計 / 小 計,86,youran2022-gakuiki.pdf,25,https://kyoumu.office.uec.ac.jp/youran/youran2022-gakuiki.pdf#page=25
2022,Ⅱ類（融合系）,先端ロボティクス,専 門 科 目 / 小 計 / 小 計,85,youran2022-gakuiki.pdf,25,https://kyoumu.office.uec.ac.jp/youran/youran2022-gakuiki.pdf#page=25
2022,Ⅲ類（理工系）,機械システム,専 門 科 目 / 小 計 / 小 計,86,youran2022-gakuiki.pdf,25,https://kyoumu.office.uec.ac.jp/youran/youran2022-gakuiki.pdf#page=25
2022,Ⅲ類（理工系）,電子工学,専 門 科 目 / 小 計 / 小 計,85,youran2022-gakuiki.pdf,25,https://kyoumu.office.uec.ac.jp/youran/youran2022-gakuiki.pdf#page=25
2022,Ⅲ類（理工系）,光工学,専 門 科 目 / 小 計 / 小 計,86,youran2022-gakuiki.pdf,25,https://kyoumu.office.uec.ac.jp/youran/youran2022-gakuiki.pdf#page=25
2022,Ⅲ類（理工系）,物理工学,専 門 科 目 / 小 計 / 小 計,84,youran2022-gakuiki.pdf,25,https://kyoumu.office.uec.ac.jp/youran/youran2022-gakuiki.pdf#page=25
2022,Ⅲ類（理工系）,化学生命工学,専 門 科 目 / 小 計 / 小 計,85,youran2022-gakuiki.pdf,25,https://kyoumu.office.uec.ac.jp/youran/youran2022-gakuiki.pdf#page=25
2022,Ⅰ類（情報系）,コンピュータサイエンス,共 通 単 位 / 小 計 / 小 計,5,youran2022-gakuiki.pdf,25,https://kyoumu.office.uec.ac.jp/youran/youran2022-gakuiki.pdf#page=25
2022,Ⅱ類（融合系）,セキュリティ情報学,共 通 単 位 / 小 計 / 小 計,8,youran2022-gakuiki.pdf,25,https://kyoumu.office.uec.ac.jp/youran/youran2022-gakuiki.pdf#page=25
2022,Ⅱ類（融合系）,情報通信工学,共 通 単 位 / 小 計 / 小 計,1,youran2022-gakuiki.pdf,25,https://kyoumu.office.uec.ac.jp/youran/youran2022-gakuiki.pdf#page=25
2022,Ⅱ類（融合系）,電子情報学,共 通 単 位 / 小 計 / 小 計,1,youran2022-gakuiki.pdf,25,https://kyoumu.office.uec.ac.jp/youran/youran2022-gakuiki.pdf#page=25
2022,Ⅱ類（融合系）,計測・制御システム,共 通 単 位 / 小 計 / 小 計,4,youran2022-gakuiki.pdf,25,https://kyoumu.office.uec.ac.jp/youran/youran2022-gakuiki.pdf#page=25
2022,Ⅱ類（融合系）,先端ロボティクス,共 通 単 位 / 小 計 / 小 計,5,youran2022-gakuiki.pdf,25,https://kyoumu.office.uec.ac.jp/youran/youran2022-gakuiki.pdf#page=25
2022,Ⅲ類（理工系）,機械システム,共 通 単 位 / 小 計 / 小 計,4,youran2022-gakuiki.pdf,25,https://kyoumu.office.uec.ac.jp/youran/youran2022-gakuiki.pdf#page=25
2022,Ⅲ類（理工系）,電子工学,共 通 単 位 / 小 計 / 小 計,5,youran2022-gakuiki.pdf,25,https://kyoumu.office.uec.ac.jp/youran/youran2022-gakuiki.pdf#page=25
2022,Ⅲ類（理工系）,光工学,共 通 単 位 / 小 計 / 小 計,4,youran2022-gakuiki.pdf,25,https://kyoumu.office.uec.ac.jp/youran/youran2022-gakuiki.pdf#page=25
2022,Ⅲ類（理工系）,物理工学,共 通 単 位 / 小 計 / 小 計,6,youran2022-gakuiki.pdf,25,https://kyoumu.office.uec.ac.jp/youran/youran2022-gakuiki.pdf#page=25
2022,Ⅲ類（理工系）,化学生命工学,共 通 単 位 / 小 計 / 小 計,5,youran2022-gakuiki.pdf,25,https://kyoumu.office.uec.ac.jp/youran/youran2022-gakuiki.pdf#page=25
2022,Ⅰ類（情報系）,コンピュータサイエンス,合 計 / 小 計 / 小 計,128,youran2022-gakuiki.pdf,25,https://kyoumu.office.uec.ac.jp/youran/youran2022-gakuiki.pdf#page=25
2022,Ⅱ類（融合系）,セキュリティ情報学,合 計 / 小 計 / 小 計,133,youran2022-gakuiki.pdf,25,https://kyoumu.office.uec.ac.jp/youran/youran2022-gakuiki.pdf#page=25
2022,Ⅱ類（融合系）,情報通信工学,合 計 / 小 計 / 小 計,133,youran2022-gakuiki.pdf,25,https://kyoumu.office.uec.ac.jp/youran/youran2022-gakuiki.pdf#page=25
2022,Ⅱ類（融合系）,電子情報学,合 計 / 小 計 / 小 計,133,youran2022-gakuiki.pdf,25,https://kyoumu.office.uec.ac.jp/youran/youran2022-gakuiki.pdf#page=25
2022,Ⅱ類（融合系）,計測・制御システム,合 計 / 小 計 / 小 計,133,youran2022-gakuiki.pdf,25,https://kyoumu.office.uec.ac.jp/youran/youran2022-gakuiki.pdf#page=25
2022,Ⅱ類（融合系）,先端ロボティクス,合 計 / 小 計 / 小 計,133,youran2022-gakuiki.pdf,25,https://kyoumu.office.uec.ac.jp/youran/youran2022-gakuiki.pdf#page=25
2022,Ⅲ類（理工系）,機械システム,合 計 / 小 計 / 小 計,133,youran2022-gakuiki.pdf,25,https://kyoumu.office.uec.ac.jp/youran/youran2022-gakuiki.pdf#page=25
2022,Ⅲ類（理工系）,電子工学,合 計 / 小 計 / 小 計,133,youran2022-gakuiki.pdf,25,https://kyoumu.office.uec.ac.jp/youran/youran2022-gakuiki.pdf#page=25
2022,Ⅲ類（理工系）,光工学,合 計 / 小 計 / 小 計,133,youran2022-gakuiki.pdf,25,https://kyoumu.office.uec.ac.jp/youran/youran2022-gakuiki.pdf#page=25
2022,Ⅲ類（理工系）,物理工学,合 計 / 小 計 / 小 計,133,youran2022-gakuiki.pdf,25,https://kyoumu.office.uec.ac.jp/youran/youran2022-gakuiki.pdf#page=25
2022,Ⅲ類（理工系）,化学生命工学,合 計 / 小 計 / 小 計,133,youran2022-gakuiki.pdf,25,https://kyoumu.office.uec.ac.jp/youran/youran2022-gakuiki.pdf#page=25
2023,Ⅰ類（情報系）,コンピュータサイエンス,総 合 文 化 科 目 / 人文・社会科学科目 / 人文・社会科学科目,8,youran2023-gakuiki.pdf,25,https://kyoumu.office.uec.ac.jp/youran/youran2023-gakuiki.pdf#page=25
2023,Ⅰ類（情報系）,デザイン思考・データサイエンス,総 合 文 化 科 目 / 人文・社会科学科目 / 人文・社会科学科目,8,youran2023-gakuiki.pdf,25,https://kyoumu.office.uec.ac.jp/youran/youran2023-gakuiki.pdf#page=25
2023,Ⅱ類（融合系）,セキュリティ情報学,総 合 文 化 科 目 / 人文・社会科学科目 / 人文・社会科学科目,8,youran2023-gakuiki.pdf,25,https://kyoumu.office.uec.ac.jp/youran/youran2023-gakuiki.pdf#page=25
2023,Ⅱ類（融合系）,情報通信工学,総 合 文 化 科 目 / 人文・社会科学科目 / 人文・社会科学科目,8,youran2023-gakuiki.pdf,25,https://kyoumu.office.uec.ac.jp/youran/youran2023-gakuiki.pdf#page=25
2023,Ⅱ類（融合系）,電子情報学,総 合 文 化 科 目 / 人文・社会科学科目 / 人文・社会科学科目,8,youran2023-gakuiki.pdf,25,https://kyoumu.office.uec.ac.jp/youran/youran2023-gakuiki.pdf#page=25
2023,Ⅱ類（融合系）,計測・制御システム,総 合 文 化 科 目 / 人文・社会科学科目 / 人文・社会科学科目,8,youran2023-gakuiki.pdf,25,https://kyoumu.office.uec.ac.jp/youran/youran2023-gakuiki.pdf#page=25
2023,Ⅱ類（融合系）,先端ロボティクス,総 合 文 化 科 目 / 人文・社会科学科目 / 人文・社会科学科目,8,youran2023-gakuiki.pdf,25,https://kyoumu.office.uec.ac.jp/youran/youran2023-gakuiki.pdf#page=25
2023,Ⅲ類（理工系）,機械システム,総 合 文 化 科 目 / 人文・社会科学科目 / 人文・社会科学科目,8,youran2023-gakuiki.pdf,25,https://kyoumu.office.uec.ac.jp/youran/youran2023-gakuiki.pdf#page=25
2023,Ⅲ類（理工系）,電子工学,総 合 文 化 科 目 / 人文・社会科学科目 / 人文・社会科学科目,8,youran2023-gakuiki.pdf,25,https://kyoumu.office.uec.ac.jp/youran/youran2023-gakuiki.pdf#page=25
2023,Ⅲ類（理工系）,光工学,総 合 文 化 科 目 / 人文・社会科学科目 / 人文・社会科学科目,8,youran2023-gakuiki.pdf,25,https://kyoumu.office.uec.ac.jp/youran/youran2023-gakuiki.pdf#page=25
2023,Ⅲ類（理工系）,物理工学,総 合 文 化 科 目 / 人文・社会科学科目 / 人文・社会科学科目,8,youran2023-gakuiki.pdf,25,https://kyoumu.office.uec.ac.jp/youran/youran2023-gakuiki.pdf#page=25
2023,Ⅲ類（理工系）,化学生命工学,総 合 文 化 科 目 / 人文・社会科学科目 / 人文・社会科学科目,8,youran2023-gakuiki.pdf,25,https://kyoumu.office.uec.ac.jp/youran/youran2023-gakuiki.pdf#page=25
2023,Ⅰ類（情報系）,コンピュータサイエンス,総 合 文 化 科 目 / 言 語 文 化 科 目 / 言語文化基礎科目Ⅰ,4,youran2023-gakuiki.pdf,25,https://kyoumu.office.uec.ac.jp/youran/youran2023-gakuiki.pdf#page=25
2023,Ⅰ類（情報系）,デザイン思考・データサイエンス,総 合 文 化 科 目 / 言 語 文 化 科 目 / 言語文化基礎科目Ⅰ,4,youran2023-gakuiki.pdf,25,https://kyoumu.office.uec.ac.jp/youran/youran2023-gakuiki.pdf#page=25
2023,Ⅱ類（融合系）,セキュリティ情報学,総 合 文 化 科 目 / 言 語 文 化 科 目 / 言語文化基礎科目Ⅰ,4,youran2023-gakuiki.pdf,25,https://kyoumu.office.uec.ac.jp/youran/youran2023-gakuiki.pdf#page=25
2023,Ⅱ類（融合系）,情報通信工学,総 合 文 化 科 目 / 言 語 文 化 科 目 / 言語文化基礎科目Ⅰ,4,youran2023-gakuiki.pdf,25,https://kyoumu.office.uec.ac.jp/youran/youran2023-gakuiki.pdf#page=25
2023,Ⅱ類（融合系）,電子情報学,総 合 文 化 科 目 / 言 語 文 化 科 目 / 言語文化基礎科目Ⅰ,4,youran2023-gakuiki.pdf,25,https://kyoumu.office.uec.ac.jp/youran/youran2023-gakuiki.pdf#page=25
2023,Ⅱ類（融合系）,計測・制御システム,総 合 文 化 科 目 / 言 語 文 化 科 目 / 言語文化基礎科目Ⅰ,4,youran2023-gakuiki.pdf,25,https://kyoumu.office.uec.ac.jp/youran/youran2023-gakuiki.pdf#page=25
2023,Ⅱ類（融合系）,先端ロボティクス,総 合 文 化 科 目 / 言 語 文 化 科 目 / 言語文化基礎科目Ⅰ,4,youran2023-gakuiki.pdf,25,https://kyoumu.office.uec.ac.jp/youran/youran2023-gakuiki.pdf#page=25
2023,Ⅲ類（理工系）,機械システム,総 合 文 化 科 目 / 言 語 文 化 科 目 / 言語文化基礎科目Ⅰ,4,youran2023-gakuiki.pdf,25,https://kyoumu.office.uec.ac.jp/youran/youran2023-gakuiki.pdf#page=25
2023,Ⅲ類（理工系）,電子工学,総 合 文 化 科 目 / 言 語 文 化 科 目 / 言語文化基礎科目Ⅰ,4,youran2023-gakuiki.pdf,25,https://kyoumu.office.uec.ac.jp/youran/youran2023-gakuiki.pdf#page=25
2023,Ⅲ類（理工系）,光工学,総 合 文 化 科 目 / 言 語 文 化 科 目 / 言語文化基礎科目Ⅰ,4,youran2023-gakuiki.pdf,25,https://kyoumu.office.uec.ac.jp/youran/youran2023-gakuiki.pdf#page=25
2023,Ⅲ類（理工系）,物理工学,総 合 文 化 科 目 / 言 語 文 化 科 目 / 言語文化基礎科目Ⅰ,4,youran2023-gakuiki.pdf,25,https://kyoumu.office.uec.ac.jp/youran/youran2023-gakuiki.pdf#page=25
2023,Ⅲ類（理工系）,化学生命工学,総 合 文 化 科 目 / 言 語 文 化 科 目 / 言語文化基礎科目Ⅰ,4,youran2023-gakuiki.pdf,25,https://kyoumu.office.uec.ac.jp/youran/youran2023-gakuiki.pdf#page=25
2023,Ⅰ類（情報系）,コンピュータサイエンス,総 合 文 化 科 目 / 言 語 文 化 科 目 / 言語文化応用科目Ⅰ,2,youran2023-gakuiki.pdf,25,https://kyoumu.office.uec.ac.jp/youran/youran2023-gakuiki.pdf#page=25
2023,Ⅰ類（情報系）,デザイン思考・データサイエンス,総 合 文 化 科 目 / 言 語 文 化 科 目 / 言語文化応用科目Ⅰ,2,youran2023-gakuiki.pdf,25,https://kyoumu.office.uec.ac.jp/youran/youran2023-gakuiki.pdf#page=25
2023,Ⅱ類（融合系）,セキュリティ情報学,総 合 文 化 科 目 / 言 語 文 化 科 目 / 言語文化応用科目Ⅰ,2,youran2023-gakuiki.pdf,25,https://kyoumu.office.uec.ac.jp/youran/youran2023-gakuiki.pdf#page=25
2023,Ⅱ類（融合系）,情報通信工学,総 合 文 化 科 目 / 言 語 文 化 科 目 / 言語文化応用科目Ⅰ,2,youran2023-gakuiki.pdf,25,https://kyoumu.office.uec.ac.jp/youran/youran2023-gakuiki.pdf#page=25
2023,Ⅱ類（融合系）,電子情報学,総 合 文 化 科 目 / 言 語 文 化 科 目 / 言語文化応用科目Ⅰ,2,youran2023-gakuiki.pdf,25,https://kyoumu.office.uec.ac.jp/youran/youran2023-gakuiki.pdf#page=25
2023,Ⅱ類（融合系）,計測・制御システム,総 合 文 化 科 目 / 言 語 文 化 科 目 / 言語文化応用科目Ⅰ,2,youran2023-gakuiki.pdf,25,https://kyoumu.office.uec.ac.jp/youran/youran2023-gakuiki.pdf#page=25
2023,Ⅱ類（融合系）,先端ロボティクス,総 合 文 化 科 目 / 言 語 文 化 科 目 / 言語文化応用科目Ⅰ,2,youran2023-gakuiki.pdf,25,https://kyoumu.office.uec.ac.jp/youran/youran2023-gakuiki.pdf#page=25
2023,Ⅲ類（理工系）,機械システム,総 合 文 化 科 目 / 言 語 文 化 科 目 / 言語文化応用科目Ⅰ,2,youran2023-gakuiki.pdf,25,https://kyoumu.office.uec.ac.jp/youran/youran2023-gakuiki.pdf#page=25
2023,Ⅲ類（理工系）,電子工学,総 合 文 化 科 目 / 言 語 文 化 科 目 / 言語文化応用科目Ⅰ,2,youran2023-gakuiki.pdf,25,https://kyoumu.office.uec.ac.jp/youran/youran2023-gakuiki.pdf#page=25
2023,Ⅲ類（理工系）,光工学,総 合 文 化 科 目 / 言 語 文 化 科 目 / 言語文化応用科目Ⅰ,2,youran2023-gakuiki.pdf,25,https://kyoumu.office.uec.ac.jp/youran/youran2023-gakuiki.pdf#page=25
2023,Ⅲ類（理工系）,物理工学,総 合 文 化 科 目 / 言 語 文 化 科 目 / 言語文化応用科目Ⅰ,2,youran2023-gakuiki.pdf,25,https://kyoumu.office.uec.ac.jp/youran/youran2023-gakuiki.pdf#page=25
2023,Ⅲ類（理工系）,化学生命工学,総 合 文 化 科 目 / 言 語 文 化 科 目 / 言語文化応用科目Ⅰ,2,youran2023-gakuiki.pdf,25,https://kyoumu.office.uec.ac.jp/youran/youran2023-gakuiki.pdf#page=25
2023,Ⅰ類（情報系）,コンピュータサイエンス,総 合 文 化 科 目 / 言 語 文 化 科 目 / 言語文化基礎科目Ⅱ,2,youran2023-gakuiki.pdf,25,https://kyoumu.office.uec.ac.jp/youran/youran2023-gakuiki.pdf#page=25
2023,Ⅰ類（情報系）,デザイン思考・データサイエンス,総 合 文 化 科 目 / 言 語 文 化 科 目 / 言語文化基礎科目Ⅱ,2,youran2023-gakuiki.pdf,25,https://kyoumu.office.uec.ac.jp/youran/youran2023-gakuiki.pdf#page=25
2023,Ⅱ類（融合系）,セキュリティ情報学,総 合 文 化 科 目 / 言 語 文 化 科 目 / 言語文化基礎科目Ⅱ,2,youran2023-gakuiki.pdf,25,https://kyoumu.office.uec.ac.jp/youran/youran2023-gakuiki.pdf#page=25
2023,Ⅱ類（融合系）,情報通信工学,総 合 文 化 科 目 / 言 語 文 化 科 目 / 言語文化基礎科目Ⅱ,2,youran2023-gakuiki.pdf,25,https://kyoumu.office.uec.ac.jp/youran/youran2023-gakuiki.pdf#page=25
2023,Ⅱ類（融合系）,電子情報学,総 合 文 化 科 目 / 言 語 文 化 科 目 / 言語文化基礎科目Ⅱ,2,youran2023-gakuiki.pdf,25,https://kyoumu.office.uec.ac.jp/youran/youran2023-gakuiki.pdf#page=25
2023,Ⅱ類（融合系）,計測・制御システム,総 合 文 化 科 目 / 言 語 文 化 科 目 / 言語文化基礎科目Ⅱ,2,youran2023-gakuiki.pdf,25,https://kyoumu.office.uec.ac.jp/youran/youran2023-gakuiki.pdf#page=25
2023,Ⅱ類（融合系）,先端ロボティクス,総 合 文 化 科 目 / 言 語 文 化 科 目 / 言語文化基礎科目Ⅱ,2,youran2023-gakuiki.pdf,25,https://kyoumu.office.uec.ac.jp/youran/youran2023-gakuiki.pdf#page=25
2023,Ⅲ類（理工系）,機械システム,総 合 文 化 科 目 / 言 語 文 化 科 目 / 言語文化基礎科目Ⅱ,2,youran2023-gakuiki.pdf,25,https://kyoumu.office.uec.ac.jp/youran/youran2023-gakuiki.pdf#page=25
2023,Ⅲ類（理工系）,電子工学,総 合 文 化 科 目 / 言 語 文 化 科 目 / 言語文化基礎科目Ⅱ,2,youran2023-gakuiki.pdf,25,https://kyoumu.office.uec.ac.jp/youran/youran2023-gakuiki.pdf#page=25
2023,Ⅲ類（理工系）,光工学,総 合 文 化 科 目 / 言 語 文 化 科 目 / 言語文化基礎科目Ⅱ,2,youran2023-gakuiki.pdf,25,https://kyoumu.office.uec.ac.jp/youran/youran2023-gakuiki.pdf#page=25
2023,Ⅲ類（理工系）,物理工学,総 合 文 化 科 目 / 言 語 文 化 科 目 / 言語文化基礎科目Ⅱ,2,youran2023-gakuiki.pdf,25,https://kyoumu.office.uec.ac.jp/youran/youran2023-gakuiki.pdf#page=25
2023,Ⅲ類（理工系）,化学生命工学,総 合 文 化 科 目 / 言 語 文 化 科 目 / 言語文化基礎科目Ⅱ,2,youran2023-gakuiki.pdf,25,https://kyoumu.office.uec.ac.jp/youran/youran2023-gakuiki.pdf#page=25
2023,Ⅰ類（情報系）,コンピュータサイエンス,総 合 文 化 科 目 / 言 語 文 化 科 目 / 言語文化演習科目,2,youran2023-gakuiki.pdf,25,https://kyoumu.office.uec.ac.jp/youran/youran2023-gakuiki.pdf#page=25
2023,Ⅰ類（情報系）,デザイン思考・データサイエンス,総 合 文 化 科 目 / 言 語 文 化 科 目 / 言語文化演習科目,2,youran2023-gakuiki.pdf,25,https://kyoumu.office.uec.ac.jp/youran/youran2023-gakuiki.pdf#page=25
2023,Ⅱ類（融合系）,セキュリティ情報学,総 合 文 化 科 目 / 言 語 文 化 科 目 / 言語文化演習科目,2,youran2023-gakuiki.pdf,25,https://kyoumu.office.uec.ac.jp/youran/youran2023-gakuiki.pdf#page=25
2023,Ⅱ類（融合系）,情報通信工学,総 合 文 化 科 目 / 言 語 文 化 科 目 / 言語文化演習科目,2,youran2023-gakuiki.pdf,25,https://kyoumu.office.uec.ac.jp/youran/youran2023-gakuiki.pdf#page=25
2023,Ⅱ類（融合系）,電子情報学,総 合 文 化 科 目 / 言 語 文 化 科 目 / 言語文化演習科目,2,youran2023-gakuiki.pdf,25,https://kyoumu.office.uec.ac.jp/youran/youran2023-gakuiki.pdf#page=25
2023,Ⅱ類（融合系）,計測・制御システム,総 合 文 化 科 目 / 言 語 文 化 科 目 / 言語文化演習科目,2,youran2023-gakuiki.pdf,25,https://kyoumu.office.uec.ac.jp/youran/youran2023-gakuiki.pdf#page=25
2023,Ⅱ類（融合系）,先端ロボティクス,総 合 文 化 科 目 / 言 語 文 化 科 目 / 言語文化演習科目,2,youran2023-gakuiki.pdf,25,https://kyoumu.office.uec.ac.jp/youran/youran2023-gakuiki.pdf#page=25
2023,Ⅲ類（理工系）,機械システム,総 合 文 化 科 目 / 言 語 文 化 科 目 / 言語文化演習科目,2,youran2023-gakuiki.pdf,25,https://kyoumu.office.uec.ac.jp/youran/youran2023-gakuiki.pdf#page=25
2023,Ⅲ類（理工系）,電子工学,総 合 文 化 科 目 / 言 語 文 化 科 目 / 言語文化演習科目,2,youran2023-gakuiki.pdf,25,https://kyoumu.office.uec.ac.jp/youran/youran2023-gakuiki.pdf#page=25
2023,Ⅲ類（理工系）,光工学,総 合 文 化 科 目 / 言 語 文 化 科 目 / 言語文化演習科目,2,youran2023-gakuiki.pdf,25,https://kyoumu.office.uec.ac.jp/youran/youran2023-gakuiki.pdf#page=25
2023,Ⅲ類（理工系）,物理工学,総 合 文 化 科 目 / 言 語 文 化 科 目 / 言語文化演習科目,2,youran2023-gakuiki.pdf,25,https://kyoumu.office.uec.ac.jp/youran/youran2023-gakuiki.pdf#page=25
2023,Ⅲ類（理工系）,化学生命工学,総 合 文 化 科 目 / 言 語 文 化 科 目 / 言語文化演習科目,2,youran2023-gakuiki.pdf,25,https://kyoumu.office.uec.ac.jp/youran/youran2023-gakuiki.pdf#page=25
2023,Ⅰ類（情報系）,コンピュータサイエンス,総 合 文 化 科 目 / 健康・スポーツ科学科目 / 健康・スポーツ科学科目,3,youran2023-gakuiki.pdf,25,https://kyoumu.office.uec.ac.jp/youran/youran2023-gakuiki.pdf#page=25
2023,Ⅰ類（情報系）,デザイン思考・データサイエンス,総 合 文 化 科 目 / 健康・スポーツ科学科目 / 健康・スポーツ科学科目,3,youran2023-gakuiki.pdf,25,https://kyoumu.office.uec.ac.jp/youran/youran2023-gakuiki.pdf#page=25
2023,Ⅱ類（融合系）,セキュリティ情報学,総 合 文 化 科 目 / 健康・スポーツ科学科目 / 健康・スポーツ科学科目,3,youran2023-gakuiki.pdf,25,https://kyoumu.office.uec.ac.jp/youran/youran2023-gakuiki.pdf#page=25
2023,Ⅱ類（融合系）,情報通信工学,総 合 文 化 科 目 / 健康・スポーツ科学科目 / 健康・スポーツ科学科目,3,youran2023-gakuiki.pdf,25,https://kyoumu.office.uec.ac.jp/youran/youran2023-gakuiki.pdf#page=25
2023,Ⅱ類（融合系）,電子情報学,総 合 文 化 科 目 / 健康・スポーツ科学科目 / 健康・スポーツ科学科目,3,youran2023-gakuiki.pdf,25,https://kyoumu.office.uec.ac.jp/youran/youran2023-gakuiki.pdf#page=25
2023,Ⅱ類（融合系）,計測・制御システム,総 合 文 化 科 目 / 健康・スポーツ科学科目 / 健康・スポーツ科学科目,3,youran2023-gakuiki.pdf,25,https://kyoumu.office.uec.ac.jp/youran/youran2023-gakuiki.pdf#page=25
2023,Ⅱ類（融合系）,先端ロボティクス,総 合 文 化 科 目 / 健康・スポーツ科学科目 / 健康・スポーツ科学科目,3,youran2023-gakuiki.pdf,25,https://kyoumu.office.uec.ac.jp/youran/youran2023-gakuiki.pdf#page=25
2023,Ⅲ類（理工系）,機械システム,総 合 文 化 科 目 / 健康・スポーツ科学科目 / 健康・スポーツ科学科目,3,youran2023-gakuiki.pdf,25,https://kyoumu.office.uec.ac.jp/youran/youran2023-gakuiki.pdf#page=25
2023,Ⅲ類（理工系）,電子工学,総 合 文 化 科 目 / 健康・スポーツ科学科目 / 健康・スポーツ科学科目,3,youran2023-gakuiki.pdf,25,https://kyoumu.office.uec.ac.jp/youran/youran2023-gakuiki.pdf#page=25
2023,Ⅲ類（理工系）,光工学,総 合 文 化 科 目 / 健康・スポーツ科学科目 / 健康・スポーツ科学科目,3,youran2023-gakuiki.pdf,25,https://kyoumu.office.uec.ac.jp/youran/youran2023-gakuiki.pdf#page=25
2023,Ⅲ類（理工系）,物理工学,総 合 文 化 科 目 / 健康・スポーツ科学科目 / 健康・スポーツ科学科目,3,youran2023-gakuiki.pdf,25,https://kyoumu.office.uec.ac.jp/youran/youran2023-gakuiki.pdf#page=25
2023,Ⅲ類（理工系）,化学生命工学,総 合 文 化 科 目 / 健康・スポーツ科学科目 / 健康・スポーツ科学科目,3,youran2023-gakuiki.pdf,25,https://kyoumu.office.uec.ac.jp/youran/youran2023-gakuiki.pdf#page=25
2023,Ⅰ類（情報系）,コンピュータサイエンス,総 合 文 化 科 目 / 理工系教養科目 / 理工系教養科目,2,youran2023-gakuiki.pdf,25,https://kyoumu.office.uec.ac.jp/youran/youran2023-gakuiki.pdf#page=25
2023,Ⅰ類（情報系）,デザイン思考・データサイエンス,総 合 文 化 科 目 / 理工系教養科目 / 理工系教養科目,2,youran2023-gakuiki.pdf,25,https://kyoumu.office.uec.ac.jp/youran/youran2023-gakuiki.pdf#page=25
2023,Ⅱ類（融合系）,セキュリティ情報学,総 合 文 化 科 目 / 理工系教養科目 / 理工系教養科目,2,youran2023-gakuiki.pdf,25,https://kyoumu.office.uec.ac.jp/youran/youran2023-gakuiki.pdf#page=25
2023,Ⅱ類（融合系）,情報通信工学,総 合 文 化 科 目 / 理工系教養科目 / 理工系教養科目,2,youran2023-gakuiki.pdf,25,https://kyoumu.office.uec.ac.jp/youran/youran2023-gakuiki.pdf#page=25
2023,Ⅱ類（融合系）,電子情報学,総 合 文 化 科 目 / 理工系教養科目 / 理工系教養科目,2,youran2023-gakuiki.pdf,25,https://kyoumu.office.uec.ac.jp/youran/youran2023-gakuiki.pdf#page=25
2023,Ⅱ類（融合系）,計測・制御システム,総 合 文 化 科 目 / 理工系教養科目 / 理工系教養科目,2,youran2023-gakuiki.pdf,25,https://kyoumu.office.uec.ac.jp/youran/youran2023-gakuiki.pdf#page=25
2023,Ⅱ類（融合系）,先端ロボティクス,総 合 文 化 科 目 / 理工系教養科目 / 理工系教養科目,2,youran2023-gakuiki.pdf,25,https://kyoumu.office.uec.ac.jp/youran/youran2023-gakuiki.pdf#page=25
2023,Ⅲ類（理工系）,機械システム,総 合 文 化 科 目 / 理工系教養科目 / 理工系教養科目,2,youran2023-gakuiki.pdf,25,https://kyoumu.office.uec.ac.jp/youran/youran2023-gakuiki.pdf#page=25
2023,Ⅲ類（理工系）,電子工学,総 合 文 化 科 目 / 理工系教養科目 / 理工系教養科目,2,youran2023-gakuiki.pdf,25,https://kyoumu.office.uec.ac.jp/youran/youran2023-gakuiki.pdf#page=25
2023,Ⅲ類（理工系）,光工学,総 合 文 化 科 目 / 理工系教養科目 / 理工系教養科目,2,youran2023-gakuiki.pdf,25,https://kyoumu.office.uec.ac.jp/youran/youran2023-gakuiki.pdf#page=25
2023,Ⅲ類（理工系）,物理工学,総 合 文 化 科 目 / 理工系教養科目 / 理工系教養科目,2,youran2023-gakuiki.pdf,25,https://kyoumu.office.uec.ac.jp/youran/youran2023-gakuiki.pdf#page=25
2023,Ⅲ類（理工系）,化学生命工学,総 合 文 化 科 目 / 理工系教養科目 / 理工系教養科目,2,youran2023-gakuiki.pdf,25,https://kyoumu.office.uec.ac.jp/youran/youran2023-gakuiki.pdf#page=25
2023,Ⅰ類（情報系）,コンピュータサイエンス,総 合 文 化 科 目 / 上級科目 / 上級科目,4,youran2023-gakuiki.pdf,25,https://kyoumu.office.uec.ac.jp/youran/youran2023-gakuiki.pdf#page=25
2023,Ⅰ類（情報系）,デザイン思考・データサイエンス,総 合 文 化 科 目 / 上級科目 / 上級科目,4,youran2023-gakuiki.pdf,25,https://kyoumu.office.uec.ac.jp/youran/youran2023-gakuiki.pdf#page=25
2023,Ⅱ類（融合系）,セキュリティ情報学,総 合 文 化 科 目 / 上級科目 / 上級科目,4,youran2023-gakuiki.pdf,25,https://kyoumu.office.uec.ac.jp/youran/youran2023-gakuiki.pdf#page=25
2023,Ⅱ類（融合系）,情報通信工学,総 合 文 化 科 目 / 上級科目 / 上級科目,4,youran2023-gakuiki.pdf,25,https://kyoumu.office.uec.ac.jp/youran/youran2023-gakuiki.pdf#page=25
2023,Ⅱ類（融合系）,電子情報学,総 合 文 化 科 目 / 上級科目 / 上級科目,4,youran2023-gakuiki.pdf,25,https://kyoumu.office.uec.ac.jp/youran/youran2023-gakuiki.pdf#page=25
2023,Ⅱ類（融合系）,計測・制御システム,総 合 文 化 科 目 / 上級科目 / 上級科目,4,youran2023-gakuiki.pdf,25,https://kyoumu.office.uec.ac.jp/youran/youran2023-gakuiki.pdf#page=25
2023,Ⅱ類（融合系）,先端ロボティクス,総 合 文 化 科 目 / 上級科目 / 上級科目,4,youran2023-gakuiki.pdf,25,https://kyoumu.office.uec.ac.jp/youran/youran2023-gakuiki.pdf#page=25
2023,Ⅲ類（理工系）,機械システム,総 合 文 化 科 目 / 上級科目 / 上級科目,4,youran2023-gakuiki.pdf,25,https://kyoumu.office.uec.ac.jp/youran/youran2023-gakuiki.pdf#page=25
2023,Ⅲ類（理工系）,電子工学,総 合 文 化 科 目 / 上級科目 / 上級科目,4,youran2023-gakuiki.pdf,25,https://kyoumu.office.uec.ac.jp/youran/youran2023-gakuiki.pdf#page=25
2023,Ⅲ類（理工系）,光工学,総 合 文 化 科 目 / 上級科目 / 上級科目,4,youran2023-gakuiki.pdf,25,https://kyoumu.office.uec.ac.jp/youran/youran2023-gakuiki.pdf#page=25
2023,Ⅲ類（理工系）,物理工学,総 合 文 化 科 目 / 上級科目 / 上級科目,4,youran2023-gakuiki.pdf,25,https://kyoumu.office.uec.ac.jp/youran/youran2023-gakuiki.pdf#page=25
2023,Ⅲ類（理工系）,化学生命工学,総 合 文 化 科 目 / 上級科目 / 上級科目,4,youran2023-gakuiki.pdf,25,https://kyoumu.office.uec.ac.jp/youran/youran2023-gakuiki.pdf#page=25
2023,Ⅰ類（情報系）,コンピュータサイエンス,総 合 文 化 科 目 / 小 計 / 小 計,27,youran2023-gakuiki.pdf,25,https://kyoumu.office.uec.ac.jp/youran/youran2023-gakuiki.pdf#page=25
2023,Ⅰ類（情報系）,デザイン思考・データサイエンス,総 合 文 化 科 目 / 小 計 / 小 計,27,youran2023-gakuiki.pdf,25,https://kyoumu.office.uec.ac.jp/youran/youran2023-gakuiki.pdf#page=25
2023,Ⅱ類（融合系）,セキュリティ情報学,総 合 文 化 科 目 / 小 計 / 小 計,27,youran2023-gakuiki.pdf,25,https://kyoumu.office.uec.ac.jp/youran/youran2023-gakuiki.pdf#page=25
2023,Ⅱ類（融合系）,情報通信工学,総 合 文 化 科 目 / 小 計 / 小 計,27,youran2023-gakuiki.pdf,25,https://kyoumu.office.uec.ac.jp/youran/youran2023-gakuiki.pdf#page=25
2023,Ⅱ類（融合系）,電子情報学,総 合 文 化 科 目 / 小 計 / 小 計,27,youran2023-gakuiki.pdf,25,https://kyoumu.office.uec.ac.jp/youran/youran2023-gakuiki.pdf#page=25
2023,Ⅱ類（融合系）,計測・制御システム,総 合 文 化 科 目 / 小 計 / 小 計,27,youran2023-gakuiki.pdf,25,https://kyoumu.office.uec.ac.jp/youran/youran2023-gakuiki.pdf#page=25
2023,Ⅱ類（融合系）,先端ロボティクス,総 合 文 化 科 目 / 小 計 / 小 計,27,youran2023-gakuiki.pdf,25,https://kyoumu.office.uec.ac.jp/youran/youran2023-gakuiki.pdf#page=25
2023,Ⅲ類（理工系）,機械システム,総 合 文 化 科 目 / 小 計 / 小 計,27,youran2023-gakuiki.pdf,25,https://kyoumu.office.uec.ac.jp/youran/youran2023-gakuiki.pdf#page=25
2023,Ⅲ類（理工系）,電子工学,総 合 文 化 科 目 / 小 計 / 小 計,27,youran2023-gakuiki.pdf,25,https://kyoumu.office.uec.ac.jp/youran/youran2023-gakuiki.pdf#page=25
2023,Ⅲ類（理工系）,光工学,総 合 文 化 科 目 / 小 計 / 小 計,27,youran2023-gakuiki.pdf,25,https://kyoumu.office.uec.ac.jp/youran/youran2023-gakuiki.pdf#page=25
2023,Ⅲ類（理工系）,物理工学,総 合 文 化 科 目 / 小 計 / 小 計,27,youran2023-gakuiki.pdf,25,https://kyoumu.office.uec.ac.jp/youran/youran2023-gakuiki.pdf#page=25
2023,Ⅲ類（理工系）,化学生命工学,総 合 文 化 科 目 / 小 計 / 小 計,27,youran2023-gakuiki.pdf,25,https://kyoumu.office.uec.ac.jp/youran/youran2023-gakuiki.pdf#page=25
2023,Ⅰ類（情報系）,コンピュータサイエンス,実 践 教 育 科 目 / 初年次導入科目 / 初年次導入科目,6,youran2023-gakuiki.pdf,25,https://kyoumu.office.uec.ac.jp/youran/youran2023-gakuiki.pdf#page=25
2023,Ⅰ類（情報系）,デザイン思考・データサイエンス,実 践 教 育 科 目 / 初年次導入科目 / 初年次導入科目,6,youran2023-gakuiki.pdf,25,https://kyoumu.office.uec.ac.jp/youran/youran2023-gakuiki.pdf#page=25
2023,Ⅱ類（融合系）,セキュリティ情報学,実 践 教 育 科 目 / 初年次導入科目 / 初年次導入科目,6,youran2023-gakuiki.pdf,25,https://kyoumu.office.uec.ac.jp/youran/youran2023-gakuiki.pdf#page=25
2023,Ⅱ類（融合系）,情報通信工学,実 践 教 育 科 目 / 初年次導入科目 / 初年次導入科目,6,youran2023-gakuiki.pdf,25,https://kyoumu.office.uec.ac.jp/youran/youran2023-gakuiki.pdf#page=25
2023,Ⅱ類（融合系）,電子情報学,実 践 教 育 科 目 / 初年次導入科目 / 初年次導入科目,6,youran2023-gakuiki.pdf,25,https://kyoumu.office.uec.ac.jp/youran/youran2023-gakuiki.pdf#page=25
2023,Ⅱ類（融合系）,計測・制御システム,実 践 教 育 科 目 / 初年次導入科目 / 初年次導入科目,6,youran2023-gakuiki.pdf,25,https://kyoumu.office.uec.ac.jp/youran/youran2023-gakuiki.pdf#page=25
2023,Ⅱ類（融合系）,先端ロボティクス,実 践 教 育 科 目 / 初年次導入科目 / 初年次導入科目,6,youran2023-gakuiki.pdf,25,https://kyoumu.office.uec.ac.jp/youran/youran2023-gakuiki.pdf#page=25
2023,Ⅲ類（理工系）,機械システム,実 践 教 育 科 目 / 初年次導入科目 / 初年次導入科目,6,youran2023-gakuiki.pdf,25,https://kyoumu.office.uec.ac.jp/youran/youran2023-gakuiki.pdf#page=25
2023,Ⅲ類（理工系）,電子工学,実 践 教 育 科 目 / 初年次導入科目 / 初年次導入科目,6,youran2023-gakuiki.pdf,25,https://kyoumu.office.uec.ac.jp/youran/youran2023-gakuiki.pdf#page=25
2023,Ⅲ類（理工系）,光工学,実 践 教 育 科 目 / 初年次導入科目 / 初年次導入科目,6,youran2023-gakuiki.pdf,25,https://kyoumu.office.uec.ac.jp/youran/youran2023-gakuiki.pdf#page=25
2023,Ⅲ類（理工系）,物理工学,実 践 教 育 科 目 / 初年次導入科目 / 初年次導入科目,6,youran2023-gakuiki.pdf,25,https://kyoumu.office.uec.ac.jp/youran/youran2023-gakuiki.pdf#page=25
2023,Ⅲ類（理工系）,化学生命工学,実 践 教 育 科 目 / 初年次導入科目 / 初年次導入科目,6,youran2023-gakuiki.pdf,25,https://kyoumu.office.uec.ac.jp/youran/youran2023-gakuiki.pdf#page=25
2023,Ⅰ類（情報系）,コンピュータサイエンス,実 践 教 育 科 目 / データサイエンス科目 / データサイエンス科目,3,youran2023-gakuiki.pdf,25,https://kyoumu.office.uec.ac.jp/youran/youran2023-gakuiki.pdf#page=25
2023,Ⅰ類（情報系）,デザイン思考・データサイエンス,実 践 教 育 科 目 / データサイエンス科目 / データサイエンス科目,3,youran2023-gakuiki.pdf,25,https://kyoumu.office.uec.ac.jp/youran/youran2023-gakuiki.pdf#page=25
2023,Ⅱ類（融合系）,セキュリティ情報学,実 践 教 育 科 目 / データサイエンス科目 / データサイエンス科目,3,youran2023-gakuiki.pdf,25,https://kyoumu.office.uec.ac.jp/youran/youran2023-gakuiki.pdf#page=25
2023,Ⅱ類（融合系）,情報通信工学,実 践 教 育 科 目 / データサイエンス科目 / データサイエンス科目,3,youran2023-gakuiki.pdf,25,https://kyoumu.office.uec.ac.jp/youran/youran2023-gakuiki.pdf#page=25
2023,Ⅱ類（融合系）,電子情報学,実 践 教 育 科 目 / データサイエンス科目 / データサイエンス科目,3,youran2023-gakuiki.pdf,25,https://kyoumu.office.uec.ac.jp/youran/youran2023-gakuiki.pdf#page=25
2023,Ⅱ類（融合系）,計測・制御システム,実 践 教 育 科 目 / データサイエンス科目 / データサイエンス科目,2,youran2023-gakuiki.pdf,25,https://kyoumu.office.uec.ac.jp/youran/youran2023-gakuiki.pdf#page=25
2023,Ⅱ類（融合系）,先端ロボティクス,実 践 教 育 科 目 / データサイエンス科目 / データサイエンス科目,2,youran2023-gakuiki.pdf,25,https://kyoumu.office.uec.ac.jp/youran/youran2023-gakuiki.pdf#page=25
2023,Ⅲ類（理工系）,機械システム,実 践 教 育 科 目 / データサイエンス科目 / データサイエンス科目,2,youran2023-gakuiki.pdf,25,https://kyoumu.office.uec.ac.jp/youran/youran2023-gakuiki.pdf#page=25
2023,Ⅲ類（理工系）,電子工学,実 践 教 育 科 目 / データサイエンス科目 / データサイエンス科目,2,youran2023-gakuiki.pdf,25,https://kyoumu.office.uec.ac.jp/youran/youran2023-gakuiki.pdf#page=25
2023,Ⅲ類（理工系）,光工学,実 践 教 育 科 目 / データサイエンス科目 / データサイエンス科目,2,youran2023-gakuiki.pdf,25,https://kyoumu.office.uec.ac.jp/youran/youran2023-gakuiki.pdf#page=25
2023,Ⅲ類（理工系）,物理工学,実 践 教 育 科 目 / データサイエンス科目 / データサイエンス科目,2,youran2023-gakuiki.pdf,25,https://kyoumu.office.uec.ac.jp/youran/youran2023-gakuiki.pdf#page=25
2023,Ⅲ類（理工系）,化学生命工学,実 践 教 育 科 目 / データサイエンス科目 / データサイエンス科目,2,youran2023-gakuiki.pdf,25,https://kyoumu.office.uec.ac.jp/youran/youran2023-gakuiki.pdf#page=25
2023,Ⅰ類（情報系）,コンピュータサイエンス,実 践 教 育 科 目 / 倫理・キャリア教育科目 / 倫理・キャリア教育科目,4,youran2023-gakuiki.pdf,25,https://kyoumu.office.uec.ac.jp/youran/youran2023-gakuiki.pdf#page=25
2023,Ⅰ類（情報系）,デザイン思考・データサイエンス,実 践 教 育 科 目 / 倫理・キャリア教育科目 / 倫理・キャリア教育科目,4,youran2023-gakuiki.pdf,25,https://kyoumu.office.uec.ac.jp/youran/youran2023-gakuiki.pdf#page=25
2023,Ⅱ類（融合系）,セキュリティ情報学,実 践 教 育 科 目 / 倫理・キャリア教育科目 / 倫理・キャリア教育科目,4,youran2023-gakuiki.pdf,25,https://kyoumu.office.uec.ac.jp/youran/youran2023-gakuiki.pdf#page=25
2023,Ⅱ類（融合系）,情報通信工学,実 践 教 育 科 目 / 倫理・キャリア教育科目 / 倫理・キャリア教育科目,4,youran2023-gakuiki.pdf,25,https://kyoumu.office.uec.ac.jp/youran/youran2023-gakuiki.pdf#page=25
2023,Ⅱ類（融合系）,電子情報学,実 践 教 育 科 目 / 倫理・キャリア教育科目 / 倫理・キャリア教育科目,4,youran2023-gakuiki.pdf,25,https://kyoumu.office.uec.ac.jp/youran/youran2023-gakuiki.pdf#page=25
2023,Ⅱ類（融合系）,計測・制御システム,実 践 教 育 科 目 / 倫理・キャリア教育科目 / 倫理・キャリア教育科目,4,youran2023-gakuiki.pdf,25,https://kyoumu.office.uec.ac.jp/youran/youran2023-gakuiki.pdf#page=25
2023,Ⅱ類（融合系）,先端ロボティクス,実 践 教 育 科 目 / 倫理・キャリア教育科目 / 倫理・キャリア教育科目,4,youran2023-gakuiki.pdf,25,https://kyoumu.office.uec.ac.jp/youran/youran2023-gakuiki.pdf#page=25
2023,Ⅲ類（理工系）,機械システム,実 践 教 育 科 目 / 倫理・キャリア教育科目 / 倫理・キャリア教育科目,4,youran2023-gakuiki.pdf,25,https://kyoumu.office.uec.ac.jp/youran/youran2023-gakuiki.pdf#page=25
2023,Ⅲ類（理工系）,電子工学,実 践 教 育 科 目 / 倫理・キャリア教育科目 / 倫理・キャリア教育科目,4,youran2023-gakuiki.pdf,25,https://kyoumu.office.uec.ac.jp/youran/youran2023-gakuiki.pdf#page=25
2023,Ⅲ類（理工系）,光工学,実 践 教 育 科 目 / 倫理・キャリア教育科目 / 倫理・キャリア教育科目,4,youran2023-gakuiki.pdf,25,https://kyoumu.office.uec.ac.jp/youran/youran2023-gakuiki.pdf#page=25
2023,Ⅲ類（理工系）,物理工学,実 践 教 育 科 目 / 倫理・キャリア教育科目 / 倫理・キャリア教育科目,4,youran2023-gakuiki.pdf,25,https://kyoumu.office.uec.ac.jp/youran/youran2023-gakuiki.pdf#page=25
2023,Ⅲ類（理工系）,化学生命工学,実 践 教 育 科 目 / 倫理・キャリア教育科目 / 倫理・キャリア教育科目,4,youran2023-gakuiki.pdf,25,https://kyoumu.office.uec.ac.jp/youran/youran2023-gakuiki.pdf#page=25
2023,Ⅰ類（情報系）,コンピュータサイエンス,実 践 教 育 科 目 / 技術英語科目 / 技術英語科目,4,youran2023-gakuiki.pdf,25,https://kyoumu.office.uec.ac.jp/youran/youran2023-gakuiki.pdf#page=25
2023,Ⅰ類（情報系）,デザイン思考・データサイエンス,実 践 教 育 科 目 / 技術英語科目 / 技術英語科目,4,youran2023-gakuiki.pdf,25,https://kyoumu.office.uec.ac.jp/youran/youran2023-gakuiki.pdf#page=25
2023,Ⅱ類（融合系）,セキュリティ情報学,実 践 教 育 科 目 / 技術英語科目 / 技術英語科目,4,youran2023-gakuiki.pdf,25,https://kyoumu.office.uec.ac.jp/youran/youran2023-gakuiki.pdf#page=25
2023,Ⅱ類（融合系）,情報通信工学,実 践 教 育 科 目 / 技術英語科目 / 技術英語科目,4,youran2023-gakuiki.pdf,25,https://kyoumu.office.uec.ac.jp/youran/youran2023-gakuiki.pdf#page=25
2023,Ⅱ類（融合系）,電子情報学,実 践 教 育 科 目 / 技術英語科目 / 技術英語科目,4,youran2023-gakuiki.pdf,25,https://kyoumu.office.uec.ac.jp/youran/youran2023-gakuiki.pdf#page=25
2023,Ⅱ類（融合系）,計測・制御システム,実 践 教 育 科 目 / 技術英語科目 / 技術英語科目,4,youran2023-gakuiki.pdf,25,https://kyoumu.office.uec.ac.jp/youran/youran2023-gakuiki.pdf#page=25
2023,Ⅱ類（融合系）,先端ロボティクス,実 践 教 育 科 目 / 技術英語科目 / 技術英語科目,4,youran2023-gakuiki.pdf,25,https://kyoumu.office.uec.ac.jp/youran/youran2023-gakuiki.pdf#page=25
2023,Ⅲ類（理工系）,機械システム,実 践 教 育 科 目 / 技術英語科目 / 技術英語科目,4,youran2023-gakuiki.pdf,25,https://kyoumu.office.uec.ac.jp/youran/youran2023-gakuiki.pdf#page=25
2023,Ⅲ類（理工系）,電子工学,実 践 教 育 科 目 / 技術英語科目 / 技術英語科目,4,youran2023-gakuiki.pdf,25,https://kyoumu.office.uec.ac.jp/youran/youran2023-gakuiki.pdf#page=25
2023,Ⅲ類（理工系）,光工学,実 践 教 育 科 目 / 技術英語科目 / 技術英語科目,4,youran2023-gakuiki.pdf,25,https://kyoumu.office.uec.ac.jp/youran/youran2023-gakuiki.pdf#page=25
2023,Ⅲ類（理工系）,物理工学,実 践 教 育 科 目 / 技術英語科目 / 技術英語科目,4,youran2023-gakuiki.pdf,25,https://kyoumu.office.uec.ac.jp/youran/youran2023-gakuiki.pdf#page=25
2023,Ⅲ類（理工系）,化学生命工学,実 践 教 育 科 目 / 技術英語科目 / 技術英語科目,4,youran2023-gakuiki.pdf,25,https://kyoumu.office.uec.ac.jp/youran/youran2023-gakuiki.pdf#page=25
2023,Ⅰ類（情報系）,コンピュータサイエンス,実 践 教 育 科 目 / 小 計 / 小 計,17,youran2023-gakuiki.pdf,25,https://kyoumu.office.uec.ac.jp/youran/youran2023-gakuiki.pdf#page=25
2023,Ⅰ類（情報系）,デザイン思考・データサイエンス,実 践 教 育 科 目 / 小 計 / 小 計,17,youran2023-gakuiki.pdf,25,https://kyoumu.office.uec.ac.jp/youran/youran2023-gakuiki.pdf#page=25
2023,Ⅱ類（融合系）,セキュリティ情報学,実 践 教 育 科 目 / 小 計 / 小 計,17,youran2023-gakuiki.pdf,25,https://kyoumu.office.uec.ac.jp/youran/youran2023-gakuiki.pdf#page=25
2023,Ⅱ類（融合系）,情報通信工学,実 践 教 育 科 目 / 小 計 / 小 計,17,youran2023-gakuiki.pdf,25,https://kyoumu.office.uec.ac.jp/youran/youran2023-gakuiki.pdf#page=25
2023,Ⅱ類（融合系）,電子情報学,実 践 教 育 科 目 / 小 計 / 小 計,17,youran2023-gakuiki.pdf,25,https://kyoumu.office.uec.ac.jp/youran/youran2023-gakuiki.pdf#page=25
2023,Ⅱ類（融合系）,計測・制御システム,実 践 教 育 科 目 / 小 計 / 小 計,16,youran2023-gakuiki.pdf,25,https://kyoumu.office.uec.ac.jp/youran/youran2023-gakuiki.pdf#page=25
2023,Ⅱ類（融合系）,先端ロボティクス,実 践 教 育 科 目 / 小 計 / 小 計,16,youran2023-gakuiki.pdf,25,https://kyoumu.office.uec.ac.jp/youran/youran2023-gakuiki.pdf#page=25
2023,Ⅲ類（理工系）,機械システム,実 践 教 育 科 目 / 小 計 / 小 計,16,youran2023-gakuiki.pdf,25,https://kyoumu.office.uec.ac.jp/youran/youran2023-gakuiki.pdf#page=25
2023,Ⅲ類（理工系）,電子工学,実 践 教 育 科 目 / 小 計 / 小 計,16,youran2023-gakuiki.pdf,25,https://kyoumu.office.uec.ac.jp/youran/youran2023-gakuiki.pdf#page=25
2023,Ⅲ類（理工系）,光工学,実 践 教 育 科 目 / 小 計 / 小 計,16,youran2023-gakuiki.pdf,25,https://kyoumu.office.uec.ac.jp/youran/youran2023-gakuiki.pdf#page=25
2023,Ⅲ類（理工系）,物理工学,実 践 教 育 科 目 / 小 計 / 小 計,16,youran2023-gakuiki.pdf,25,https://kyoumu.office.uec.ac.jp/youran/youran2023-gakuiki.pdf#page=25
2023,Ⅲ類（理工系）,化学生命工学,実 践 教 育 科 目 / 小 計 / 小 計,16,youran2023-gakuiki.pdf,25,https://kyoumu.office.uec.ac.jp/youran/youran2023-gakuiki.pdf#page=25
2023,Ⅰ類（情報系）,コンピュータサイエンス,専 門 科 目 / 理数基礎科目 / 理数基礎科目,18,youran2023-gakuiki.pdf,25,https://kyoumu.office.uec.ac.jp/youran/youran2023-gakuiki.pdf#page=25
2023,Ⅰ類（情報系）,デザイン思考・データサイエンス,専 門 科 目 / 理数基礎科目 / 理数基礎科目,18,youran2023-gakuiki.pdf,25,https://kyoumu.office.uec.ac.jp/youran/youran2023-gakuiki.pdf#page=25
2023,Ⅱ類（融合系）,セキュリティ情報学,専 門 科 目 / 理数基礎科目 / 理数基礎科目,20,youran2023-gakuiki.pdf,25,https://kyoumu.office.uec.ac.jp/youran/youran2023-gakuiki.pdf#page=25
2023,Ⅱ類（融合系）,情報通信工学,専 門 科 目 / 理数基礎科目 / 理数基礎科目,20,youran2023-gakuiki.pdf,25,https://kyoumu.office.uec.ac.jp/youran/youran2023-gakuiki.pdf#page=25
2023,Ⅱ類（融合系）,電子情報学,専 門 科 目 / 理数基礎科目 / 理数基礎科目,20,youran2023-gakuiki.pdf,25,https://kyoumu.office.uec.ac.jp/youran/youran2023-gakuiki.pdf#page=25
2023,Ⅱ類（融合系）,計測・制御システム,専 門 科 目 / 理数基礎科目 / 理数基礎科目,20,youran2023-gakuiki.pdf,25,https://kyoumu.office.uec.ac.jp/youran/youran2023-gakuiki.pdf#page=25
2023,Ⅱ類（融合系）,先端ロボティクス,専 門 科 目 / 理数基礎科目 / 理数基礎科目,20,youran2023-gakuiki.pdf,25,https://kyoumu.office.uec.ac.jp/youran/youran2023-gakuiki.pdf#page=25
2023,Ⅲ類（理工系）,機械システム,専 門 科 目 / 理数基礎科目 / 理数基礎科目,20,youran2023-gakuiki.pdf,25,https://kyoumu.office.uec.ac.jp/youran/youran2023-gakuiki.pdf#page=25
2023,Ⅲ類（理工系）,電子工学,専 門 科 目 / 理数基礎科目 / 理数基礎科目,20,youran2023-gakuiki.pdf,25,https://kyoumu.office.uec.ac.jp/youran/youran2023-gakuiki.pdf#page=25
2023,Ⅲ類（理工系）,光工学,専 門 科 目 / 理数基礎科目 / 理数基礎科目,20,youran2023-gakuiki.pdf,25,https://kyoumu.office.uec.ac.jp/youran/youran2023-gakuiki.pdf#page=25
2023,Ⅲ類（理工系）,物理工学,専 門 科 目 / 理数基礎科目 / 理数基礎科目,20,youran2023-gakuiki.pdf,25,https://kyoumu.office.uec.ac.jp/youran/youran2023-gakuiki.pdf#page=25
2023,Ⅲ類（理工系）,化学生命工学,専 門 科 目 / 理数基礎科目 / 理数基礎科目,20,youran2023-gakuiki.pdf,25,https://kyoumu.office.uec.ac.jp/youran/youran2023-gakuiki.pdf#page=25
2023,Ⅰ類（情報系）,コンピュータサイエンス,専 門 科 目 / 基 類 礎 共 科 通 目 / 必修,15,youran2023-gakuiki.pdf,25,https://kyoumu.office.uec.ac.jp/youran/youran2023-gakuiki.pdf#page=25
2023,Ⅰ類（情報系）,デザイン思考・データサイエンス,専 門 科 目 / 基 類 礎 共 科 通 目 / 必修,17,youran2023-gakuiki.pdf,25,https://kyoumu.office.uec.ac.jp/youran/youran2023-gakuiki.pdf#page=25
2023,Ⅱ類（融合系）,セキュリティ情報学,専 門 科 目 / 基 類 礎 共 科 通 目 / 必修,17,youran2023-gakuiki.pdf,25,https://kyoumu.office.uec.ac.jp/youran/youran2023-gakuiki.pdf#page=25
2023,Ⅱ類（融合系）,情報通信工学,専 門 科 目 / 基 類 礎 共 科 通 目 / 必修,20,youran2023-gakuiki.pdf,25,https://kyoumu.office.uec.ac.jp/youran/youran2023-gakuiki.pdf#page=25
2023,Ⅱ類（融合系）,電子情報学,専 門 科 目 / 基 類 礎 共 科 通 目 / 必修,20,youran2023-gakuiki.pdf,25,https://kyoumu.office.uec.ac.jp/youran/youran2023-gakuiki.pdf#page=25
2023,Ⅱ類（融合系）,計測・制御システム,専 門 科 目 / 基 類 礎 共 科 通 目 / 必修,11,youran2023-gakuiki.pdf,25,https://kyoumu.office.uec.ac.jp/youran/youran2023-gakuiki.pdf#page=25
2023,Ⅱ類（融合系）,先端ロボティクス,専 門 科 目 / 基 類 礎 共 科 通 目 / 必修,11,youran2023-gakuiki.pdf,25,https://kyoumu.office.uec.ac.jp/youran/youran2023-gakuiki.pdf#page=25
2023,Ⅲ類（理工系）,機械システム,専 門 科 目 / 基 類 礎 共 科 通 目 / 必修,13,youran2023-gakuiki.pdf,25,https://kyoumu.office.uec.ac.jp/youran/youran2023-gakuiki.pdf#page=25
2023,Ⅲ類（理工系）,電子工学,専 門 科 目 / 基 類 礎 共 科 通 目 / 必修,18,youran2023-gakuiki.pdf,25,https://kyoumu.office.uec.ac.jp/youran/youran2023-gakuiki.pdf#page=25
2023,Ⅲ類（理工系）,光工学,専 門 科 目 / 基 類 礎 共 科 通 目 / 必修,18,youran2023-gakuiki.pdf,25,https://kyoumu.office.uec.ac.jp/youran/youran2023-gakuiki.pdf#page=25
2023,Ⅲ類（理工系）,物理工学,専 門 科 目 / 基 類 礎 共 科 通 目 / 必修,20,youran2023-gakuiki.pdf,25,https://kyoumu.office.uec.ac.jp/youran/youran2023-gakuiki.pdf#page=25
2023,Ⅲ類（理工系）,化学生命工学,専 門 科 目 / 基 類 礎 共 科 通 目 / 必修,15,youran2023-gakuiki.pdf,25,https://kyoumu.office.uec.ac.jp/youran/youran2023-gakuiki.pdf#page=25
2023,Ⅱ類（融合系）,情報通信工学,専 門 科 目 / 基 類 礎 共 科 通 目 / 選択必修,4,youran2023-gakuiki.pdf,25,https://kyoumu.office.uec.ac.jp/youran/youran2023-gakuiki.pdf#page=25
2023,Ⅱ類（融合系）,電子情報学,専 門 科 目 / 基 類 礎 共 科 通 目 / 選択必修,4,youran2023-gakuiki.pdf,25,https://kyoumu.office.uec.ac.jp/youran/youran2023-gakuiki.pdf#page=25
2023,Ⅱ類（融合系）,計測・制御システム,専 門 科 目 / 基 類 礎 共 科 通 目 / 選択必修,4,youran2023-gakuiki.pdf,25,https://kyoumu.office.uec.ac.jp/youran/youran2023-gakuiki.pdf#page=25
2023,Ⅱ類（融合系）,先端ロボティクス,専 門 科 目 / 基 類 礎 共 科 通 目 / 選択必修,4,youran2023-gakuiki.pdf,25,https://kyoumu.office.uec.ac.jp/youran/youran2023-gakuiki.pdf#page=25
2023,Ⅲ類（理工系）,機械システム,専 門 科 目 / 基 類 礎 共 科 通 目 / 選択必修,9,youran2023-gakuiki.pdf,25,https://kyoumu.office.uec.ac.jp/youran/youran2023-gakuiki.pdf#page=25
2023,Ⅲ類（理工系）,電子工学,専 門 科 目 / 基 類 礎 共 科 通 目 / 選択必修,2,youran2023-gakuiki.pdf,25,https://kyoumu.office.uec.ac.jp/youran/youran2023-gakuiki.pdf#page=25
2023,Ⅲ類（理工系）,光工学,専 門 科 目 / 基 類 礎 共 科 通 目 / 選択必修,2,youran2023-gakuiki.pdf,25,https://kyoumu.office.uec.ac.jp/youran/youran2023-gakuiki.pdf#page=25
2023,Ⅲ類（理工系）,物理工学,専 門 科 目 / 基 類 礎 共 科 通 目 / 選択必修,4,youran2023-gakuiki.pdf,25,https://kyoumu.office.uec.ac.jp/youran/youran2023-gakuiki.pdf#page=25
2023,Ⅲ類（理工系）,化学生命工学,専 門 科 目 / 基 類 礎 共 科 通 目 / 選択必修,6,youran2023-gakuiki.pdf,25,https://kyoumu.office.uec.ac.jp/youran/youran2023-gakuiki.pdf#page=25
2023,Ⅰ類（情報系）,コンピュータサイエンス,専 門 科 目 / 基 類 礎 共 科 通 目 / 選択,8,youran2023-gakuiki.pdf,25,https://kyoumu.office.uec.ac.jp/youran/youran2023-gakuiki.pdf#page=25
2023,Ⅰ類（情報系）,デザイン思考・データサイエンス,専 門 科 目 / 基 類 礎 共 科 通 目 / 選択,6,youran2023-gakuiki.pdf,25,https://kyoumu.office.uec.ac.jp/youran/youran2023-gakuiki.pdf#page=25
2023,Ⅱ類（融合系）,セキュリティ情報学,専 門 科 目 / 基 類 礎 共 科 通 目 / 選択,2,youran2023-gakuiki.pdf,25,https://kyoumu.office.uec.ac.jp/youran/youran2023-gakuiki.pdf#page=25
2023,Ⅲ類（理工系）,物理工学,専 門 科 目 / 基 類 礎 共 科 通 目 / 選択,2,youran2023-gakuiki.pdf,25,https://kyoumu.office.uec.ac.jp/youran/youran2023-gakuiki.pdf#page=25
2023,Ⅲ類（理工系）,化学生命工学,専 門 科 目 / 基 類 礎 共 科 通 目 / 選択,2,youran2023-gakuiki.pdf,25,https://kyoumu.office.uec.ac.jp/youran/youran2023-gakuiki.pdf#page=25
2023,Ⅰ類（情報系）,コンピュータサイエンス,専 門 科 目 / 類 科 専 目 門 / 必修,20,youran2023-gakuiki.pdf,25,https://kyoumu.office.uec.ac.jp/youran/youran2023-gakuiki.pdf#page=25
2023,Ⅰ類（情報系）,デザイン思考・データサイエンス,専 門 科 目 / 類 科 専 目 門 / 必修,20,youran2023-gakuiki.pdf,25,https://kyoumu.office.uec.ac.jp/youran/youran2023-gakuiki.pdf#page=25
2023,Ⅱ類（融合系）,セキュリティ情報学,専 門 科 目 / 類 科 専 目 門 / 必修,12,youran2023-gakuiki.pdf,25,https://kyoumu.office.uec.ac.jp/youran/youran2023-gakuiki.pdf#page=25
2023,Ⅱ類（融合系）,情報通信工学,専 門 科 目 / 類 科 専 目 門 / 必修,22,youran2023-gakuiki.pdf,25,https://kyoumu.office.uec.ac.jp/youran/youran2023-gakuiki.pdf#page=25
2023,Ⅱ類（融合系）,電子情報学,専 門 科 目 / 類 科 専 目 門 / 必修,22,youran2023-gakuiki.pdf,25,https://kyoumu.office.uec.ac.jp/youran/youran2023-gakuiki.pdf#page=25
2023,Ⅱ類（融合系）,計測・制御システム,専 門 科 目 / 類 科 専 目 門 / 必修,31,youran2023-gakuiki.pdf,25,https://kyoumu.office.uec.ac.jp/youran/youran2023-gakuiki.pdf#page=25
2023,Ⅱ類（融合系）,先端ロボティクス,専 門 科 目 / 類 科 専 目 門 / 必修,30,youran2023-gakuiki.pdf,25,https://kyoumu.office.uec.ac.jp/youran/youran2023-gakuiki.pdf#page=25
2023,Ⅲ類（理工系）,機械システム,専 門 科 目 / 類 科 専 目 門 / 必修,31,youran2023-gakuiki.pdf,25,https://kyoumu.office.uec.ac.jp/youran/youran2023-gakuiki.pdf#page=25
2023,Ⅲ類（理工系）,電子工学,専 門 科 目 / 類 科 専 目 門 / 必修,31,youran2023-gakuiki.pdf,25,https://kyoumu.office.uec.ac.jp/youran/youran2023-gakuiki.pdf#page=25
2023,Ⅲ類（理工系）,光工学,専 門 科 目 / 類 科 専 目 門 / 必修,34,youran2023-gakuiki.pdf,25,https://kyoumu.office.uec.ac.jp/youran/youran2023-gakuiki.pdf#page=25
2023,Ⅲ類（理工系）,物理工学,専 門 科 目 / 類 科 専 目 門 / 必修,31,youran2023-gakuiki.pdf,25,https://kyoumu.office.uec.ac.jp/youran/youran2023-gakuiki.pdf#page=25
2023,Ⅲ類（理工系）,化学生命工学,専 門 科 目 / 類 科 専 目 門 / 必修,32,youran2023-gakuiki.pdf,25,https://kyoumu.office.uec.ac.jp/youran/youran2023-gakuiki.pdf#page=25
2023,Ⅱ類（融合系）,情報通信工学,専 門 科 目 / 類 科 専 目 門 / 選択必修,12,youran2023-gakuiki.pdf,25,https://kyoumu.office.uec.ac.jp/youran/youran2023-gakuiki.pdf#page=25
2023,Ⅱ類（融合系）,電子情報学,専 門 科 目 / 類 科 専 目 門 / 選択必修,12,youran2023-gakuiki.pdf,25,https://kyoumu.office.uec.ac.jp/youran/youran2023-gakuiki.pdf#page=25
2023,Ⅱ類（融合系）,計測・制御システム,専 門 科 目 / 類 科 専 目 門 / 選択必修,12,youran2023-gakuiki.pdf,25,https://kyoumu.office.uec.ac.jp/youran/youran2023-gakuiki.pdf#page=25
2023,Ⅱ類（融合系）,先端ロボティクス,専 門 科 目 / 類 科 専 目 門 / 選択必修,12,youran2023-gakuiki.pdf,25,https://kyoumu.office.uec.ac.jp/youran/youran2023-gakuiki.pdf#page=25
2023,Ⅲ類（理工系）,機械システム,専 門 科 目 / 類 科 専 目 門 / 選択必修,9,youran2023-gakuiki.pdf,25,https://kyoumu.office.uec.ac.jp/youran/youran2023-gakuiki.pdf#page=25
2023,Ⅲ類（理工系）,物理工学,専 門 科 目 / 類 科 専 目 門 / 選択必修,5,youran2023-gakuiki.pdf,25,https://kyoumu.office.uec.ac.jp/youran/youran2023-gakuiki.pdf#page=25
2023,Ⅲ類（理工系）,化学生命工学,専 門 科 目 / 類 科 専 目 門 / 選択必修,8,youran2023-gakuiki.pdf,25,https://kyoumu.office.uec.ac.jp/youran/youran2023-gakuiki.pdf#page=25
2023,Ⅰ類（情報系）,コンピュータサイエンス,専 門 科 目 / 類 科 専 目 門 / 選択,16,youran2023-gakuiki.pdf,25,https://kyoumu.office.uec.ac.jp/youran/youran2023-gakuiki.pdf#page=25
2023,Ⅰ類（情報系）,デザイン思考・データサイエンス,専 門 科 目 / 類 科 専 目 門 / 選択,16,youran2023-gakuiki.pdf,25,https://kyoumu.office.uec.ac.jp/youran/youran2023-gakuiki.pdf#page=25
2023,Ⅱ類（融合系）,セキュリティ情報学,専 門 科 目 / 類 科 専 目 門 / 選択,30,youran2023-gakuiki.pdf,25,https://kyoumu.office.uec.ac.jp/youran/youran2023-gakuiki.pdf#page=25
2023,Ⅱ類（融合系）,情報通信工学,専 門 科 目 / 類 科 専 目 門 / 選択,10,youran2023-gakuiki.pdf,25,https://kyoumu.office.uec.ac.jp/youran/youran2023-gakuiki.pdf#page=25
2023,Ⅱ類（融合系）,電子情報学,専 門 科 目 / 類 科 専 目 門 / 選択,10,youran2023-gakuiki.pdf,25,https://kyoumu.office.uec.ac.jp/youran/youran2023-gakuiki.pdf#page=25
2023,Ⅱ類（融合系）,計測・制御システム,専 門 科 目 / 類 科 専 目 門 / 選択,8,youran2023-gakuiki.pdf,25,https://kyoumu.office.uec.ac.jp/youran/youran2023-gakuiki.pdf#page=25
2023,Ⅱ類（融合系）,先端ロボティクス,専 門 科 目 / 類 科 専 目 門 / 選択,8,youran2023-gakuiki.pdf,25,https://kyoumu.office.uec.ac.jp/youran/youran2023-gakuiki.pdf#page=25
2023,Ⅲ類（理工系）,機械システム,専 門 科 目 / 類 科 専 目 門 / 選択,4,youran2023-gakuiki.pdf,25,https://kyoumu.office.uec.ac.jp/youran/youran2023-gakuiki.pdf#page=25
2023,Ⅲ類（理工系）,電子工学,専 門 科 目 / 類 科 専 目 門 / 選択,14,youran2023-gakuiki.pdf,25,https://kyoumu.office.uec.ac.jp/youran/youran2023-gakuiki.pdf#page=25
2023,Ⅲ類（理工系）,光工学,専 門 科 目 / 類 科 専 目 門 / 選択,12,youran2023-gakuiki.pdf,25,https://kyoumu.office.uec.ac.jp/youran/youran2023-gakuiki.pdf#page=25
2023,Ⅲ類（理工系）,物理工学,専 門 科 目 / 類 科 専 目 門 / 選択,2,youran2023-gakuiki.pdf,25,https://kyoumu.office.uec.ac.jp/youran/youran2023-gakuiki.pdf#page=25
2023,Ⅲ類（理工系）,化学生命工学,専 門 科 目 / 類 科 専 目 門 / 選択,2,youran2023-gakuiki.pdf,25,https://kyoumu.office.uec.ac.jp/youran/youran2023-gakuiki.pdf#page=25
2023,Ⅰ類（情報系）,コンピュータサイエンス,専 門 科 目 / 小 計 / 小 計,77,youran2023-gakuiki.pdf,25,https://kyoumu.office.uec.ac.jp/youran/youran2023-gakuiki.pdf#page=25
2023,Ⅰ類（情報系）,デザイン思考・データサイエンス,専 門 科 目 / 小 計 / 小 計,77,youran2023-gakuiki.pdf,25,https://kyoumu.office.uec.ac.jp/youran/youran2023-gakuiki.pdf#page=25
2023,Ⅱ類（融合系）,セキュリティ情報学,専 門 科 目 / 小 計 / 小 計,81,youran2023-gakuiki.pdf,25,https://kyoumu.office.uec.ac.jp/youran/youran2023-gakuiki.pdf#page=25
2023,Ⅱ類（融合系）,情報通信工学,専 門 科 目 / 小 計 / 小 計,88,youran2023-gakuiki.pdf,25,https://kyoumu.office.uec.ac.jp/youran/youran2023-gakuiki.pdf#page=25
2023,Ⅱ類（融合系）,電子情報学,専 門 科 目 / 小 計 / 小 計,88,youran2023-gakuiki.pdf,25,https://kyoumu.office.uec.ac.jp/youran/youran2023-gakuiki.pdf#page=25
2023,Ⅱ類（融合系）,計測・制御システム,専 門 科 目 / 小 計 / 小 計,86,youran2023-gakuiki.pdf,25,https://kyoumu.office.uec.ac.jp/youran/youran2023-gakuiki.pdf#page=25
2023,Ⅱ類（融合系）,先端ロボティクス,専 門 科 目 / 小 計 / 小 計,85,youran2023-gakuiki.pdf,25,https://kyoumu.office.uec.ac.jp/youran/youran2023-gakuiki.pdf#page=25
2023,Ⅲ類（理工系）,機械システム,専 門 科 目 / 小 計 / 小 計,86,youran2023-gakuiki.pdf,25,https://kyoumu.office.uec.ac.jp/youran/youran2023-gakuiki.pdf#page=25
2023,Ⅲ類（理工系）,電子工学,専 門 科 目 / 小 計 / 小 計,85,youran2023-gakuiki.pdf,25,https://kyoumu.office.uec.ac.jp/youran/youran2023-gakuiki.pdf#page=25
2023,Ⅲ類（理工系）,光工学,専 門 科 目 / 小 計 / 小 計,86,youran2023-gakuiki.pdf,25,https://kyoumu.office.uec.ac.jp/youran/youran2023-gakuiki.pdf#page=25
2023,Ⅲ類（理工系）,物理工学,専 門 科 目 / 小 計 / 小 計,84,youran2023-gakuiki.pdf,25,https://kyoumu.office.uec.ac.jp/youran/youran2023-gakuiki.pdf#page=25
2023,Ⅲ類（理工系）,化学生命工学,専 門 科 目 / 小 計 / 小 計,85,youran2023-gakuiki.pdf,25,https://kyoumu.office.uec.ac.jp/youran/youran2023-gakuiki.pdf#page=25
2023,Ⅰ類（情報系）,コンピュータサイエンス,共 通 単 位 / 小 計 / 小 計,7,youran2023-gakuiki.pdf,25,https://kyoumu.office.uec.ac.jp/youran/youran2023-gakuiki.pdf#page=25
2023,Ⅰ類（情報系）,デザイン思考・データサイエンス,共 通 単 位 / 小 計 / 小 計,7,youran2023-gakuiki.pdf,25,https://kyoumu.office.uec.ac.jp/youran/youran2023-gakuiki.pdf#page=25
2023,Ⅱ類（融合系）,セキュリティ情報学,共 通 単 位 / 小 計 / 小 計,8,youran2023-gakuiki.pdf,25,https://kyoumu.office.uec.ac.jp/youran/youran2023-gakuiki.pdf#page=25
2023,Ⅱ類（融合系）,情報通信工学,共 通 単 位 / 小 計 / 小 計,1,youran2023-gakuiki.pdf,25,https://kyoumu.office.uec.ac.jp/youran/youran2023-gakuiki.pdf#page=25
2023,Ⅱ類（融合系）,電子情報学,共 通 単 位 / 小 計 / 小 計,1,youran2023-gakuiki.pdf,25,https://kyoumu.office.uec.ac.jp/youran/youran2023-gakuiki.pdf#page=25
2023,Ⅱ類（融合系）,計測・制御システム,共 通 単 位 / 小 計 / 小 計,4,youran2023-gakuiki.pdf,25,https://kyoumu.office.uec.ac.jp/youran/youran2023-gakuiki.pdf#page=25
2023,Ⅱ類（融合系）,先端ロボティクス,共 通 単 位 / 小 計 / 小 計,5,youran2023-gakuiki.pdf,25,https://kyoumu.office.uec.ac.jp/youran/youran2023-gakuiki.pdf#page=25
2023,Ⅲ類（理工系）,機械システム,共 通 単 位 / 小 計 / 小 計,4,youran2023-gakuiki.pdf,25,https://kyoumu.office.uec.ac.jp/youran/youran2023-gakuiki.pdf#page=25
2023,Ⅲ類（理工系）,電子工学,共 通 単 位 / 小 計 / 小 計,5,youran2023-gakuiki.pdf,25,https://kyoumu.office.uec.ac.jp/youran/youran2023-gakuiki.pdf#page=25
2023,Ⅲ類（理工系）,光工学,共 通 単 位 / 小 計 / 小 計,4,youran2023-gakuiki.pdf,25,https://kyoumu.office.uec.ac.jp/youran/youran2023-gakuiki.pdf#page=25
2023,Ⅲ類（理工系）,物理工学,共 通 単 位 / 小 計 / 小 計,6,youran2023-gakuiki.pdf,25,https://kyoumu.office.uec.ac.jp/youran/youran2023-gakuiki.pdf#page=25
2023,Ⅲ類（理工系）,化学生命工学,共 通 単 位 / 小 計 / 小 計,5,youran2023-gakuiki.pdf,25,https://kyoumu.office.uec.ac.jp/youran/youran2023-gakuiki.pdf#page=25
2023,Ⅰ類（情報系）,コンピュータサイエンス,合 計 / 小 計 / 小 計,128,youran2023-gakuiki.pdf,25,https://kyoumu.office.uec.ac.jp/youran/youran2023-gakuiki.pdf#page=25
2023,Ⅰ類（情報系）,デザイン思考・データサイエンス,合 計 / 小 計 / 小 計,128,youran2023-gakuiki.pdf,25,https://kyoumu.office.uec.ac.jp/youran/youran2023-gakuiki.pdf#page=25
2023,Ⅱ類（融合系）,セキュリティ情報学,合 計 / 小 計 / 小 計,133,youran2023-gakuiki.pdf,25,https://kyoumu.office.uec.ac.jp/youran/youran2023-gakuiki.pdf#page=25
2023,Ⅱ類（融合系）,情報通信工学,合 計 / 小 計 / 小 計,133,youran2023-gakuiki.pdf,25,https://kyoumu.office.uec.ac.jp/youran/youran2023-gakuiki.pdf#page=25
2023,Ⅱ類（融合系）,電子情報学,合 計 / 小 計 / 小 計,133,youran2023-gakuiki.pdf,25,https://kyoumu.office.uec.ac.jp/youran/youran2023-gakuiki.pdf#page=25
2023,Ⅱ類（融合系）,計測・制御システム,合 計 / 小 計 / 小 計,133,youran2023-gakuiki.pdf,25,https://kyoumu.office.uec.ac.jp/youran/youran2023-gakuiki.pdf#page=25
2023,Ⅱ類（融合系）,先端ロボティクス,合 計 / 小 計 / 小 計,133,youran2023-gakuiki.pdf,25,https://kyoumu.office.uec.ac.jp/youran/youran2023-gakuiki.pdf#page=25
2023,Ⅲ類（理工系）,機械システム,合 計 / 小 計 / 小 計,133,youran2023-gakuiki.pdf,25,https://kyoumu.office.uec.ac.jp/youran/youran2023-gakuiki.pdf#page=25
2023,Ⅲ類（理工系）,電子工学,合 計 / 小 計 / 小 計,133,youran2023-gakuiki.pdf,25,https://kyoumu.office.uec.ac.jp/youran/youran2023-gakuiki.pdf#page=25
2023,Ⅲ類（理工系）,光工学,合 計 / 小 計 / 小 計,133,youran2023-gakuiki.pdf,25,https://kyoumu.office.uec.ac.jp/youran/youran2023-gakuiki.pdf#page=25
2023,Ⅲ類（理工系）,物理工学,合 計 / 小 計 / 小 計,133,youran2023-gakuiki.pdf,25,https://kyoumu.office.uec.ac.jp/youran/youran2023-gakuiki.pdf#page=25
2023,Ⅲ類（理工系）,化学生命工学,合 計 / 小 計 / 小 計,133,youran2023-gakuiki.pdf,25,https://kyoumu.office.uec.ac.jp/youran/youran2023-gakuiki.pdf#page=25
2024,Ⅰ類（情報系）,メディア情報学,学工光 / 8,8,youran2024-gakuiki.pdf,25,https://kyoumu.office.uec.ac.jp/youran/youran2024-gakuiki.pdf#page=25
2024,Ⅰ類（情報系）,経営・社会情報学,学工光 / 8,4,youran2024-gakuiki.pdf,25,https://kyoumu.office.uec.ac.jp/youran/youran2024-gakuiki.pdf#page=25
2024,Ⅰ類（情報系）,情報数理工学,学工光 / 8,2,youran2024-gakuiki.pdf,25,https://kyoumu.office.uec.ac.jp/youran/youran2024-gakuiki.pdf#page=25
2024,Ⅰ類（情報系）,コンピュータサイエンス,学工光 / 8,2,youran2024-gakuiki.pdf,25,https://kyoumu.office.uec.ac.jp/youran/youran2024-gakuiki.pdf#page=25
2024,Ⅰ類（情報系）,デザイン思考・データサイエンス,学工光 / 8,2,youran2024-gakuiki.pdf,25,https://kyoumu.office.uec.ac.jp/youran/youran2024-gakuiki.pdf#page=25
2024,Ⅱ類（融合系）,セキュリティ情報学,学工光 / 8,3,youran2024-gakuiki.pdf,25,https://kyoumu.office.uec.ac.jp/youran/youran2024-gakuiki.pdf#page=25
2024,Ⅱ類（融合系）,情報通信工学,学工光 / 8,2,youran2024-gakuiki.pdf,25,https://kyoumu.office.uec.ac.jp/youran/youran2024-gakuiki.pdf#page=25
2024,Ⅱ類（融合系）,電子情報学,学工光 / 8,4,youran2024-gakuiki.pdf,25,https://kyoumu.office.uec.ac.jp/youran/youran2024-gakuiki.pdf#page=25
2024,Ⅱ類（融合系）,計測・制御システム,学工光 / 8,72,youran2024-gakuiki.pdf,25,https://kyoumu.office.uec.ac.jp/youran/youran2024-gakuiki.pdf#page=25
2024,Ⅱ類（融合系）,先端ロボティクス,学工光 / 8,6,youran2024-gakuiki.pdf,25,https://kyoumu.office.uec.ac.jp/youran/youran2024-gakuiki.pdf#page=25
2024,Ⅲ類（理工系）,機械システム,学工光 / 8,2,youran2024-gakuiki.pdf,25,https://kyoumu.office.uec.ac.jp/youran/youran2024-gakuiki.pdf#page=25
2024,Ⅲ類（理工系）,電子工学,学工光 / 8,4,youran2024-gakuiki.pdf,25,https://kyoumu.office.uec.ac.jp/youran/youran2024-gakuiki.pdf#page=25
2024,Ⅲ類（理工系）,光工学,学工光 / 8,4,youran2024-gakuiki.pdf,25,https://kyoumu.office.uec.ac.jp/youran/youran2024-gakuiki.pdf#page=25
2024,Ⅲ類（理工系）,物理工学,学工光 / 8,61,youran2024-gakuiki.pdf,25,https://kyoumu.office.uec.ac.jp/youran/youran2024-gakuiki.pdf#page=25
2024,Ⅲ類（理工系）,化学生命工学,学工光 / 8,02,youran2024-gakuiki.pdf,25,https://kyoumu.office.uec.ac.jp/youran/youran2024-gakuiki.pdf#page=25
2024,Ⅰ類（情報系）,メディア情報学,学工子電 / 8,8,youran2024-gakuiki.pdf,25,https://kyoumu.office.uec.ac.jp/youran/youran2024-gakuiki.pdf#page=25
2024,Ⅰ類（情報系）,経営・社会情報学,学工子電 / 8,4,youran2024-gakuiki.pdf,25,https://kyoumu.office.uec.ac.jp/youran/youran2024-gakuiki.pdf#page=25
2024,Ⅰ類（情報系）,情報数理工学,学工子電 / 8,2,youran2024-gakuiki.pdf,25,https://kyoumu.office.uec.ac.jp/youran/youran2024-gakuiki.pdf#page=25
2024,Ⅰ類（情報系）,コンピュータサイエンス,学工子電 / 8,2,youran2024-gakuiki.pdf,25,https://kyoumu.office.uec.ac.jp/youran/youran2024-gakuiki.pdf#page=25
2024,Ⅰ類（情報系）,デザイン思考・データサイエンス,学工子電 / 8,2,youran2024-gakuiki.pdf,25,https://kyoumu.office.uec.ac.jp/youran/youran2024-gakuiki.pdf#page=25
2024,Ⅱ類（融合系）,セキュリティ情報学,学工子電 / 8,3,youran2024-gakuiki.pdf,25,https://kyoumu.office.uec.ac.jp/youran/youran2024-gakuiki.pdf#page=25
2024,Ⅱ類（融合系）,情報通信工学,学工子電 / 8,2,youran2024-gakuiki.pdf,25,https://kyoumu.office.uec.ac.jp/youran/youran2024-gakuiki.pdf#page=25
2024,Ⅱ類（融合系）,電子情報学,学工子電 / 8,4,youran2024-gakuiki.pdf,25,https://kyoumu.office.uec.ac.jp/youran/youran2024-gakuiki.pdf#page=25
2024,Ⅱ類（融合系）,計測・制御システム,学工子電 / 8,72,youran2024-gakuiki.pdf,25,https://kyoumu.office.uec.ac.jp/youran/youran2024-gakuiki.pdf#page=25
2024,Ⅱ類（融合系）,先端ロボティクス,学工子電 / 8,6,youran2024-gakuiki.pdf,25,https://kyoumu.office.uec.ac.jp/youran/youran2024-gakuiki.pdf#page=25
2024,Ⅲ類（理工系）,機械システム,学工子電 / 8,2,youran2024-gakuiki.pdf,25,https://kyoumu.office.uec.ac.jp/youran/youran2024-gakuiki.pdf#page=25
2024,Ⅲ類（理工系）,電子工学,学工子電 / 8,4,youran2024-gakuiki.pdf,25,https://kyoumu.office.uec.ac.jp/youran/youran2024-gakuiki.pdf#page=25
2024,Ⅲ類（理工系）,光工学,学工子電 / 8,4,youran2024-gakuiki.pdf,25,https://kyoumu.office.uec.ac.jp/youran/youran2024-gakuiki.pdf#page=25
2024,Ⅲ類（理工系）,物理工学,学工子電 / 8,61,youran2024-gakuiki.pdf,25,https://kyoumu.office.uec.ac.jp/youran/youran2024-gakuiki.pdf#page=25
2024,Ⅲ類（理工系）,化学生命工学,学工子電 / 8,02,youran2024-gakuiki.pdf,25,https://kyoumu.office.uec.ac.jp/youran/youran2024-gakuiki.pdf#page=25
2024,Ⅰ類（情報系）,メディア情報学,ムテスシ 械機 / 8,8,youran2024-gakuiki.pdf,25,https://kyoumu.office.uec.ac.jp/youran/youran2024-gakuiki.pdf#page=25
2024,Ⅰ類（情報系）,経営・社会情報学,ムテスシ 械機 / 8,4,youran2024-gakuiki.pdf,25,https://kyoumu.office.uec.ac.jp/youran/youran2024-gakuiki.pdf#page=25
2024,Ⅰ類（情報系）,情報数理工学,ムテスシ 械機 / 8,2,youran2024-gakuiki.pdf,25,https://kyoumu.office.uec.ac.jp/youran/youran2024-gakuiki.pdf#page=25
2024,Ⅰ類（情報系）,コンピュータサイエンス,ムテスシ 械機 / 8,2,youran2024-gakuiki.pdf,25,https://kyoumu.office.uec.ac.jp/youran/youran2024-gakuiki.pdf#page=25
2024,Ⅰ類（情報系）,デザイン思考・データサイエンス,ムテスシ 械機 / 8,2,youran2024-gakuiki.pdf,25,https://kyoumu.office.uec.ac.jp/youran/youran2024-gakuiki.pdf#page=25
2024,Ⅱ類（融合系）,セキュリティ情報学,ムテスシ 械機 / 8,3,youran2024-gakuiki.pdf,25,https://kyoumu.office.uec.ac.jp/youran/youran2024-gakuiki.pdf#page=25
2024,Ⅱ類（融合系）,情報通信工学,ムテスシ 械機 / 8,2,youran2024-gakuiki.pdf,25,https://kyoumu.office.uec.ac.jp/youran/youran2024-gakuiki.pdf#page=25
2024,Ⅱ類（融合系）,電子情報学,ムテスシ 械機 / 8,4,youran2024-gakuiki.pdf,25,https://kyoumu.office.uec.ac.jp/youran/youran2024-gakuiki.pdf#page=25
2024,Ⅱ類（融合系）,計測・制御システム,ムテスシ 械機 / 8,72,youran2024-gakuiki.pdf,25,https://kyoumu.office.uec.ac.jp/youran/youran2024-gakuiki.pdf#page=25
2024,Ⅱ類（融合系）,先端ロボティクス,ムテスシ 械機 / 8,6,youran2024-gakuiki.pdf,25,https://kyoumu.office.uec.ac.jp/youran/youran2024-gakuiki.pdf#page=25
2024,Ⅲ類（理工系）,機械システム,ムテスシ 械機 / 8,2,youran2024-gakuiki.pdf,25,https://kyoumu.office.uec.ac.jp/youran/youran2024-gakuiki.pdf#page=25
2024,Ⅲ類（理工系）,電子工学,ムテスシ 械機 / 8,4,youran2024-gakuiki.pdf,25,https://kyoumu.office.uec.ac.jp/youran/youran2024-gakuiki.pdf#page=25
2024,Ⅲ類（理工系）,光工学,ムテスシ 械機 / 8,4,youran2024-gakuiki.pdf,25,https://kyoumu.office.uec.ac.jp/youran/youran2024-gakuiki.pdf#page=25
2024,Ⅲ類（理工系）,物理工学,ムテスシ 械機 / 8,61,youran2024-gakuiki.pdf,25,https://kyoumu.office.uec.ac.jp/youran/youran2024-gakuiki.pdf#page=25
2024,Ⅲ類（理工系）,化学生命工学,ムテスシ 械機 / 8,02,youran2024-gakuiki.pdf,25,https://kyoumu.office.uec.ac.jp/youran/youran2024-gakuiki.pdf#page=25
2024,Ⅰ類（情報系）,メディア情報学,）系合融（類Ⅱ / スクィテボロ 端先 / 8,8,youran2024-gakuiki.pdf,25,https://kyoumu.office.uec.ac.jp/youran/youran2024-gakuiki.pdf#page=25
2024,Ⅰ類（情報系）,経営・社会情報学,）系合融（類Ⅱ / スクィテボロ 端先 / 8,4,youran2024-gakuiki.pdf,25,https://kyoumu.office.uec.ac.jp/youran/youran2024-gakuiki.pdf#page=25
2024,Ⅰ類（情報系）,情報数理工学,）系合融（類Ⅱ / スクィテボロ 端先 / 8,2,youran2024-gakuiki.pdf,25,https://kyoumu.office.uec.ac.jp/youran/youran2024-gakuiki.pdf#page=25
2024,Ⅰ類（情報系）,コンピュータサイエンス,）系合融（類Ⅱ / スクィテボロ 端先 / 8,2,youran2024-gakuiki.pdf,25,https://kyoumu.office.uec.ac.jp/youran/youran2024-gakuiki.pdf#page=25
2024,Ⅰ類（情報系）,デザイン思考・データサイエンス,）系合融（類Ⅱ / スクィテボロ 端先 / 8,2,youran2024-gakuiki.pdf,25,https://kyoumu.office.uec.ac.jp/youran/youran2024-gakuiki.pdf#page=25
2024,Ⅱ類（融合系）,セキュリティ情報学,）系合融（類Ⅱ / スクィテボロ 端先 / 8,3,youran2024-gakuiki.pdf,25,https://kyoumu.office.uec.ac.jp/youran/youran2024-gakuiki.pdf#page=25
2024,Ⅱ類（融合系）,情報通信工学,）系合融（類Ⅱ / スクィテボロ 端先 / 8,2,youran2024-gakuiki.pdf,25,https://kyoumu.office.uec.ac.jp/youran/youran2024-gakuiki.pdf#page=25
2024,Ⅱ類（融合系）,電子情報学,）系合融（類Ⅱ / スクィテボロ 端先 / 8,4,youran2024-gakuiki.pdf,25,https://kyoumu.office.uec.ac.jp/youran/youran2024-gakuiki.pdf#page=25
2024,Ⅱ類（融合系）,計測・制御システム,）系合融（類Ⅱ / スクィテボロ 端先 / 8,72,youran2024-gakuiki.pdf,25,https://kyoumu.office.uec.ac.jp/youran/youran2024-gakuiki.pdf#page=25
2024,Ⅱ類（融合系）,先端ロボティクス,）系合融（類Ⅱ / スクィテボロ 端先 / 8,6,youran2024-gakuiki.pdf,25,https://kyoumu.office.uec.ac.jp/youran/youran2024-gakuiki.pdf#page=25
2024,Ⅲ類（理工系）,機械システム,）系合融（類Ⅱ / スクィテボロ 端先 / 8,2,youran2024-gakuiki.pdf,25,https://kyoumu.office.uec.ac.jp/youran/youran2024-gakuiki.pdf#page=25
2024,Ⅲ類（理工系）,電子工学,）系合融（類Ⅱ / スクィテボロ 端先 / 8,4,youran2024-gakuiki.pdf,25,https://kyoumu.office.uec.ac.jp/youran/youran2024-gakuiki.pdf#page=25
2024,Ⅲ類（理工系）,光工学,）系合融（類Ⅱ / スクィテボロ 端先 / 8,4,youran2024-gakuiki.pdf,25,https://kyoumu.office.uec.ac.jp/youran/youran2024-gakuiki.pdf#page=25
2024,Ⅲ類（理工系）,物理工学,）系合融（類Ⅱ / スクィテボロ 端先 / 8,61,youran2024-gakuiki.pdf,25,https://kyoumu.office.uec.ac.jp/youran/youran2024-gakuiki.pdf#page=25
2024,Ⅲ類（理工系）,化学生命工学,）系合融（類Ⅱ / スクィテボロ 端先 / 8,02,youran2024-gakuiki.pdf,25,https://kyoumu.office.uec.ac.jp/youran/youran2024-gakuiki.pdf#page=25
2024,Ⅰ類（情報系）,メディア情報学,）系合融（類Ⅱ / 御制・測計 ムテスシ / 8,8,youran2024-gakuiki.pdf,25,https://kyoumu.office.uec.ac.jp/youran/youran2024-gakuiki.pdf#page=25
2024,Ⅰ類（情報系）,経営・社会情報学,）系合融（類Ⅱ / 御制・測計 ムテスシ / 8,4,youran2024-gakuiki.pdf,25,https://kyoumu.office.uec.ac.jp/youran/youran2024-gakuiki.pdf#page=25
2024,Ⅰ類（情報系）,情報数理工学,）系合融（類Ⅱ / 御制・測計 ムテスシ / 8,2,youran2024-gakuiki.pdf,25,https://kyoumu.office.uec.ac.jp/youran/youran2024-gakuiki.pdf#page=25
2024,Ⅰ類（情報系）,コンピュータサイエンス,）系合融（類Ⅱ / 御制・測計 ムテスシ / 8,2,youran2024-gakuiki.pdf,25,https://kyoumu.office.uec.ac.jp/youran/youran2024-gakuiki.pdf#page=25
2024,Ⅰ類（情報系）,デザイン思考・データサイエンス,）系合融（類Ⅱ / 御制・測計 ムテスシ / 8,2,youran2024-gakuiki.pdf,25,https://kyoumu.office.uec.ac.jp/youran/youran2024-gakuiki.pdf#page=25
2024,Ⅱ類（融合系）,セキュリティ情報学,）系合融（類Ⅱ / 御制・測計 ムテスシ / 8,3,youran2024-gakuiki.pdf,25,https://kyoumu.office.uec.ac.jp/youran/youran2024-gakuiki.pdf#page=25
2024,Ⅱ類（融合系）,情報通信工学,）系合融（類Ⅱ / 御制・測計 ムテスシ / 8,2,youran2024-gakuiki.pdf,25,https://kyoumu.office.uec.ac.jp/youran/youran2024-gakuiki.pdf#page=25
2024,Ⅱ類（融合系）,電子情報学,）系合融（類Ⅱ / 御制・測計 ムテスシ / 8,4,youran2024-gakuiki.pdf,25,https://kyoumu.office.uec.ac.jp/youran/youran2024-gakuiki.pdf#page=25
2024,Ⅱ類（融合系）,計測・制御システム,）系合融（類Ⅱ / 御制・測計 ムテスシ / 8,72,youran2024-gakuiki.pdf,25,https://kyoumu.office.uec.ac.jp/youran/youran2024-gakuiki.pdf#page=25
2024,Ⅱ類（融合系）,先端ロボティクス,）系合融（類Ⅱ / 御制・測計 ムテスシ / 8,6,youran2024-gakuiki.pdf,25,https://kyoumu.office.uec.ac.jp/youran/youran2024-gakuiki.pdf#page=25
2024,Ⅲ類（理工系）,機械システム,）系合融（類Ⅱ / 御制・測計 ムテスシ / 8,2,youran2024-gakuiki.pdf,25,https://kyoumu.office.uec.ac.jp/youran/youran2024-gakuiki.pdf#page=25
2024,Ⅲ類（理工系）,電子工学,）系合融（類Ⅱ / 御制・測計 ムテスシ / 8,4,youran2024-gakuiki.pdf,25,https://kyoumu.office.uec.ac.jp/youran/youran2024-gakuiki.pdf#page=25
2024,Ⅲ類（理工系）,光工学,）系合融（類Ⅱ / 御制・測計 ムテスシ / 8,4,youran2024-gakuiki.pdf,25,https://kyoumu.office.uec.ac.jp/youran/youran2024-gakuiki.pdf#page=25
2024,Ⅲ類（理工系）,物理工学,）系合融（類Ⅱ / 御制・測計 ムテスシ / 8,61,youran2024-gakuiki.pdf,25,https://kyoumu.office.uec.ac.jp/youran/youran2024-gakuiki.pdf#page=25
2024,Ⅲ類（理工系）,化学生命工学,）系合融（類Ⅱ / 御制・測計 ムテスシ / 8,02,youran2024-gakuiki.pdf,25,https://kyoumu.office.uec.ac.jp/youran/youran2024-gakuiki.pdf#page=25
2024,Ⅰ類（情報系）,メディア情報学,）系合融（類Ⅱ / 学報情子電 / 8,8,youran2024-gakuiki.pdf,25,https://kyoumu.office.uec.ac.jp/youran/youran2024-gakuiki.pdf#page=25
2024,Ⅰ類（情報系）,経営・社会情報学,）系合融（類Ⅱ / 学報情子電 / 8,4,youran2024-gakuiki.pdf,25,https://kyoumu.office.uec.ac.jp/youran/youran2024-gakuiki.pdf#page=25
2024,Ⅰ類（情報系）,情報数理工学,）系合融（類Ⅱ / 学報情子電 / 8,2,youran2024-gakuiki.pdf,25,https://kyoumu.office.uec.ac.jp/youran/youran2024-gakuiki.pdf#page=25
2024,Ⅰ類（情報系）,コンピュータサイエンス,）系合融（類Ⅱ / 学報情子電 / 8,2,youran2024-gakuiki.pdf,25,https://kyoumu.office.uec.ac.jp/youran/youran2024-gakuiki.pdf#page=25
2024,Ⅰ類（情報系）,デザイン思考・データサイエンス,）系合融（類Ⅱ / 学報情子電 / 8,2,youran2024-gakuiki.pdf,25,https://kyoumu.office.uec.ac.jp/youran/youran2024-gakuiki.pdf#page=25
2024,Ⅱ類（融合系）,セキュリティ情報学,）系合融（類Ⅱ / 学報情子電 / 8,3,youran2024-gakuiki.pdf,25,https://kyoumu.office.uec.ac.jp/youran/youran2024-gakuiki.pdf#page=25
2024,Ⅱ類（融合系）,情報通信工学,）系合融（類Ⅱ / 学報情子電 / 8,2,youran2024-gakuiki.pdf,25,https://kyoumu.office.uec.ac.jp/youran/youran2024-gakuiki.pdf#page=25
2024,Ⅱ類（融合系）,電子情報学,）系合融（類Ⅱ / 学報情子電 / 8,4,youran2024-gakuiki.pdf,25,https://kyoumu.office.uec.ac.jp/youran/youran2024-gakuiki.pdf#page=25
2024,Ⅱ類（融合系）,計測・制御システム,）系合融（類Ⅱ / 学報情子電 / 8,72,youran2024-gakuiki.pdf,25,https://kyoumu.office.uec.ac.jp/youran/youran2024-gakuiki.pdf#page=25
2024,Ⅱ類（融合系）,先端ロボティクス,）系合融（類Ⅱ / 学報情子電 / 8,6,youran2024-gakuiki.pdf,25,https://kyoumu.office.uec.ac.jp/youran/youran2024-gakuiki.pdf#page=25
2024,Ⅲ類（理工系）,機械システム,）系合融（類Ⅱ / 学報情子電 / 8,3,youran2024-gakuiki.pdf,25,https://kyoumu.office.uec.ac.jp/youran/youran2024-gakuiki.pdf#page=25
2024,Ⅲ類（理工系）,電子工学,）系合融（類Ⅱ / 学報情子電 / 8,4,youran2024-gakuiki.pdf,25,https://kyoumu.office.uec.ac.jp/youran/youran2024-gakuiki.pdf#page=25
2024,Ⅲ類（理工系）,光工学,）系合融（類Ⅱ / 学報情子電 / 8,4,youran2024-gakuiki.pdf,25,https://kyoumu.office.uec.ac.jp/youran/youran2024-gakuiki.pdf#page=25
2024,Ⅲ類（理工系）,物理工学,）系合融（類Ⅱ / 学報情子電 / 8,71,youran2024-gakuiki.pdf,25,https://kyoumu.office.uec.ac.jp/youran/youran2024-gakuiki.pdf#page=25
2024,Ⅲ類（理工系）,化学生命工学,）系合融（類Ⅱ / 学報情子電 / 8,02,youran2024-gakuiki.pdf,25,https://kyoumu.office.uec.ac.jp/youran/youran2024-gakuiki.pdf#page=25
2024,Ⅰ類（情報系）,メディア情報学,）系合融（類Ⅱ / 信通報情 学工 / 8,8,youran2024-gakuiki.pdf,25,https://kyoumu.office.uec.ac.jp/youran/youran2024-gakuiki.pdf#page=25
2024,Ⅰ類（情報系）,経営・社会情報学,）系合融（類Ⅱ / 信通報情 学工 / 8,4,youran2024-gakuiki.pdf,25,https://kyoumu.office.uec.ac.jp/youran/youran2024-gakuiki.pdf#page=25
2024,Ⅰ類（情報系）,情報数理工学,）系合融（類Ⅱ / 信通報情 学工 / 8,2,youran2024-gakuiki.pdf,25,https://kyoumu.office.uec.ac.jp/youran/youran2024-gakuiki.pdf#page=25
2024,Ⅰ類（情報系）,コンピュータサイエンス,）系合融（類Ⅱ / 信通報情 学工 / 8,2,youran2024-gakuiki.pdf,25,https://kyoumu.office.uec.ac.jp/youran/youran2024-gakuiki.pdf#page=25
2024,Ⅰ類（情報系）,デザイン思考・データサイエンス,）系合融（類Ⅱ / 信通報情 学工 / 8,2,youran2024-gakuiki.pdf,25,https://kyoumu.office.uec.ac.jp/youran/youran2024-gakuiki.pdf#page=25
2024,Ⅱ類（融合系）,セキュリティ情報学,）系合融（類Ⅱ / 信通報情 学工 / 8,3,youran2024-gakuiki.pdf,25,https://kyoumu.office.uec.ac.jp/youran/youran2024-gakuiki.pdf#page=25
2024,Ⅱ類（融合系）,情報通信工学,）系合融（類Ⅱ / 信通報情 学工 / 8,2,youran2024-gakuiki.pdf,25,https://kyoumu.office.uec.ac.jp/youran/youran2024-gakuiki.pdf#page=25
2024,Ⅱ類（融合系）,電子情報学,）系合融（類Ⅱ / 信通報情 学工 / 8,4,youran2024-gakuiki.pdf,25,https://kyoumu.office.uec.ac.jp/youran/youran2024-gakuiki.pdf#page=25
2024,Ⅱ類（融合系）,計測・制御システム,）系合融（類Ⅱ / 信通報情 学工 / 8,72,youran2024-gakuiki.pdf,25,https://kyoumu.office.uec.ac.jp/youran/youran2024-gakuiki.pdf#page=25
2024,Ⅱ類（融合系）,先端ロボティクス,）系合融（類Ⅱ / 信通報情 学工 / 8,6,youran2024-gakuiki.pdf,25,https://kyoumu.office.uec.ac.jp/youran/youran2024-gakuiki.pdf#page=25
2024,Ⅲ類（理工系）,機械システム,）系合融（類Ⅱ / 信通報情 学工 / 8,3,youran2024-gakuiki.pdf,25,https://kyoumu.office.uec.ac.jp/youran/youran2024-gakuiki.pdf#page=25
2024,Ⅲ類（理工系）,電子工学,）系合融（類Ⅱ / 信通報情 学工 / 8,4,youran2024-gakuiki.pdf,25,https://kyoumu.office.uec.ac.jp/youran/youran2024-gakuiki.pdf#page=25
2024,Ⅲ類（理工系）,光工学,）系合融（類Ⅱ / 信通報情 学工 / 8,4,youran2024-gakuiki.pdf,25,https://kyoumu.office.uec.ac.jp/youran/youran2024-gakuiki.pdf#page=25
2024,Ⅲ類（理工系）,物理工学,）系合融（類Ⅱ / 信通報情 学工 / 8,71,youran2024-gakuiki.pdf,25,https://kyoumu.office.uec.ac.jp/youran/youran2024-gakuiki.pdf#page=25
2024,Ⅲ類（理工系）,化学生命工学,）系合融（類Ⅱ / 信通報情 学工 / 8,02,youran2024-gakuiki.pdf,25,https://kyoumu.office.uec.ac.jp/youran/youran2024-gakuiki.pdf#page=25
2024,Ⅰ類（情報系）,メディア情報学,）系合融（類Ⅱ / ィテリュキセ 学報情 / 8,8,youran2024-gakuiki.pdf,25,https://kyoumu.office.uec.ac.jp/youran/youran2024-gakuiki.pdf#page=25
2024,Ⅰ類（情報系）,経営・社会情報学,）系合融（類Ⅱ / ィテリュキセ 学報情 / 8,4,youran2024-gakuiki.pdf,25,https://kyoumu.office.uec.ac.jp/youran/youran2024-gakuiki.pdf#page=25
2024,Ⅰ類（情報系）,情報数理工学,）系合融（類Ⅱ / ィテリュキセ 学報情 / 8,2,youran2024-gakuiki.pdf,25,https://kyoumu.office.uec.ac.jp/youran/youran2024-gakuiki.pdf#page=25
2024,Ⅰ類（情報系）,コンピュータサイエンス,）系合融（類Ⅱ / ィテリュキセ 学報情 / 8,2,youran2024-gakuiki.pdf,25,https://kyoumu.office.uec.ac.jp/youran/youran2024-gakuiki.pdf#page=25
2024,Ⅰ類（情報系）,デザイン思考・データサイエンス,）系合融（類Ⅱ / ィテリュキセ 学報情 / 8,2,youran2024-gakuiki.pdf,25,https://kyoumu.office.uec.ac.jp/youran/youran2024-gakuiki.pdf#page=25
2024,Ⅱ類（融合系）,セキュリティ情報学,）系合融（類Ⅱ / ィテリュキセ 学報情 / 8,3,youran2024-gakuiki.pdf,25,https://kyoumu.office.uec.ac.jp/youran/youran2024-gakuiki.pdf#page=25
2024,Ⅱ類（融合系）,情報通信工学,）系合融（類Ⅱ / ィテリュキセ 学報情 / 8,2,youran2024-gakuiki.pdf,25,https://kyoumu.office.uec.ac.jp/youran/youran2024-gakuiki.pdf#page=25
2024,Ⅱ類（融合系）,電子情報学,）系合融（類Ⅱ / ィテリュキセ 学報情 / 8,4,youran2024-gakuiki.pdf,25,https://kyoumu.office.uec.ac.jp/youran/youran2024-gakuiki.pdf#page=25
2024,Ⅱ類（融合系）,計測・制御システム,）系合融（類Ⅱ / ィテリュキセ 学報情 / 8,72,youran2024-gakuiki.pdf,25,https://kyoumu.office.uec.ac.jp/youran/youran2024-gakuiki.pdf#page=25
2024,Ⅱ類（融合系）,先端ロボティクス,）系合融（類Ⅱ / ィテリュキセ 学報情 / 8,6,youran2024-gakuiki.pdf,25,https://kyoumu.office.uec.ac.jp/youran/youran2024-gakuiki.pdf#page=25
2024,Ⅲ類（理工系）,機械システム,）系合融（類Ⅱ / ィテリュキセ 学報情 / 8,3,youran2024-gakuiki.pdf,25,https://kyoumu.office.uec.ac.jp/youran/youran2024-gakuiki.pdf#page=25
2024,Ⅲ類（理工系）,電子工学,）系合融（類Ⅱ / ィテリュキセ 学報情 / 8,4,youran2024-gakuiki.pdf,25,https://kyoumu.office.uec.ac.jp/youran/youran2024-gakuiki.pdf#page=25
2024,Ⅲ類（理工系）,光工学,）系合融（類Ⅱ / ィテリュキセ 学報情 / 8,4,youran2024-gakuiki.pdf,25,https://kyoumu.office.uec.ac.jp/youran/youran2024-gakuiki.pdf#page=25
2024,Ⅲ類（理工系）,物理工学,）系合融（類Ⅱ / ィテリュキセ 学報情 / 8,71,youran2024-gakuiki.pdf,25,https://kyoumu.office.uec.ac.jp/youran/youran2024-gakuiki.pdf#page=25
2024,Ⅲ類（理工系）,化学生命工学,）系合融（類Ⅱ / ィテリュキセ 学報情 / 8,02,youran2024-gakuiki.pdf,25,https://kyoumu.office.uec.ac.jp/youran/youran2024-gakuiki.pdf#page=25
2024,Ⅰ類（情報系）,メディア情報学,）系報情（類Ⅰ / ・考思ンイザデ スンエイサターデ / 8,8,youran2024-gakuiki.pdf,25,https://kyoumu.office.uec.ac.jp/youran/youran2024-gakuiki.pdf#page=25
2024,Ⅰ類（情報系）,経営・社会情報学,）系報情（類Ⅰ / ・考思ンイザデ スンエイサターデ / 8,4,youran2024-gakuiki.pdf,25,https://kyoumu.office.uec.ac.jp/youran/youran2024-gakuiki.pdf#page=25
2024,Ⅰ類（情報系）,情報数理工学,）系報情（類Ⅰ / ・考思ンイザデ スンエイサターデ / 8,2,youran2024-gakuiki.pdf,25,https://kyoumu.office.uec.ac.jp/youran/youran2024-gakuiki.pdf#page=25
2024,Ⅰ類（情報系）,コンピュータサイエンス,）系報情（類Ⅰ / ・考思ンイザデ スンエイサターデ / 8,2,youran2024-gakuiki.pdf,25,https://kyoumu.office.uec.ac.jp/youran/youran2024-gakuiki.pdf#page=25
2024,Ⅰ類（情報系）,デザイン思考・データサイエンス,）系報情（類Ⅰ / ・考思ンイザデ スンエイサターデ / 8,2,youran2024-gakuiki.pdf,25,https://kyoumu.office.uec.ac.jp/youran/youran2024-gakuiki.pdf#page=25
2024,Ⅱ類（融合系）,セキュリティ情報学,）系報情（類Ⅰ / ・考思ンイザデ スンエイサターデ / 8,3,youran2024-gakuiki.pdf,25,https://kyoumu.office.uec.ac.jp/youran/youran2024-gakuiki.pdf#page=25
2024,Ⅱ類（融合系）,情報通信工学,）系報情（類Ⅰ / ・考思ンイザデ スンエイサターデ / 8,2,youran2024-gakuiki.pdf,25,https://kyoumu.office.uec.ac.jp/youran/youran2024-gakuiki.pdf#page=25
2024,Ⅱ類（融合系）,電子情報学,）系報情（類Ⅰ / ・考思ンイザデ スンエイサターデ / 8,4,youran2024-gakuiki.pdf,25,https://kyoumu.office.uec.ac.jp/youran/youran2024-gakuiki.pdf#page=25
2024,Ⅱ類（融合系）,計測・制御システム,）系報情（類Ⅰ / ・考思ンイザデ スンエイサターデ / 8,72,youran2024-gakuiki.pdf,25,https://kyoumu.office.uec.ac.jp/youran/youran2024-gakuiki.pdf#page=25
2024,Ⅱ類（融合系）,先端ロボティクス,）系報情（類Ⅰ / ・考思ンイザデ スンエイサターデ / 8,6,youran2024-gakuiki.pdf,25,https://kyoumu.office.uec.ac.jp/youran/youran2024-gakuiki.pdf#page=25
2024,Ⅲ類（理工系）,機械システム,）系報情（類Ⅰ / ・考思ンイザデ スンエイサターデ / 8,3,youran2024-gakuiki.pdf,25,https://kyoumu.office.uec.ac.jp/youran/youran2024-gakuiki.pdf#page=25
2024,Ⅲ類（理工系）,電子工学,）系報情（類Ⅰ / ・考思ンイザデ スンエイサターデ / 8,4,youran2024-gakuiki.pdf,25,https://kyoumu.office.uec.ac.jp/youran/youran2024-gakuiki.pdf#page=25
2024,Ⅲ類（理工系）,光工学,）系報情（類Ⅰ / ・考思ンイザデ スンエイサターデ / 8,4,youran2024-gakuiki.pdf,25,https://kyoumu.office.uec.ac.jp/youran/youran2024-gakuiki.pdf#page=25
2024,Ⅲ類（理工系）,物理工学,）系報情（類Ⅰ / ・考思ンイザデ スンエイサターデ / 8,71,youran2024-gakuiki.pdf,25,https://kyoumu.office.uec.ac.jp/youran/youran2024-gakuiki.pdf#page=25
2024,Ⅲ類（理工系）,化学生命工学,）系報情（類Ⅰ / ・考思ンイザデ スンエイサターデ / 8,81,youran2024-gakuiki.pdf,25,https://kyoumu.office.uec.ac.jp/youran/youran2024-gakuiki.pdf#page=25
2024,Ⅰ類（情報系）,メディア情報学,）系報情（類Ⅰ / ターュピンコ スンエイサ / 8,8,youran2024-gakuiki.pdf,25,https://kyoumu.office.uec.ac.jp/youran/youran2024-gakuiki.pdf#page=25
2024,Ⅰ類（情報系）,経営・社会情報学,）系報情（類Ⅰ / ターュピンコ スンエイサ / 8,4,youran2024-gakuiki.pdf,25,https://kyoumu.office.uec.ac.jp/youran/youran2024-gakuiki.pdf#page=25
2024,Ⅰ類（情報系）,情報数理工学,）系報情（類Ⅰ / ターュピンコ スンエイサ / 8,2,youran2024-gakuiki.pdf,25,https://kyoumu.office.uec.ac.jp/youran/youran2024-gakuiki.pdf#page=25
2024,Ⅰ類（情報系）,コンピュータサイエンス,）系報情（類Ⅰ / ターュピンコ スンエイサ / 8,2,youran2024-gakuiki.pdf,25,https://kyoumu.office.uec.ac.jp/youran/youran2024-gakuiki.pdf#page=25
2024,Ⅰ類（情報系）,デザイン思考・データサイエンス,）系報情（類Ⅰ / ターュピンコ スンエイサ / 8,2,youran2024-gakuiki.pdf,25,https://kyoumu.office.uec.ac.jp/youran/youran2024-gakuiki.pdf#page=25
2024,Ⅱ類（融合系）,セキュリティ情報学,）系報情（類Ⅰ / ターュピンコ スンエイサ / 8,3,youran2024-gakuiki.pdf,25,https://kyoumu.office.uec.ac.jp/youran/youran2024-gakuiki.pdf#page=25
2024,Ⅱ類（融合系）,情報通信工学,）系報情（類Ⅰ / ターュピンコ スンエイサ / 8,2,youran2024-gakuiki.pdf,25,https://kyoumu.office.uec.ac.jp/youran/youran2024-gakuiki.pdf#page=25
2024,Ⅱ類（融合系）,電子情報学,）系報情（類Ⅰ / ターュピンコ スンエイサ / 8,4,youran2024-gakuiki.pdf,25,https://kyoumu.office.uec.ac.jp/youran/youran2024-gakuiki.pdf#page=25
2024,Ⅱ類（融合系）,計測・制御システム,）系報情（類Ⅰ / ターュピンコ スンエイサ / 8,72,youran2024-gakuiki.pdf,25,https://kyoumu.office.uec.ac.jp/youran/youran2024-gakuiki.pdf#page=25
2024,Ⅱ類（融合系）,先端ロボティクス,）系報情（類Ⅰ / ターュピンコ スンエイサ / 8,6,youran2024-gakuiki.pdf,25,https://kyoumu.office.uec.ac.jp/youran/youran2024-gakuiki.pdf#page=25
2024,Ⅲ類（理工系）,機械システム,）系報情（類Ⅰ / ターュピンコ スンエイサ / 8,3,youran2024-gakuiki.pdf,25,https://kyoumu.office.uec.ac.jp/youran/youran2024-gakuiki.pdf#page=25
2024,Ⅲ類（理工系）,電子工学,）系報情（類Ⅰ / ターュピンコ スンエイサ / 8,4,youran2024-gakuiki.pdf,25,https://kyoumu.office.uec.ac.jp/youran/youran2024-gakuiki.pdf#page=25
2024,Ⅲ類（理工系）,光工学,）系報情（類Ⅰ / ターュピンコ スンエイサ / 8,4,youran2024-gakuiki.pdf,25,https://kyoumu.office.uec.ac.jp/youran/youran2024-gakuiki.pdf#page=25
2024,Ⅲ類（理工系）,物理工学,）系報情（類Ⅰ / ターュピンコ スンエイサ / 8,71,youran2024-gakuiki.pdf,25,https://kyoumu.office.uec.ac.jp/youran/youran2024-gakuiki.pdf#page=25
2024,Ⅲ類（理工系）,化学生命工学,）系報情（類Ⅰ / ターュピンコ スンエイサ / 8,81,youran2024-gakuiki.pdf,25,https://kyoumu.office.uec.ac.jp/youran/youran2024-gakuiki.pdf#page=25
2024,Ⅰ類（情報系）,メディア情報学,）系報情（類Ⅰ / 理数報情 学工 / 8,8,youran2024-gakuiki.pdf,25,https://kyoumu.office.uec.ac.jp/youran/youran2024-gakuiki.pdf#page=25
2024,Ⅰ類（情報系）,経営・社会情報学,）系報情（類Ⅰ / 理数報情 学工 / 8,4,youran2024-gakuiki.pdf,25,https://kyoumu.office.uec.ac.jp/youran/youran2024-gakuiki.pdf#page=25
2024,Ⅰ類（情報系）,情報数理工学,）系報情（類Ⅰ / 理数報情 学工 / 8,2,youran2024-gakuiki.pdf,25,https://kyoumu.office.uec.ac.jp/youran/youran2024-gakuiki.pdf#page=25
2024,Ⅰ類（情報系）,コンピュータサイエンス,）系報情（類Ⅰ / 理数報情 学工 / 8,2,youran2024-gakuiki.pdf,25,https://kyoumu.office.uec.ac.jp/youran/youran2024-gakuiki.pdf#page=25
2024,Ⅰ類（情報系）,デザイン思考・データサイエンス,）系報情（類Ⅰ / 理数報情 学工 / 8,2,youran2024-gakuiki.pdf,25,https://kyoumu.office.uec.ac.jp/youran/youran2024-gakuiki.pdf#page=25
2024,Ⅱ類（融合系）,セキュリティ情報学,）系報情（類Ⅰ / 理数報情 学工 / 8,3,youran2024-gakuiki.pdf,25,https://kyoumu.office.uec.ac.jp/youran/youran2024-gakuiki.pdf#page=25
2024,Ⅱ類（融合系）,情報通信工学,）系報情（類Ⅰ / 理数報情 学工 / 8,2,youran2024-gakuiki.pdf,25,https://kyoumu.office.uec.ac.jp/youran/youran2024-gakuiki.pdf#page=25
2024,Ⅱ類（融合系）,電子情報学,）系報情（類Ⅰ / 理数報情 学工 / 8,4,youran2024-gakuiki.pdf,25,https://kyoumu.office.uec.ac.jp/youran/youran2024-gakuiki.pdf#page=25
2024,Ⅱ類（融合系）,計測・制御システム,）系報情（類Ⅰ / 理数報情 学工 / 8,72,youran2024-gakuiki.pdf,25,https://kyoumu.office.uec.ac.jp/youran/youran2024-gakuiki.pdf#page=25
2024,Ⅱ類（融合系）,先端ロボティクス,）系報情（類Ⅰ / 理数報情 学工 / 8,6,youran2024-gakuiki.pdf,25,https://kyoumu.office.uec.ac.jp/youran/youran2024-gakuiki.pdf#page=25
2024,Ⅲ類（理工系）,機械システム,）系報情（類Ⅰ / 理数報情 学工 / 8,3,youran2024-gakuiki.pdf,25,https://kyoumu.office.uec.ac.jp/youran/youran2024-gakuiki.pdf#page=25
2024,Ⅲ類（理工系）,電子工学,）系報情（類Ⅰ / 理数報情 学工 / 8,4,youran2024-gakuiki.pdf,25,https://kyoumu.office.uec.ac.jp/youran/youran2024-gakuiki.pdf#page=25
2024,Ⅲ類（理工系）,光工学,）系報情（類Ⅰ / 理数報情 学工 / 8,4,youran2024-gakuiki.pdf,25,https://kyoumu.office.uec.ac.jp/youran/youran2024-gakuiki.pdf#page=25
2024,Ⅲ類（理工系）,物理工学,）系報情（類Ⅰ / 理数報情 学工 / 8,71,youran2024-gakuiki.pdf,25,https://kyoumu.office.uec.ac.jp/youran/youran2024-gakuiki.pdf#page=25
2024,Ⅲ類（理工系）,化学生命工学,）系報情（類Ⅰ / 理数報情 学工 / 8,81,youran2024-gakuiki.pdf,25,https://kyoumu.office.uec.ac.jp/youran/youran2024-gakuiki.pdf#page=25
2024,Ⅰ類（情報系）,メディア情報学,）系報情（類Ⅰ / 会社・営経 学報情 / 8,8,youran2024-gakuiki.pdf,25,https://kyoumu.office.uec.ac.jp/youran/youran2024-gakuiki.pdf#page=25
2024,Ⅰ類（情報系）,経営・社会情報学,）系報情（類Ⅰ / 会社・営経 学報情 / 8,4,youran2024-gakuiki.pdf,25,https://kyoumu.office.uec.ac.jp/youran/youran2024-gakuiki.pdf#page=25
2024,Ⅰ類（情報系）,情報数理工学,）系報情（類Ⅰ / 会社・営経 学報情 / 8,2,youran2024-gakuiki.pdf,25,https://kyoumu.office.uec.ac.jp/youran/youran2024-gakuiki.pdf#page=25
2024,Ⅰ類（情報系）,コンピュータサイエンス,）系報情（類Ⅰ / 会社・営経 学報情 / 8,2,youran2024-gakuiki.pdf,25,https://kyoumu.office.uec.ac.jp/youran/youran2024-gakuiki.pdf#page=25
2024,Ⅰ類（情報系）,デザイン思考・データサイエンス,）系報情（類Ⅰ / 会社・営経 学報情 / 8,2,youran2024-gakuiki.pdf,25,https://kyoumu.office.uec.ac.jp/youran/youran2024-gakuiki.pdf#page=25
2024,Ⅱ類（融合系）,セキュリティ情報学,）系報情（類Ⅰ / 会社・営経 学報情 / 8,3,youran2024-gakuiki.pdf,25,https://kyoumu.office.uec.ac.jp/youran/youran2024-gakuiki.pdf#page=25
2024,Ⅱ類（融合系）,情報通信工学,）系報情（類Ⅰ / 会社・営経 学報情 / 8,2,youran2024-gakuiki.pdf,25,https://kyoumu.office.uec.ac.jp/youran/youran2024-gakuiki.pdf#page=25
2024,Ⅱ類（融合系）,電子情報学,）系報情（類Ⅰ / 会社・営経 学報情 / 8,4,youran2024-gakuiki.pdf,25,https://kyoumu.office.uec.ac.jp/youran/youran2024-gakuiki.pdf#page=25
2024,Ⅱ類（融合系）,計測・制御システム,）系報情（類Ⅰ / 会社・営経 学報情 / 8,72,youran2024-gakuiki.pdf,25,https://kyoumu.office.uec.ac.jp/youran/youran2024-gakuiki.pdf#page=25
2024,Ⅱ類（融合系）,先端ロボティクス,）系報情（類Ⅰ / 会社・営経 学報情 / 8,6,youran2024-gakuiki.pdf,25,https://kyoumu.office.uec.ac.jp/youran/youran2024-gakuiki.pdf#page=25
2024,Ⅲ類（理工系）,機械システム,）系報情（類Ⅰ / 会社・営経 学報情 / 8,3,youran2024-gakuiki.pdf,25,https://kyoumu.office.uec.ac.jp/youran/youran2024-gakuiki.pdf#page=25
2024,Ⅲ類（理工系）,電子工学,）系報情（類Ⅰ / 会社・営経 学報情 / 8,4,youran2024-gakuiki.pdf,25,https://kyoumu.office.uec.ac.jp/youran/youran2024-gakuiki.pdf#page=25
2024,Ⅲ類（理工系）,光工学,）系報情（類Ⅰ / 会社・営経 学報情 / 8,4,youran2024-gakuiki.pdf,25,https://kyoumu.office.uec.ac.jp/youran/youran2024-gakuiki.pdf#page=25
2024,Ⅲ類（理工系）,物理工学,）系報情（類Ⅰ / 会社・営経 学報情 / 8,71,youran2024-gakuiki.pdf,25,https://kyoumu.office.uec.ac.jp/youran/youran2024-gakuiki.pdf#page=25
2024,Ⅲ類（理工系）,化学生命工学,）系報情（類Ⅰ / 会社・営経 学報情 / 8,81,youran2024-gakuiki.pdf,25,https://kyoumu.office.uec.ac.jp/youran/youran2024-gakuiki.pdf#page=25
2024,Ⅰ類（情報系）,メディア情報学,）系報情（類Ⅰ / アィデメ 学報情 / 8,8,youran2024-gakuiki.pdf,25,https://kyoumu.office.uec.ac.jp/youran/youran2024-gakuiki.pdf#page=25
2024,Ⅰ類（情報系）,経営・社会情報学,）系報情（類Ⅰ / アィデメ 学報情 / 8,4,youran2024-gakuiki.pdf,25,https://kyoumu.office.uec.ac.jp/youran/youran2024-gakuiki.pdf#page=25
2024,Ⅰ類（情報系）,情報数理工学,）系報情（類Ⅰ / アィデメ 学報情 / 8,2,youran2024-gakuiki.pdf,25,https://kyoumu.office.uec.ac.jp/youran/youran2024-gakuiki.pdf#page=25
2024,Ⅰ類（情報系）,コンピュータサイエンス,）系報情（類Ⅰ / アィデメ 学報情 / 8,2,youran2024-gakuiki.pdf,25,https://kyoumu.office.uec.ac.jp/youran/youran2024-gakuiki.pdf#page=25
2024,Ⅰ類（情報系）,デザイン思考・データサイエンス,）系報情（類Ⅰ / アィデメ 学報情 / 8,2,youran2024-gakuiki.pdf,25,https://kyoumu.office.uec.ac.jp/youran/youran2024-gakuiki.pdf#page=25
2024,Ⅱ類（融合系）,セキュリティ情報学,）系報情（類Ⅰ / アィデメ 学報情 / 8,3,youran2024-gakuiki.pdf,25,https://kyoumu.office.uec.ac.jp/youran/youran2024-gakuiki.pdf#page=25
2024,Ⅱ類（融合系）,情報通信工学,）系報情（類Ⅰ / アィデメ 学報情 / 8,2,youran2024-gakuiki.pdf,25,https://kyoumu.office.uec.ac.jp/youran/youran2024-gakuiki.pdf#page=25
2024,Ⅱ類（融合系）,電子情報学,）系報情（類Ⅰ / アィデメ 学報情 / 8,4,youran2024-gakuiki.pdf,25,https://kyoumu.office.uec.ac.jp/youran/youran2024-gakuiki.pdf#page=25
2024,Ⅱ類（融合系）,計測・制御システム,）系報情（類Ⅰ / アィデメ 学報情 / 8,72,youran2024-gakuiki.pdf,25,https://kyoumu.office.uec.ac.jp/youran/youran2024-gakuiki.pdf#page=25
2024,Ⅱ類（融合系）,先端ロボティクス,）系報情（類Ⅰ / アィデメ 学報情 / 8,6,youran2024-gakuiki.pdf,25,https://kyoumu.office.uec.ac.jp/youran/youran2024-gakuiki.pdf#page=25
2024,Ⅲ類（理工系）,機械システム,）系報情（類Ⅰ / アィデメ 学報情 / 8,3,youran2024-gakuiki.pdf,25,https://kyoumu.office.uec.ac.jp/youran/youran2024-gakuiki.pdf#page=25
2024,Ⅲ類（理工系）,電子工学,）系報情（類Ⅰ / アィデメ 学報情 / 8,4,youran2024-gakuiki.pdf,25,https://kyoumu.office.uec.ac.jp/youran/youran2024-gakuiki.pdf#page=25
2024,Ⅲ類（理工系）,光工学,）系報情（類Ⅰ / アィデメ 学報情 / 8,4,youran2024-gakuiki.pdf,25,https://kyoumu.office.uec.ac.jp/youran/youran2024-gakuiki.pdf#page=25
2024,Ⅲ類（理工系）,物理工学,）系報情（類Ⅰ / アィデメ 学報情 / 8,71,youran2024-gakuiki.pdf,25,https://kyoumu.office.uec.ac.jp/youran/youran2024-gakuiki.pdf#page=25
2024,Ⅲ類（理工系）,化学生命工学,）系報情（類Ⅰ / アィデメ 学報情 / 8,81,youran2024-gakuiki.pdf,25,https://kyoumu.office.uec.ac.jp/youran/youran2024-gakuiki.pdf#page=25
2025,Ⅰ類（情報系）,メディア情報学,学工光 / 8,8,youran2025-gakuiki.pdf,25,https://kyoumu.office.uec.ac.jp/youran/youran2025-gakuiki.pdf#page=25
2025,Ⅰ類（情報系）,経営・社会情報学,学工光 / 8,4,youran2025-gakuiki.pdf,25,https://kyoumu.office.uec.ac.jp/youran/youran2025-gakuiki.pdf#page=25
2025,Ⅰ類（情報系）,情報数理工学,学工光 / 8,2,youran2025-gakuiki.pdf,25,https://kyoumu.office.uec.ac.jp/youran/youran2025-gakuiki.pdf#page=25
2025,Ⅰ類（情報系）,コンピュータサイエンス,学工光 / 8,2,youran2025-gakuiki.pdf,25,https://kyoumu.office.uec.ac.jp/youran/youran2025-gakuiki.pdf#page=25
2025,Ⅰ類（情報系）,デザイン思考・データサイエンス,学工光 / 8,2,youran2025-gakuiki.pdf,25,https://kyoumu.office.uec.ac.jp/youran/youran2025-gakuiki.pdf#page=25
2025,Ⅱ類（融合系）,セキュリティ情報学,学工光 / 8,3,youran2025-gakuiki.pdf,25,https://kyoumu.office.uec.ac.jp/youran/youran2025-gakuiki.pdf#page=25
2025,Ⅱ類（融合系）,情報通信工学,学工光 / 8,2,youran2025-gakuiki.pdf,25,https://kyoumu.office.uec.ac.jp/youran/youran2025-gakuiki.pdf#page=25
2025,Ⅱ類（融合系）,電子情報学,学工光 / 8,4,youran2025-gakuiki.pdf,25,https://kyoumu.office.uec.ac.jp/youran/youran2025-gakuiki.pdf#page=25
2025,Ⅱ類（融合系）,計測・制御システム,学工光 / 8,72,youran2025-gakuiki.pdf,25,https://kyoumu.office.uec.ac.jp/youran/youran2025-gakuiki.pdf#page=25
2025,Ⅱ類（融合系）,先端ロボティクス,学工光 / 8,6,youran2025-gakuiki.pdf,25,https://kyoumu.office.uec.ac.jp/youran/youran2025-gakuiki.pdf#page=25
2025,Ⅲ類（理工系）,機械システム,学工光 / 8,2,youran2025-gakuiki.pdf,25,https://kyoumu.office.uec.ac.jp/youran/youran2025-gakuiki.pdf#page=25
2025,Ⅲ類（理工系）,電子工学,学工光 / 8,4,youran2025-gakuiki.pdf,25,https://kyoumu.office.uec.ac.jp/youran/youran2025-gakuiki.pdf#page=25
2025,Ⅲ類（理工系）,光工学,学工光 / 8,4,youran2025-gakuiki.pdf,25,https://kyoumu.office.uec.ac.jp/youran/youran2025-gakuiki.pdf#page=25
2025,Ⅲ類（理工系）,物理工学,学工光 / 8,61,youran2025-gakuiki.pdf,25,https://kyoumu.office.uec.ac.jp/youran/youran2025-gakuiki.pdf#page=25
2025,Ⅲ類（理工系）,化学生命工学,学工光 / 8,02,youran2025-gakuiki.pdf,25,https://kyoumu.office.uec.ac.jp/youran/youran2025-gakuiki.pdf#page=25
2025,Ⅰ類（情報系）,メディア情報学,学工子電 / 8,8,youran2025-gakuiki.pdf,25,https://kyoumu.office.uec.ac.jp/youran/youran2025-gakuiki.pdf#page=25
2025,Ⅰ類（情報系）,経営・社会情報学,学工子電 / 8,4,youran2025-gakuiki.pdf,25,https://kyoumu.office.uec.ac.jp/youran/youran2025-gakuiki.pdf#page=25
2025,Ⅰ類（情報系）,情報数理工学,学工子電 / 8,2,youran2025-gakuiki.pdf,25,https://kyoumu.office.uec.ac.jp/youran/youran2025-gakuiki.pdf#page=25
2025,Ⅰ類（情報系）,コンピュータサイエンス,学工子電 / 8,2,youran2025-gakuiki.pdf,25,https://kyoumu.office.uec.ac.jp/youran/youran2025-gakuiki.pdf#page=25
2025,Ⅰ類（情報系）,デザイン思考・データサイエンス,学工子電 / 8,2,youran2025-gakuiki.pdf,25,https://kyoumu.office.uec.ac.jp/youran/youran2025-gakuiki.pdf#page=25
2025,Ⅱ類（融合系）,セキュリティ情報学,学工子電 / 8,3,youran2025-gakuiki.pdf,25,https://kyoumu.office.uec.ac.jp/youran/youran2025-gakuiki.pdf#page=25
2025,Ⅱ類（融合系）,情報通信工学,学工子電 / 8,2,youran2025-gakuiki.pdf,25,https://kyoumu.office.uec.ac.jp/youran/youran2025-gakuiki.pdf#page=25
2025,Ⅱ類（融合系）,電子情報学,学工子電 / 8,4,youran2025-gakuiki.pdf,25,https://kyoumu.office.uec.ac.jp/youran/youran2025-gakuiki.pdf#page=25
2025,Ⅱ類（融合系）,計測・制御システム,学工子電 / 8,72,youran2025-gakuiki.pdf,25,https://kyoumu.office.uec.ac.jp/youran/youran2025-gakuiki.pdf#page=25
2025,Ⅱ類（融合系）,先端ロボティクス,学工子電 / 8,6,youran2025-gakuiki.pdf,25,https://kyoumu.office.uec.ac.jp/youran/youran2025-gakuiki.pdf#page=25
2025,Ⅲ類（理工系）,機械システム,学工子電 / 8,2,youran2025-gakuiki.pdf,25,https://kyoumu.office.uec.ac.jp/youran/youran2025-gakuiki.pdf#page=25
2025,Ⅲ類（理工系）,電子工学,学工子電 / 8,4,youran2025-gakuiki.pdf,25,https://kyoumu.office.uec.ac.jp/youran/youran2025-gakuiki.pdf#page=25
2025,Ⅲ類（理工系）,光工学,学工子電 / 8,4,youran2025-gakuiki.pdf,25,https://kyoumu.office.uec.ac.jp/youran/youran2025-gakuiki.pdf#page=25
2025,Ⅲ類（理工系）,物理工学,学工子電 / 8,61,youran2025-gakuiki.pdf,25,https://kyoumu.office.uec.ac.jp/youran/youran2025-gakuiki.pdf#page=25
2025,Ⅲ類（理工系）,化学生命工学,学工子電 / 8,02,youran2025-gakuiki.pdf,25,https://kyoumu.office.uec.ac.jp/youran/youran2025-gakuiki.pdf#page=25
2025,Ⅰ類（情報系）,メディア情報学,ムテスシ 械機 / 8,8,youran2025-gakuiki.pdf,25,https://kyoumu.office.uec.ac.jp/youran/youran2025-gakuiki.pdf#page=25
2025,Ⅰ類（情報系）,経営・社会情報学,ムテスシ 械機 / 8,4,youran2025-gakuiki.pdf,25,https://kyoumu.office.uec.ac.jp/youran/youran2025-gakuiki.pdf#page=25
2025,Ⅰ類（情報系）,情報数理工学,ムテスシ 械機 / 8,2,youran2025-gakuiki.pdf,25,https://kyoumu.office.uec.ac.jp/youran/youran2025-gakuiki.pdf#page=25
2025,Ⅰ類（情報系）,コンピュータサイエンス,ムテスシ 械機 / 8,2,youran2025-gakuiki.pdf,25,https://kyoumu.office.uec.ac.jp/youran/youran2025-gakuiki.pdf#page=25
2025,Ⅰ類（情報系）,デザイン思考・データサイエンス,ムテスシ 械機 / 8,2,youran2025-gakuiki.pdf,25,https://kyoumu.office.uec.ac.jp/youran/youran2025-gakuiki.pdf#page=25
2025,Ⅱ類（融合系）,セキュリティ情報学,ムテスシ 械機 / 8,3,youran2025-gakuiki.pdf,25,https://kyoumu.office.uec.ac.jp/youran/youran2025-gakuiki.pdf#page=25
2025,Ⅱ類（融合系）,情報通信工学,ムテスシ 械機 / 8,2,youran2025-gakuiki.pdf,25,https://kyoumu.office.uec.ac.jp/youran/youran2025-gakuiki.pdf#page=25
2025,Ⅱ類（融合系）,電子情報学,ムテスシ 械機 / 8,4,youran2025-gakuiki.pdf,25,https://kyoumu.office.uec.ac.jp/youran/youran2025-gakuiki.pdf#page=25
2025,Ⅱ類（融合系）,計測・制御システム,ムテスシ 械機 / 8,72,youran2025-gakuiki.pdf,25,https://kyoumu.office.uec.ac.jp/youran/youran2025-gakuiki.pdf#page=25
2025,Ⅱ類（融合系）,先端ロボティクス,ムテスシ 械機 / 8,6,youran2025-gakuiki.pdf,25,https://kyoumu.office.uec.ac.jp/youran/youran2025-gakuiki.pdf#page=25
2025,Ⅲ類（理工系）,機械システム,ムテスシ 械機 / 8,2,youran2025-gakuiki.pdf,25,https://kyoumu.office.uec.ac.jp/youran/youran2025-gakuiki.pdf#page=25
2025,Ⅲ類（理工系）,電子工学,ムテスシ 械機 / 8,4,youran2025-gakuiki.pdf,25,https://kyoumu.office.uec.ac.jp/youran/youran2025-gakuiki.pdf#page=25
2025,Ⅲ類（理工系）,光工学,ムテスシ 械機 / 8,4,youran2025-gakuiki.pdf,25,https://kyoumu.office.uec.ac.jp/youran/youran2025-gakuiki.pdf#page=25
2025,Ⅲ類（理工系）,物理工学,ムテスシ 械機 / 8,61,youran2025-gakuiki.pdf,25,https://kyoumu.office.uec.ac.jp/youran/youran2025-gakuiki.pdf#page=25
2025,Ⅲ類（理工系）,化学生命工学,ムテスシ 械機 / 8,02,youran2025-gakuiki.pdf,25,https://kyoumu.office.uec.ac.jp/youran/youran2025-gakuiki.pdf#page=25
2025,Ⅰ類（情報系）,メディア情報学,）系合融（類Ⅱ / スクィテボロ 端先 / 8,8,youran2025-gakuiki.pdf,25,https://kyoumu.office.uec.ac.jp/youran/youran2025-gakuiki.pdf#page=25
2025,Ⅰ類（情報系）,経営・社会情報学,）系合融（類Ⅱ / スクィテボロ 端先 / 8,4,youran2025-gakuiki.pdf,25,https://kyoumu.office.uec.ac.jp/youran/youran2025-gakuiki.pdf#page=25
2025,Ⅰ類（情報系）,情報数理工学,）系合融（類Ⅱ / スクィテボロ 端先 / 8,2,youran2025-gakuiki.pdf,25,https://kyoumu.office.uec.ac.jp/youran/youran2025-gakuiki.pdf#page=25
2025,Ⅰ類（情報系）,コンピュータサイエンス,）系合融（類Ⅱ / スクィテボロ 端先 / 8,2,youran2025-gakuiki.pdf,25,https://kyoumu.office.uec.ac.jp/youran/youran2025-gakuiki.pdf#page=25
2025,Ⅰ類（情報系）,デザイン思考・データサイエンス,）系合融（類Ⅱ / スクィテボロ 端先 / 8,2,youran2025-gakuiki.pdf,25,https://kyoumu.office.uec.ac.jp/youran/youran2025-gakuiki.pdf#page=25
2025,Ⅱ類（融合系）,セキュリティ情報学,）系合融（類Ⅱ / スクィテボロ 端先 / 8,3,youran2025-gakuiki.pdf,25,https://kyoumu.office.uec.ac.jp/youran/youran2025-gakuiki.pdf#page=25
2025,Ⅱ類（融合系）,情報通信工学,）系合融（類Ⅱ / スクィテボロ 端先 / 8,2,youran2025-gakuiki.pdf,25,https://kyoumu.office.uec.ac.jp/youran/youran2025-gakuiki.pdf#page=25
2025,Ⅱ類（融合系）,電子情報学,）系合融（類Ⅱ / スクィテボロ 端先 / 8,4,youran2025-gakuiki.pdf,25,https://kyoumu.office.uec.ac.jp/youran/youran2025-gakuiki.pdf#page=25
2025,Ⅱ類（融合系）,計測・制御システム,）系合融（類Ⅱ / スクィテボロ 端先 / 8,72,youran2025-gakuiki.pdf,25,https://kyoumu.office.uec.ac.jp/youran/youran2025-gakuiki.pdf#page=25
2025,Ⅱ類（融合系）,先端ロボティクス,）系合融（類Ⅱ / スクィテボロ 端先 / 8,6,youran2025-gakuiki.pdf,25,https://kyoumu.office.uec.ac.jp/youran/youran2025-gakuiki.pdf#page=25
2025,Ⅲ類（理工系）,機械システム,）系合融（類Ⅱ / スクィテボロ 端先 / 8,2,youran2025-gakuiki.pdf,25,https://kyoumu.office.uec.ac.jp/youran/youran2025-gakuiki.pdf#page=25
2025,Ⅲ類（理工系）,電子工学,）系合融（類Ⅱ / スクィテボロ 端先 / 8,4,youran2025-gakuiki.pdf,25,https://kyoumu.office.uec.ac.jp/youran/youran2025-gakuiki.pdf#page=25
2025,Ⅲ類（理工系）,光工学,）系合融（類Ⅱ / スクィテボロ 端先 / 8,4,youran2025-gakuiki.pdf,25,https://kyoumu.office.uec.ac.jp/youran/youran2025-gakuiki.pdf#page=25
2025,Ⅲ類（理工系）,物理工学,）系合融（類Ⅱ / スクィテボロ 端先 / 8,61,youran2025-gakuiki.pdf,25,https://kyoumu.office.uec.ac.jp/youran/youran2025-gakuiki.pdf#page=25
2025,Ⅲ類（理工系）,化学生命工学,）系合融（類Ⅱ / スクィテボロ 端先 / 8,02,youran2025-gakuiki.pdf,25,https://kyoumu.office.uec.ac.jp/youran/youran2025-gakuiki.pdf#page=25
2025,Ⅰ類（情報系）,メディア情報学,）系合融（類Ⅱ / 御制・測計 ムテスシ / 8,8,youran2025-gakuiki.pdf,25,https://kyoumu.office.uec.ac.jp/youran/youran2025-gakuiki.pdf#page=25
2025,Ⅰ類（情報系）,経営・社会情報学,）系合融（類Ⅱ / 御制・測計 ムテスシ / 8,4,youran2025-gakuiki.pdf,25,https://kyoumu.office.uec.ac.jp/youran/youran2025-gakuiki.pdf#page=25
2025,Ⅰ類（情報系）,情報数理工学,）系合融（類Ⅱ / 御制・測計 ムテスシ / 8,2,youran2025-gakuiki.pdf,25,https://kyoumu.office.uec.ac.jp/youran/youran2025-gakuiki.pdf#page=25
2025,Ⅰ類（情報系）,コンピュータサイエンス,）系合融（類Ⅱ / 御制・測計 ムテスシ / 8,2,youran2025-gakuiki.pdf,25,https://kyoumu.office.uec.ac.jp/youran/youran2025-gakuiki.pdf#page=25
2025,Ⅰ類（情報系）,デザイン思考・データサイエンス,）系合融（類Ⅱ / 御制・測計 ムテスシ / 8,2,youran2025-gakuiki.pdf,25,https://kyoumu.office.uec.ac.jp/youran/youran2025-gakuiki.pdf#page=25
2025,Ⅱ類（融合系）,セキュリティ情報学,）系合融（類Ⅱ / 御制・測計 ムテスシ / 8,3,youran2025-gakuiki.pdf,25,https://kyoumu.office.uec.ac.jp/youran/youran2025-gakuiki.pdf#page=25
2025,Ⅱ類（融合系）,情報通信工学,）系合融（類Ⅱ / 御制・測計 ムテスシ / 8,2,youran2025-gakuiki.pdf,25,https://kyoumu.office.uec.ac.jp/youran/youran2025-gakuiki.pdf#page=25
2025,Ⅱ類（融合系）,電子情報学,）系合融（類Ⅱ / 御制・測計 ムテスシ / 8,4,youran2025-gakuiki.pdf,25,https://kyoumu.office.uec.ac.jp/youran/youran2025-gakuiki.pdf#page=25
2025,Ⅱ類（融合系）,計測・制御システム,）系合融（類Ⅱ / 御制・測計 ムテスシ / 8,72,youran2025-gakuiki.pdf,25,https://kyoumu.office.uec.ac.jp/youran/youran2025-gakuiki.pdf#page=25
2025,Ⅱ類（融合系）,先端ロボティクス,）系合融（類Ⅱ / 御制・測計 ムテスシ / 8,6,youran2025-gakuiki.pdf,25,https://kyoumu.office.uec.ac.jp/youran/youran2025-gakuiki.pdf#page=25
2025,Ⅲ類（理工系）,機械システム,）系合融（類Ⅱ / 御制・測計 ムテスシ / 8,2,youran2025-gakuiki.pdf,25,https://kyoumu.office.uec.ac.jp/youran/youran2025-gakuiki.pdf#page=25
2025,Ⅲ類（理工系）,電子工学,）系合融（類Ⅱ / 御制・測計 ムテスシ / 8,4,youran2025-gakuiki.pdf,25,https://kyoumu.office.uec.ac.jp/youran/youran2025-gakuiki.pdf#page=25
2025,Ⅲ類（理工系）,光工学,）系合融（類Ⅱ / 御制・測計 ムテスシ / 8,4,youran2025-gakuiki.pdf,25,https://kyoumu.office.uec.ac.jp/youran/youran2025-gakuiki.pdf#page=25
2025,Ⅲ類（理工系）,物理工学,）系合融（類Ⅱ / 御制・測計 ムテスシ / 8,61,youran2025-gakuiki.pdf,25,https://kyoumu.office.uec.ac.jp/youran/youran2025-gakuiki.pdf#page=25
2025,Ⅲ類（理工系）,化学生命工学,）系合融（類Ⅱ / 御制・測計 ムテスシ / 8,02,youran2025-gakuiki.pdf,25,https://kyoumu.office.uec.ac.jp/youran/youran2025-gakuiki.pdf#page=25
2025,Ⅰ類（情報系）,メディア情報学,）系合融（類Ⅱ / 学報情子電 / 8,8,youran2025-gakuiki.pdf,25,https://kyoumu.office.uec.ac.jp/youran/youran2025-gakuiki.pdf#page=25
2025,Ⅰ類（情報系）,経営・社会情報学,）系合融（類Ⅱ / 学報情子電 / 8,4,youran2025-gakuiki.pdf,25,https://kyoumu.office.uec.ac.jp/youran/youran2025-gakuiki.pdf#page=25
2025,Ⅰ類（情報系）,情報数理工学,）系合融（類Ⅱ / 学報情子電 / 8,2,youran2025-gakuiki.pdf,25,https://kyoumu.office.uec.ac.jp/youran/youran2025-gakuiki.pdf#page=25
2025,Ⅰ類（情報系）,コンピュータサイエンス,）系合融（類Ⅱ / 学報情子電 / 8,2,youran2025-gakuiki.pdf,25,https://kyoumu.office.uec.ac.jp/youran/youran2025-gakuiki.pdf#page=25
2025,Ⅰ類（情報系）,デザイン思考・データサイエンス,）系合融（類Ⅱ / 学報情子電 / 8,2,youran2025-gakuiki.pdf,25,https://kyoumu.office.uec.ac.jp/youran/youran2025-gakuiki.pdf#page=25
2025,Ⅱ類（融合系）,セキュリティ情報学,）系合融（類Ⅱ / 学報情子電 / 8,3,youran2025-gakuiki.pdf,25,https://kyoumu.office.uec.ac.jp/youran/youran2025-gakuiki.pdf#page=25
2025,Ⅱ類（融合系）,情報通信工学,）系合融（類Ⅱ / 学報情子電 / 8,2,youran2025-gakuiki.pdf,25,https://kyoumu.office.uec.ac.jp/youran/youran2025-gakuiki.pdf#page=25
2025,Ⅱ類（融合系）,電子情報学,）系合融（類Ⅱ / 学報情子電 / 8,4,youran2025-gakuiki.pdf,25,https://kyoumu.office.uec.ac.jp/youran/youran2025-gakuiki.pdf#page=25
2025,Ⅱ類（融合系）,計測・制御システム,）系合融（類Ⅱ / 学報情子電 / 8,72,youran2025-gakuiki.pdf,25,https://kyoumu.office.uec.ac.jp/youran/youran2025-gakuiki.pdf#page=25
2025,Ⅱ類（融合系）,先端ロボティクス,）系合融（類Ⅱ / 学報情子電 / 8,6,youran2025-gakuiki.pdf,25,https://kyoumu.office.uec.ac.jp/youran/youran2025-gakuiki.pdf#page=25
2025,Ⅲ類（理工系）,機械システム,）系合融（類Ⅱ / 学報情子電 / 8,3,youran2025-gakuiki.pdf,25,https://kyoumu.office.uec.ac.jp/youran/youran2025-gakuiki.pdf#page=25
2025,Ⅲ類（理工系）,電子工学,）系合融（類Ⅱ / 学報情子電 / 8,4,youran2025-gakuiki.pdf,25,https://kyoumu.office.uec.ac.jp/youran/youran2025-gakuiki.pdf#page=25
2025,Ⅲ類（理工系）,光工学,）系合融（類Ⅱ / 学報情子電 / 8,4,youran2025-gakuiki.pdf,25,https://kyoumu.office.uec.ac.jp/youran/youran2025-gakuiki.pdf#page=25
2025,Ⅲ類（理工系）,物理工学,）系合融（類Ⅱ / 学報情子電 / 8,71,youran2025-gakuiki.pdf,25,https://kyoumu.office.uec.ac.jp/youran/youran2025-gakuiki.pdf#page=25
2025,Ⅲ類（理工系）,化学生命工学,）系合融（類Ⅱ / 学報情子電 / 8,02,youran2025-gakuiki.pdf,25,https://kyoumu.office.uec.ac.jp/youran/youran2025-gakuiki.pdf#page=25
2025,Ⅰ類（情報系）,メディア情報学,）系合融（類Ⅱ / 信通報情 学工 / 8,8,youran2025-gakuiki.pdf,25,https://kyoumu.office.uec.ac.jp/youran/youran2025-gakuiki.pdf#page=25
2025,Ⅰ類（情報系）,経営・社会情報学,）系合融（類Ⅱ / 信通報情 学工 / 8,4,youran2025-gakuiki.pdf,25,https://kyoumu.office.uec.ac.jp/youran/youran2025-gakuiki.pdf#page=25
2025,Ⅰ類（情報系）,情報数理工学,）系合融（類Ⅱ / 信通報情 学工 / 8,2,youran2025-gakuiki.pdf,25,https://kyoumu.office.uec.ac.jp/youran/youran2025-gakuiki.pdf#page=25
2025,Ⅰ類（情報系）,コンピュータサイエンス,）系合融（類Ⅱ / 信通報情 学工 / 8,2,youran2025-gakuiki.pdf,25,https://kyoumu.office.uec.ac.jp/youran/youran2025-gakuiki.pdf#page=25
2025,Ⅰ類（情報系）,デザイン思考・データサイエンス,）系合融（類Ⅱ / 信通報情 学工 / 8,2,youran2025-gakuiki.pdf,25,https://kyoumu.office.uec.ac.jp/youran/youran2025-gakuiki.pdf#page=25
2025,Ⅱ類（融合系）,セキュリティ情報学,）系合融（類Ⅱ / 信通報情 学工 / 8,3,youran2025-gakuiki.pdf,25,https://kyoumu.office.uec.ac.jp/youran/youran2025-gakuiki.pdf#page=25
2025,Ⅱ類（融合系）,情報通信工学,）系合融（類Ⅱ / 信通報情 学工 / 8,2,youran2025-gakuiki.pdf,25,https://kyoumu.office.uec.ac.jp/youran/youran2025-gakuiki.pdf#page=25
2025,Ⅱ類（融合系）,電子情報学,）系合融（類Ⅱ / 信通報情 学工 / 8,4,youran2025-gakuiki.pdf,25,https://kyoumu.office.uec.ac.jp/youran/youran2025-gakuiki.pdf#page=25
2025,Ⅱ類（融合系）,計測・制御システム,）系合融（類Ⅱ / 信通報情 学工 / 8,72,youran2025-gakuiki.pdf,25,https://kyoumu.office.uec.ac.jp/youran/youran2025-gakuiki.pdf#page=25
2025,Ⅱ類（融合系）,先端ロボティクス,）系合融（類Ⅱ / 信通報情 学工 / 8,6,youran2025-gakuiki.pdf,25,https://kyoumu.office.uec.ac.jp/youran/youran2025-gakuiki.pdf#page=25
2025,Ⅲ類（理工系）,機械システム,）系合融（類Ⅱ / 信通報情 学工 / 8,3,youran2025-gakuiki.pdf,25,https://kyoumu.office.uec.ac.jp/youran/youran2025-gakuiki.pdf#page=25
2025,Ⅲ類（理工系）,電子工学,）系合融（類Ⅱ / 信通報情 学工 / 8,4,youran2025-gakuiki.pdf,25,https://kyoumu.office.uec.ac.jp/youran/youran2025-gakuiki.pdf#page=25
2025,Ⅲ類（理工系）,光工学,）系合融（類Ⅱ / 信通報情 学工 / 8,4,youran2025-gakuiki.pdf,25,https://kyoumu.office.uec.ac.jp/youran/youran2025-gakuiki.pdf#page=25
2025,Ⅲ類（理工系）,物理工学,）系合融（類Ⅱ / 信通報情 学工 / 8,71,youran2025-gakuiki.pdf,25,https://kyoumu.office.uec.ac.jp/youran/youran2025-gakuiki.pdf#page=25
2025,Ⅲ類（理工系）,化学生命工学,）系合融（類Ⅱ / 信通報情 学工 / 8,02,youran2025-gakuiki.pdf,25,https://kyoumu.office.uec.ac.jp/youran/youran2025-gakuiki.pdf#page=25
2025,Ⅰ類（情報系）,メディア情報学,）系合融（類Ⅱ / ィテリュキセ 学報情 / 8,8,youran2025-gakuiki.pdf,25,https://kyoumu.office.uec.ac.jp/youran/youran2025-gakuiki.pdf#page=25
2025,Ⅰ類（情報系）,経営・社会情報学,）系合融（類Ⅱ / ィテリュキセ 学報情 / 8,4,youran2025-gakuiki.pdf,25,https://kyoumu.office.uec.ac.jp/youran/youran2025-gakuiki.pdf#page=25
2025,Ⅰ類（情報系）,情報数理工学,）系合融（類Ⅱ / ィテリュキセ 学報情 / 8,2,youran2025-gakuiki.pdf,25,https://kyoumu.office.uec.ac.jp/youran/youran2025-gakuiki.pdf#page=25
2025,Ⅰ類（情報系）,コンピュータサイエンス,）系合融（類Ⅱ / ィテリュキセ 学報情 / 8,2,youran2025-gakuiki.pdf,25,https://kyoumu.office.uec.ac.jp/youran/youran2025-gakuiki.pdf#page=25
2025,Ⅰ類（情報系）,デザイン思考・データサイエンス,）系合融（類Ⅱ / ィテリュキセ 学報情 / 8,2,youran2025-gakuiki.pdf,25,https://kyoumu.office.uec.ac.jp/youran/youran2025-gakuiki.pdf#page=25
2025,Ⅱ類（融合系）,セキュリティ情報学,）系合融（類Ⅱ / ィテリュキセ 学報情 / 8,3,youran2025-gakuiki.pdf,25,https://kyoumu.office.uec.ac.jp/youran/youran2025-gakuiki.pdf#page=25
2025,Ⅱ類（融合系）,情報通信工学,）系合融（類Ⅱ / ィテリュキセ 学報情 / 8,2,youran2025-gakuiki.pdf,25,https://kyoumu.office.uec.ac.jp/youran/youran2025-gakuiki.pdf#page=25
2025,Ⅱ類（融合系）,電子情報学,）系合融（類Ⅱ / ィテリュキセ 学報情 / 8,4,youran2025-gakuiki.pdf,25,https://kyoumu.office.uec.ac.jp/youran/youran2025-gakuiki.pdf#page=25
2025,Ⅱ類（融合系）,計測・制御システム,）系合融（類Ⅱ / ィテリュキセ 学報情 / 8,72,youran2025-gakuiki.pdf,25,https://kyoumu.office.uec.ac.jp/youran/youran2025-gakuiki.pdf#page=25
2025,Ⅱ類（融合系）,先端ロボティクス,）系合融（類Ⅱ / ィテリュキセ 学報情 / 8,6,youran2025-gakuiki.pdf,25,https://kyoumu.office.uec.ac.jp/youran/youran2025-gakuiki.pdf#page=25
2025,Ⅲ類（理工系）,機械システム,）系合融（類Ⅱ / ィテリュキセ 学報情 / 8,3,youran2025-gakuiki.pdf,25,https://kyoumu.office.uec.ac.jp/youran/youran2025-gakuiki.pdf#page=25
2025,Ⅲ類（理工系）,電子工学,）系合融（類Ⅱ / ィテリュキセ 学報情 / 8,4,youran2025-gakuiki.pdf,25,https://kyoumu.office.uec.ac.jp/youran/youran2025-gakuiki.pdf#page=25
2025,Ⅲ類（理工系）,光工学,）系合融（類Ⅱ / ィテリュキセ 学報情 / 8,4,youran2025-gakuiki.pdf,25,https://kyoumu.office.uec.ac.jp/youran/youran2025-gakuiki.pdf#page=25
2025,Ⅲ類（理工系）,物理工学,）系合融（類Ⅱ / ィテリュキセ 学報情 / 8,71,youran2025-gakuiki.pdf,25,https://kyoumu.office.uec.ac.jp/youran/youran2025-gakuiki.pdf#page=25
2025,Ⅲ類（理工系）,化学生命工学,）系合融（類Ⅱ / ィテリュキセ 学報情 / 8,02,youran2025-gakuiki.pdf,25,https://kyoumu.office.uec.ac.jp/youran/youran2025-gakuiki.pdf#page=25
2025,Ⅰ類（情報系）,メディア情報学,）系報情（類Ⅰ / ・考思ンイザデ スンエイサターデ / 8,8,youran2025-gakuiki.pdf,25,https://kyoumu.office.uec.ac.jp/youran/youran2025-gakuiki.pdf#page=25
2025,Ⅰ類（情報系）,経営・社会情報学,）系報情（類Ⅰ / ・考思ンイザデ スンエイサターデ / 8,4,youran2025-gakuiki.pdf,25,https://kyoumu.office.uec.ac.jp/youran/youran2025-gakuiki.pdf#page=25
2025,Ⅰ類（情報系）,情報数理工学,）系報情（類Ⅰ / ・考思ンイザデ スンエイサターデ / 8,2,youran2025-gakuiki.pdf,25,https://kyoumu.office.uec.ac.jp/youran/youran2025-gakuiki.pdf#page=25
2025,Ⅰ類（情報系）,コンピュータサイエンス,）系報情（類Ⅰ / ・考思ンイザデ スンエイサターデ / 8,2,youran2025-gakuiki.pdf,25,https://kyoumu.office.uec.ac.jp/youran/youran2025-gakuiki.pdf#page=25
2025,Ⅰ類（情報系）,デザイン思考・データサイエンス,）系報情（類Ⅰ / ・考思ンイザデ スンエイサターデ / 8,2,youran2025-gakuiki.pdf,25,https://kyoumu.office.uec.ac.jp/youran/youran2025-gakuiki.pdf#page=25
2025,Ⅱ類（融合系）,セキュリティ情報学,）系報情（類Ⅰ / ・考思ンイザデ スンエイサターデ / 8,3,youran2025-gakuiki.pdf,25,https://kyoumu.office.uec.ac.jp/youran/youran2025-gakuiki.pdf#page=25
2025,Ⅱ類（融合系）,情報通信工学,）系報情（類Ⅰ / ・考思ンイザデ スンエイサターデ / 8,2,youran2025-gakuiki.pdf,25,https://kyoumu.office.uec.ac.jp/youran/youran2025-gakuiki.pdf#page=25
2025,Ⅱ類（融合系）,電子情報学,）系報情（類Ⅰ / ・考思ンイザデ スンエイサターデ / 8,4,youran2025-gakuiki.pdf,25,https://kyoumu.office.uec.ac.jp/youran/youran2025-gakuiki.pdf#page=25
2025,Ⅱ類（融合系）,計測・制御システム,）系報情（類Ⅰ / ・考思ンイザデ スンエイサターデ / 8,72,youran2025-gakuiki.pdf,25,https://kyoumu.office.uec.ac.jp/youran/youran2025-gakuiki.pdf#page=25
2025,Ⅱ類（融合系）,先端ロボティクス,）系報情（類Ⅰ / ・考思ンイザデ スンエイサターデ / 8,6,youran2025-gakuiki.pdf,25,https://kyoumu.office.uec.ac.jp/youran/youran2025-gakuiki.pdf#page=25
2025,Ⅲ類（理工系）,機械システム,）系報情（類Ⅰ / ・考思ンイザデ スンエイサターデ / 8,3,youran2025-gakuiki.pdf,25,https://kyoumu.office.uec.ac.jp/youran/youran2025-gakuiki.pdf#page=25
2025,Ⅲ類（理工系）,電子工学,）系報情（類Ⅰ / ・考思ンイザデ スンエイサターデ / 8,4,youran2025-gakuiki.pdf,25,https://kyoumu.office.uec.ac.jp/youran/youran2025-gakuiki.pdf#page=25
2025,Ⅲ類（理工系）,光工学,）系報情（類Ⅰ / ・考思ンイザデ スンエイサターデ / 8,4,youran2025-gakuiki.pdf,25,https://kyoumu.office.uec.ac.jp/youran/youran2025-gakuiki.pdf#page=25
2025,Ⅲ類（理工系）,物理工学,）系報情（類Ⅰ / ・考思ンイザデ スンエイサターデ / 8,71,youran2025-gakuiki.pdf,25,https://kyoumu.office.uec.ac.jp/youran/youran2025-gakuiki.pdf#page=25
2025,Ⅲ類（理工系）,化学生命工学,）系報情（類Ⅰ / ・考思ンイザデ スンエイサターデ / 8,81,youran2025-gakuiki.pdf,25,https://kyoumu.office.uec.ac.jp/youran/youran2025-gakuiki.pdf#page=25
2025,Ⅰ類（情報系）,メディア情報学,）系報情（類Ⅰ / ターュピンコ スンエイサ / 8,8,youran2025-gakuiki.pdf,25,https://kyoumu.office.uec.ac.jp/youran/youran2025-gakuiki.pdf#page=25
2025,Ⅰ類（情報系）,経営・社会情報学,）系報情（類Ⅰ / ターュピンコ スンエイサ / 8,4,youran2025-gakuiki.pdf,25,https://kyoumu.office.uec.ac.jp/youran/youran2025-gakuiki.pdf#page=25
2025,Ⅰ類（情報系）,情報数理工学,）系報情（類Ⅰ / ターュピンコ スンエイサ / 8,2,youran2025-gakuiki.pdf,25,https://kyoumu.office.uec.ac.jp/youran/youran2025-gakuiki.pdf#page=25
2025,Ⅰ類（情報系）,コンピュータサイエンス,）系報情（類Ⅰ / ターュピンコ スンエイサ / 8,2,youran2025-gakuiki.pdf,25,https://kyoumu.office.uec.ac.jp/youran/youran2025-gakuiki.pdf#page=25
2025,Ⅰ類（情報系）,デザイン思考・データサイエンス,）系報情（類Ⅰ / ターュピンコ スンエイサ / 8,2,youran2025-gakuiki.pdf,25,https://kyoumu.office.uec.ac.jp/youran/youran2025-gakuiki.pdf#page=25
2025,Ⅱ類（融合系）,セキュリティ情報学,）系報情（類Ⅰ / ターュピンコ スンエイサ / 8,3,youran2025-gakuiki.pdf,25,https://kyoumu.office.uec.ac.jp/youran/youran2025-gakuiki.pdf#page=25
2025,Ⅱ類（融合系）,情報通信工学,）系報情（類Ⅰ / ターュピンコ スンエイサ / 8,2,youran2025-gakuiki.pdf,25,https://kyoumu.office.uec.ac.jp/youran/youran2025-gakuiki.pdf#page=25
2025,Ⅱ類（融合系）,電子情報学,）系報情（類Ⅰ / ターュピンコ スンエイサ / 8,4,youran2025-gakuiki.pdf,25,https://kyoumu.office.uec.ac.jp/youran/youran2025-gakuiki.pdf#page=25
2025,Ⅱ類（融合系）,計測・制御システム,）系報情（類Ⅰ / ターュピンコ スンエイサ / 8,72,youran2025-gakuiki.pdf,25,https://kyoumu.office.uec.ac.jp/youran/youran2025-gakuiki.pdf#page=25
2025,Ⅱ類（融合系）,先端ロボティクス,）系報情（類Ⅰ / ターュピンコ スンエイサ / 8,6,youran2025-gakuiki.pdf,25,https://kyoumu.office.uec.ac.jp/youran/youran2025-gakuiki.pdf#page=25
2025,Ⅲ類（理工系）,機械システム,）系報情（類Ⅰ / ターュピンコ スンエイサ / 8,3,youran2025-gakuiki.pdf,25,https://kyoumu.office.uec.ac.jp/youran/youran2025-gakuiki.pdf#page=25
2025,Ⅲ類（理工系）,電子工学,）系報情（類Ⅰ / ターュピンコ スンエイサ / 8,4,youran2025-gakuiki.pdf,25,https://kyoumu.office.uec.ac.jp/youran/youran2025-gakuiki.pdf#page=25
2025,Ⅲ類（理工系）,光工学,）系報情（類Ⅰ / ターュピンコ スンエイサ / 8,4,youran2025-gakuiki.pdf,25,https://kyoumu.office.uec.ac.jp/youran/youran2025-gakuiki.pdf#page=25
2025,Ⅲ類（理工系）,物理工学,）系報情（類Ⅰ / ターュピンコ スンエイサ / 8,71,youran2025-gakuiki.pdf,25,https://kyoumu.office.uec.ac.jp/youran/youran2025-gakuiki.pdf#page=25
2025,Ⅲ類（理工系）,化学生命工学,）系報情（類Ⅰ / ターュピンコ スンエイサ / 8,81,youran2025-gakuiki.pdf,25,https://kyoumu.office.uec.ac.jp/youran/youran2025-gakuiki.pdf#page=25
2025,Ⅰ類（情報系）,メディア情報学,）系報情（類Ⅰ / 理数報情 学工 / 8,8,youran2025-gakuiki.pdf,25,https://kyoumu.office.uec.ac.jp/youran/youran2025-gakuiki.pdf#page=25
2025,Ⅰ類（情報系）,経営・社会情報学,）系報情（類Ⅰ / 理数報情 学工 / 8,4,youran2025-gakuiki.pdf,25,https://kyoumu.office.uec.ac.jp/youran/youran2025-gakuiki.pdf#page=25
2025,Ⅰ類（情報系）,情報数理工学,）系報情（類Ⅰ / 理数報情 学工 / 8,2,youran2025-gakuiki.pdf,25,https://kyoumu.office.uec.ac.jp/youran/youran2025-gakuiki.pdf#page=25
2025,Ⅰ類（情報系）,コンピュータサイエンス,）系報情（類Ⅰ / 理数報情 学工 / 8,2,youran2025-gakuiki.pdf,25,https://kyoumu.office.uec.ac.jp/youran/youran2025-gakuiki.pdf#page=25
2025,Ⅰ類（情報系）,デザイン思考・データサイエンス,）系報情（類Ⅰ / 理数報情 学工 / 8,2,youran2025-gakuiki.pdf,25,https://kyoumu.office.uec.ac.jp/youran/youran2025-gakuiki.pdf#page=25
2025,Ⅱ類（融合系）,セキュリティ情報学,）系報情（類Ⅰ / 理数報情 学工 / 8,3,youran2025-gakuiki.pdf,25,https://kyoumu.office.uec.ac.jp/youran/youran2025-gakuiki.pdf#page=25
2025,Ⅱ類（融合系）,情報通信工学,）系報情（類Ⅰ / 理数報情 学工 / 8,2,youran2025-gakuiki.pdf,25,https://kyoumu.office.uec.ac.jp/youran/youran2025-gakuiki.pdf#page=25
2025,Ⅱ類（融合系）,電子情報学,）系報情（類Ⅰ / 理数報情 学工 / 8,4,youran2025-gakuiki.pdf,25,https://kyoumu.office.uec.ac.jp/youran/youran2025-gakuiki.pdf#page=25
2025,Ⅱ類（融合系）,計測・制御システム,）系報情（類Ⅰ / 理数報情 学工 / 8,72,youran2025-gakuiki.pdf,25,https://kyoumu.office.uec.ac.jp/youran/youran2025-gakuiki.pdf#page=25
2025,Ⅱ類（融合系）,先端ロボティクス,）系報情（類Ⅰ / 理数報情 学工 / 8,6,youran2025-gakuiki.pdf,25,https://kyoumu.office.uec.ac.jp/youran/youran2025-gakuiki.pdf#page=25
2025,Ⅲ類（理工系）,機械システム,）系報情（類Ⅰ / 理数報情 学工 / 8,3,youran2025-gakuiki.pdf,25,https://kyoumu.office.uec.ac.jp/youran/youran2025-gakuiki.pdf#page=25
2025,Ⅲ類（理工系）,電子工学,）系報情（類Ⅰ / 理数報情 学工 / 8,4,youran2025-gakuiki.pdf,25,https://kyoumu.office.uec.ac.jp/youran/youran2025-gakuiki.pdf#page=25
2025,Ⅲ類（理工系）,光工学,）系報情（類Ⅰ / 理数報情 学工 / 8,4,youran2025-gakuiki.pdf,25,https://kyoumu.office.uec.ac.jp/youran/youran2025-gakuiki.pdf#page=25
2025,Ⅲ類（理工系）,物理工学,）系報情（類Ⅰ / 理数報情 学工 / 8,71,youran2025-gakuiki.pdf,25,https://kyoumu.office.uec.ac.jp/youran/youran2025-gakuiki.pdf#page=25
2025,Ⅲ類（理工系）,化学生命工学,）系報情（類Ⅰ / 理数報情 学工 / 8,81,youran2025-gakuiki.pdf,25,https://kyoumu.office.uec.ac.jp/youran/youran2025-gakuiki.pdf#page=25
2025,Ⅰ類（情報系）,メディア情報学,）系報情（類Ⅰ / 会社・営経 学報情 / 8,8,youran2025-gakuiki.pdf,25,https://kyoumu.office.uec.ac.jp/youran/youran2025-gakuiki.pdf#page=25
2025,Ⅰ類（情報系）,経営・社会情報学,）系報情（類Ⅰ / 会社・営経 学報情 / 8,4,youran2025-gakuiki.pdf,25,https://kyoumu.office.uec.ac.jp/youran/youran2025-gakuiki.pdf#page=25
2025,Ⅰ類（情報系）,情報数理工学,）系報情（類Ⅰ / 会社・営経 学報情 / 8,2,youran2025-gakuiki.pdf,25,https://kyoumu.office.uec.ac.jp/youran/youran2025-gakuiki.pdf#page=25
2025,Ⅰ類（情報系）,コンピュータサイエンス,）系報情（類Ⅰ / 会社・営経 学報情 / 8,2,youran2025-gakuiki.pdf,25,https://kyoumu.office.uec.ac.jp/youran/youran2025-gakuiki.pdf#page=25
2025,Ⅰ類（情報系）,デザイン思考・データサイエンス,）系報情（類Ⅰ / 会社・営経 学報情 / 8,2,youran2025-gakuiki.pdf,25,https://kyoumu.office.uec.ac.jp/youran/youran2025-gakuiki.pdf#page=25
2025,Ⅱ類（融合系）,セキュリティ情報学,）系報情（類Ⅰ / 会社・営経 学報情 / 8,3,youran2025-gakuiki.pdf,25,https://kyoumu.office.uec.ac.jp/youran/youran2025-gakuiki.pdf#page=25
2025,Ⅱ類（融合系）,情報通信工学,）系報情（類Ⅰ / 会社・営経 学報情 / 8,2,youran2025-gakuiki.pdf,25,https://kyoumu.office.uec.ac.jp/youran/youran2025-gakuiki.pdf#page=25
2025,Ⅱ類（融合系）,電子情報学,）系報情（類Ⅰ / 会社・営経 学報情 / 8,4,youran2025-gakuiki.pdf,25,https://kyoumu.office.uec.ac.jp/youran/youran2025-gakuiki.pdf#page=25
2025,Ⅱ類（融合系）,計測・制御システム,）系報情（類Ⅰ / 会社・営経 学報情 / 8,72,youran2025-gakuiki.pdf,25,https://kyoumu.office.uec.ac.jp/youran/youran2025-gakuiki.pdf#page=25
2025,Ⅱ類（融合系）,先端ロボティクス,）系報情（類Ⅰ / 会社・営経 学報情 / 8,6,youran2025-gakuiki.pdf,25,https://kyoumu.office.uec.ac.jp/youran/youran2025-gakuiki.pdf#page=25
2025,Ⅲ類（理工系）,機械システム,）系報情（類Ⅰ / 会社・営経 学報情 / 8,3,youran2025-gakuiki.pdf,25,https://kyoumu.office.uec.ac.jp/youran/youran2025-gakuiki.pdf#page=25
2025,Ⅲ類（理工系）,電子工学,）系報情（類Ⅰ / 会社・営経 学報情 / 8,4,youran2025-gakuiki.pdf,25,https://kyoumu.office.uec.ac.jp/youran/youran2025-gakuiki.pdf#page=25
2025,Ⅲ類（理工系）,光工学,）系報情（類Ⅰ / 会社・営経 学報情 / 8,4,youran2025-gakuiki.pdf,25,https://kyoumu.office.uec.ac.jp/youran/youran2025-gakuiki.pdf#page=25
2025,Ⅲ類（理工系）,物理工学,）系報情（類Ⅰ / 会社・営経 学報情 / 8,71,youran2025-gakuiki.pdf,25,https://kyoumu.office.uec.ac.jp/youran/youran2025-gakuiki.pdf#page=25
2025,Ⅲ類（理工系）,化学生命工学,）系報情（類Ⅰ / 会社・営経 学報情 / 8,81,youran2025-gakuiki.pdf,25,https://kyoumu.office.uec.ac.jp/youran/youran2025-gakuiki.pdf#page=25
2025,Ⅰ類（情報系）,メディア情報学,）系報情（類Ⅰ / アィデメ 学報情 / 8,8,youran2025-gakuiki.pdf,25,https://kyoumu.office.uec.ac.jp/youran/youran2025-gakuiki.pdf#page=25
2025,Ⅰ類（情報系）,経営・社会情報学,）系報情（類Ⅰ / アィデメ 学報情 / 8,4,youran2025-gakuiki.pdf,25,https://kyoumu.office.uec.ac.jp/youran/youran2025-gakuiki.pdf#page=25
2025,Ⅰ類（情報系）,情報数理工学,）系報情（類Ⅰ / アィデメ 学報情 / 8,2,youran2025-gakuiki.pdf,25,https://kyoumu.office.uec.ac.jp/youran/youran2025-gakuiki.pdf#page=25
2025,Ⅰ類（情報系）,コンピュータサイエンス,）系報情（類Ⅰ / アィデメ 学報情 / 8,2,youran2025-gakuiki.pdf,25,https://kyoumu.office.uec.ac.jp/youran/youran2025-gakuiki.pdf#page=25
2025,Ⅰ類（情報系）,デザイン思考・データサイエンス,）系報情（類Ⅰ / アィデメ 学報情 / 8,2,youran2025-gakuiki.pdf,25,https://kyoumu.office.uec.ac.jp/youran/youran2025-gakuiki.pdf#page=25
2025,Ⅱ類（融合系）,セキュリティ情報学,）系報情（類Ⅰ / アィデメ 学報情 / 8,3,youran2025-gakuiki.pdf,25,https://kyoumu.office.uec.ac.jp/youran/youran2025-gakuiki.pdf#page=25
2025,Ⅱ類（融合系）,情報通信工学,）系報情（類Ⅰ / アィデメ 学報情 / 8,2,youran2025-gakuiki.pdf,25,https://kyoumu.office.uec.ac.jp/youran/youran2025-gakuiki.pdf#page=25
2025,Ⅱ類（融合系）,電子情報学,）系報情（類Ⅰ / アィデメ 学報情 / 8,4,youran2025-gakuiki.pdf,25,https://kyoumu.office.uec.ac.jp/youran/youran2025-gakuiki.pdf#page=25
2025,Ⅱ類（融合系）,計測・制御システム,）系報情（類Ⅰ / アィデメ 学報情 / 8,72,youran2025-gakuiki.pdf,25,https://kyoumu.office.uec.ac.jp/youran/youran2025-gakuiki.pdf#page=25
2025,Ⅱ類（融合系）,先端ロボティクス,）系報情（類Ⅰ / アィデメ 学報情 / 8,6,youran2025-gakuiki.pdf,25,https://kyoumu.office.uec.ac.jp/youran/youran2025-gakuiki.pdf#page=25
2025,Ⅲ類（理工系）,機械システム,）系報情（類Ⅰ / アィデメ 学報情 / 8,3,youran2025-gakuiki.pdf,25,https://kyoumu.office.uec.ac.jp/youran/youran2025-gakuiki.pdf#page=25
2025,Ⅲ類（理工系）,電子工学,）系報情（類Ⅰ / アィデメ 学報情 / 8,4,youran2025-gakuiki.pdf,25,https://kyoumu.office.uec.ac.jp/youran/youran2025-gakuiki.pdf#page=25
2025,Ⅲ類（理工系）,光工学,）系報情（類Ⅰ / アィデメ 学報情 / 8,4,youran2025-gakuiki.pdf,25,https://kyoumu.office.uec.ac.jp/youran/youran2025-gakuiki.pdf#page=25
2025,Ⅲ類（理工系）,物理工学,）系報情（類Ⅰ / アィデメ 学報情 / 8,71,youran2025-gakuiki.pdf,25,https://kyoumu.office.uec.ac.jp/youran/youran2025-gakuiki.pdf#page=25
2025,Ⅲ類（理工系）,化学生命工学,）系報情（類Ⅰ / アィデメ 学報情 / 8,81,youran2025-gakuiki.pdf,25,https://kyoumu.office.uec.ac.jp/youran/youran2025-gakuiki.pdf#page=25
2026,Ⅰ類（情報系）,コンピュータサイエンス,総 合 文 化 科 目 / 人文・社会科学科目 / 人文・社会科学科目,8,youran2026-gakuiki.pdf,25,https://kyoumu.office.uec.ac.jp/youran/youran2026-gakuiki.pdf#page=25
2026,Ⅰ類（情報系）,デザイン思考・データサイエンス,総 合 文 化 科 目 / 人文・社会科学科目 / 人文・社会科学科目,8,youran2026-gakuiki.pdf,25,https://kyoumu.office.uec.ac.jp/youran/youran2026-gakuiki.pdf#page=25
2026,Ⅱ類（融合系）,セキュリティ情報学,総 合 文 化 科 目 / 人文・社会科学科目 / 人文・社会科学科目,8,youran2026-gakuiki.pdf,25,https://kyoumu.office.uec.ac.jp/youran/youran2026-gakuiki.pdf#page=25
2026,Ⅱ類（融合系）,情報通信工学,総 合 文 化 科 目 / 人文・社会科学科目 / 人文・社会科学科目,8,youran2026-gakuiki.pdf,25,https://kyoumu.office.uec.ac.jp/youran/youran2026-gakuiki.pdf#page=25
2026,Ⅱ類（融合系）,電子情報学,総 合 文 化 科 目 / 人文・社会科学科目 / 人文・社会科学科目,8,youran2026-gakuiki.pdf,25,https://kyoumu.office.uec.ac.jp/youran/youran2026-gakuiki.pdf#page=25
2026,Ⅱ類（融合系）,計測・制御システム,総 合 文 化 科 目 / 人文・社会科学科目 / 人文・社会科学科目,8,youran2026-gakuiki.pdf,25,https://kyoumu.office.uec.ac.jp/youran/youran2026-gakuiki.pdf#page=25
2026,Ⅱ類（融合系）,先端ロボティクス,総 合 文 化 科 目 / 人文・社会科学科目 / 人文・社会科学科目,8,youran2026-gakuiki.pdf,25,https://kyoumu.office.uec.ac.jp/youran/youran2026-gakuiki.pdf#page=25
2026,Ⅲ類（理工系）,機械システム,総 合 文 化 科 目 / 人文・社会科学科目 / 人文・社会科学科目,8,youran2026-gakuiki.pdf,25,https://kyoumu.office.uec.ac.jp/youran/youran2026-gakuiki.pdf#page=25
2026,Ⅲ類（理工系）,電子工学,総 合 文 化 科 目 / 人文・社会科学科目 / 人文・社会科学科目,8,youran2026-gakuiki.pdf,25,https://kyoumu.office.uec.ac.jp/youran/youran2026-gakuiki.pdf#page=25
2026,Ⅲ類（理工系）,光工学,総 合 文 化 科 目 / 人文・社会科学科目 / 人文・社会科学科目,8,youran2026-gakuiki.pdf,25,https://kyoumu.office.uec.ac.jp/youran/youran2026-gakuiki.pdf#page=25
2026,Ⅲ類（理工系）,物理工学,総 合 文 化 科 目 / 人文・社会科学科目 / 人文・社会科学科目,8,youran2026-gakuiki.pdf,25,https://kyoumu.office.uec.ac.jp/youran/youran2026-gakuiki.pdf#page=25
2026,Ⅲ類（理工系）,化学生命工学,総 合 文 化 科 目 / 人文・社会科学科目 / 人文・社会科学科目,8,youran2026-gakuiki.pdf,25,https://kyoumu.office.uec.ac.jp/youran/youran2026-gakuiki.pdf#page=25
2026,Ⅰ類（情報系）,コンピュータサイエンス,総 合 文 化 科 目 / 言 語 文 化 科 目 / 言語文化基礎科目 I,4,youran2026-gakuiki.pdf,25,https://kyoumu.office.uec.ac.jp/youran/youran2026-gakuiki.pdf#page=25
2026,Ⅰ類（情報系）,デザイン思考・データサイエンス,総 合 文 化 科 目 / 言 語 文 化 科 目 / 言語文化基礎科目 I,4,youran2026-gakuiki.pdf,25,https://kyoumu.office.uec.ac.jp/youran/youran2026-gakuiki.pdf#page=25
2026,Ⅱ類（融合系）,セキュリティ情報学,総 合 文 化 科 目 / 言 語 文 化 科 目 / 言語文化基礎科目 I,4,youran2026-gakuiki.pdf,25,https://kyoumu.office.uec.ac.jp/youran/youran2026-gakuiki.pdf#page=25
2026,Ⅱ類（融合系）,情報通信工学,総 合 文 化 科 目 / 言 語 文 化 科 目 / 言語文化基礎科目 I,4,youran2026-gakuiki.pdf,25,https://kyoumu.office.uec.ac.jp/youran/youran2026-gakuiki.pdf#page=25
2026,Ⅱ類（融合系）,電子情報学,総 合 文 化 科 目 / 言 語 文 化 科 目 / 言語文化基礎科目 I,4,youran2026-gakuiki.pdf,25,https://kyoumu.office.uec.ac.jp/youran/youran2026-gakuiki.pdf#page=25
2026,Ⅱ類（融合系）,計測・制御システム,総 合 文 化 科 目 / 言 語 文 化 科 目 / 言語文化基礎科目 I,4,youran2026-gakuiki.pdf,25,https://kyoumu.office.uec.ac.jp/youran/youran2026-gakuiki.pdf#page=25
2026,Ⅱ類（融合系）,先端ロボティクス,総 合 文 化 科 目 / 言 語 文 化 科 目 / 言語文化基礎科目 I,4,youran2026-gakuiki.pdf,25,https://kyoumu.office.uec.ac.jp/youran/youran2026-gakuiki.pdf#page=25
2026,Ⅲ類（理工系）,機械システム,総 合 文 化 科 目 / 言 語 文 化 科 目 / 言語文化基礎科目 I,4,youran2026-gakuiki.pdf,25,https://kyoumu.office.uec.ac.jp/youran/youran2026-gakuiki.pdf#page=25
2026,Ⅲ類（理工系）,電子工学,総 合 文 化 科 目 / 言 語 文 化 科 目 / 言語文化基礎科目 I,4,youran2026-gakuiki.pdf,25,https://kyoumu.office.uec.ac.jp/youran/youran2026-gakuiki.pdf#page=25
2026,Ⅲ類（理工系）,光工学,総 合 文 化 科 目 / 言 語 文 化 科 目 / 言語文化基礎科目 I,4,youran2026-gakuiki.pdf,25,https://kyoumu.office.uec.ac.jp/youran/youran2026-gakuiki.pdf#page=25
2026,Ⅲ類（理工系）,物理工学,総 合 文 化 科 目 / 言 語 文 化 科 目 / 言語文化基礎科目 I,4,youran2026-gakuiki.pdf,25,https://kyoumu.office.uec.ac.jp/youran/youran2026-gakuiki.pdf#page=25
2026,Ⅲ類（理工系）,化学生命工学,総 合 文 化 科 目 / 言 語 文 化 科 目 / 言語文化基礎科目 I,4,youran2026-gakuiki.pdf,25,https://kyoumu.office.uec.ac.jp/youran/youran2026-gakuiki.pdf#page=25
2026,Ⅰ類（情報系）,コンピュータサイエンス,総 合 文 化 科 目 / 言 語 文 化 科 目 / 言語文化応用科目 I,2,youran2026-gakuiki.pdf,25,https://kyoumu.office.uec.ac.jp/youran/youran2026-gakuiki.pdf#page=25
2026,Ⅰ類（情報系）,デザイン思考・データサイエンス,総 合 文 化 科 目 / 言 語 文 化 科 目 / 言語文化応用科目 I,2,youran2026-gakuiki.pdf,25,https://kyoumu.office.uec.ac.jp/youran/youran2026-gakuiki.pdf#page=25
2026,Ⅱ類（融合系）,セキュリティ情報学,総 合 文 化 科 目 / 言 語 文 化 科 目 / 言語文化応用科目 I,2,youran2026-gakuiki.pdf,25,https://kyoumu.office.uec.ac.jp/youran/youran2026-gakuiki.pdf#page=25
2026,Ⅱ類（融合系）,情報通信工学,総 合 文 化 科 目 / 言 語 文 化 科 目 / 言語文化応用科目 I,2,youran2026-gakuiki.pdf,25,https://kyoumu.office.uec.ac.jp/youran/youran2026-gakuiki.pdf#page=25
2026,Ⅱ類（融合系）,電子情報学,総 合 文 化 科 目 / 言 語 文 化 科 目 / 言語文化応用科目 I,2,youran2026-gakuiki.pdf,25,https://kyoumu.office.uec.ac.jp/youran/youran2026-gakuiki.pdf#page=25
2026,Ⅱ類（融合系）,計測・制御システム,総 合 文 化 科 目 / 言 語 文 化 科 目 / 言語文化応用科目 I,2,youran2026-gakuiki.pdf,25,https://kyoumu.office.uec.ac.jp/youran/youran2026-gakuiki.pdf#page=25
2026,Ⅱ類（融合系）,先端ロボティクス,総 合 文 化 科 目 / 言 語 文 化 科 目 / 言語文化応用科目 I,2,youran2026-gakuiki.pdf,25,https://kyoumu.office.uec.ac.jp/youran/youran2026-gakuiki.pdf#page=25
2026,Ⅲ類（理工系）,機械システム,総 合 文 化 科 目 / 言 語 文 化 科 目 / 言語文化応用科目 I,2,youran2026-gakuiki.pdf,25,https://kyoumu.office.uec.ac.jp/youran/youran2026-gakuiki.pdf#page=25
2026,Ⅲ類（理工系）,電子工学,総 合 文 化 科 目 / 言 語 文 化 科 目 / 言語文化応用科目 I,2,youran2026-gakuiki.pdf,25,https://kyoumu.office.uec.ac.jp/youran/youran2026-gakuiki.pdf#page=25
2026,Ⅲ類（理工系）,光工学,総 合 文 化 科 目 / 言 語 文 化 科 目 / 言語文化応用科目 I,2,youran2026-gakuiki.pdf,25,https://kyoumu.office.uec.ac.jp/youran/youran2026-gakuiki.pdf#page=25
2026,Ⅲ類（理工系）,物理工学,総 合 文 化 科 目 / 言 語 文 化 科 目 / 言語文化応用科目 I,2,youran2026-gakuiki.pdf,25,https://kyoumu.office.uec.ac.jp/youran/youran2026-gakuiki.pdf#page=25
2026,Ⅲ類（理工系）,化学生命工学,総 合 文 化 科 目 / 言 語 文 化 科 目 / 言語文化応用科目 I,2,youran2026-gakuiki.pdf,25,https://kyoumu.office.uec.ac.jp/youran/youran2026-gakuiki.pdf#page=25
2026,Ⅰ類（情報系）,コンピュータサイエンス,総 合 文 化 科 目 / 言 語 文 化 科 目 / 言語文化基礎科目 1I,2,youran2026-gakuiki.pdf,25,https://kyoumu.office.uec.ac.jp/youran/youran2026-gakuiki.pdf#page=25
2026,Ⅰ類（情報系）,デザイン思考・データサイエンス,総 合 文 化 科 目 / 言 語 文 化 科 目 / 言語文化基礎科目 1I,2,youran2026-gakuiki.pdf,25,https://kyoumu.office.uec.ac.jp/youran/youran2026-gakuiki.pdf#page=25
2026,Ⅱ類（融合系）,セキュリティ情報学,総 合 文 化 科 目 / 言 語 文 化 科 目 / 言語文化基礎科目 1I,2,youran2026-gakuiki.pdf,25,https://kyoumu.office.uec.ac.jp/youran/youran2026-gakuiki.pdf#page=25
2026,Ⅱ類（融合系）,情報通信工学,総 合 文 化 科 目 / 言 語 文 化 科 目 / 言語文化基礎科目 1I,2,youran2026-gakuiki.pdf,25,https://kyoumu.office.uec.ac.jp/youran/youran2026-gakuiki.pdf#page=25
2026,Ⅱ類（融合系）,電子情報学,総 合 文 化 科 目 / 言 語 文 化 科 目 / 言語文化基礎科目 1I,2,youran2026-gakuiki.pdf,25,https://kyoumu.office.uec.ac.jp/youran/youran2026-gakuiki.pdf#page=25
2026,Ⅱ類（融合系）,計測・制御システム,総 合 文 化 科 目 / 言 語 文 化 科 目 / 言語文化基礎科目 1I,2,youran2026-gakuiki.pdf,25,https://kyoumu.office.uec.ac.jp/youran/youran2026-gakuiki.pdf#page=25
2026,Ⅱ類（融合系）,先端ロボティクス,総 合 文 化 科 目 / 言 語 文 化 科 目 / 言語文化基礎科目 1I,2,youran2026-gakuiki.pdf,25,https://kyoumu.office.uec.ac.jp/youran/youran2026-gakuiki.pdf#page=25
2026,Ⅲ類（理工系）,機械システム,総 合 文 化 科 目 / 言 語 文 化 科 目 / 言語文化基礎科目 1I,2,youran2026-gakuiki.pdf,25,https://kyoumu.office.uec.ac.jp/youran/youran2026-gakuiki.pdf#page=25
2026,Ⅲ類（理工系）,電子工学,総 合 文 化 科 目 / 言 語 文 化 科 目 / 言語文化基礎科目 1I,2,youran2026-gakuiki.pdf,25,https://kyoumu.office.uec.ac.jp/youran/youran2026-gakuiki.pdf#page=25
2026,Ⅲ類（理工系）,光工学,総 合 文 化 科 目 / 言 語 文 化 科 目 / 言語文化基礎科目 1I,2,youran2026-gakuiki.pdf,25,https://kyoumu.office.uec.ac.jp/youran/youran2026-gakuiki.pdf#page=25
2026,Ⅲ類（理工系）,物理工学,総 合 文 化 科 目 / 言 語 文 化 科 目 / 言語文化基礎科目 1I,2,youran2026-gakuiki.pdf,25,https://kyoumu.office.uec.ac.jp/youran/youran2026-gakuiki.pdf#page=25
2026,Ⅲ類（理工系）,化学生命工学,総 合 文 化 科 目 / 言 語 文 化 科 目 / 言語文化基礎科目 1I,2,youran2026-gakuiki.pdf,25,https://kyoumu.office.uec.ac.jp/youran/youran2026-gakuiki.pdf#page=25
2026,Ⅰ類（情報系）,コンピュータサイエンス,総 合 文 化 科 目 / 言 語 文 化 科 目 / 言語文化演習科目,2,youran2026-gakuiki.pdf,25,https://kyoumu.office.uec.ac.jp/youran/youran2026-gakuiki.pdf#page=25
2026,Ⅰ類（情報系）,デザイン思考・データサイエンス,総 合 文 化 科 目 / 言 語 文 化 科 目 / 言語文化演習科目,2,youran2026-gakuiki.pdf,25,https://kyoumu.office.uec.ac.jp/youran/youran2026-gakuiki.pdf#page=25
2026,Ⅱ類（融合系）,セキュリティ情報学,総 合 文 化 科 目 / 言 語 文 化 科 目 / 言語文化演習科目,2,youran2026-gakuiki.pdf,25,https://kyoumu.office.uec.ac.jp/youran/youran2026-gakuiki.pdf#page=25
2026,Ⅱ類（融合系）,情報通信工学,総 合 文 化 科 目 / 言 語 文 化 科 目 / 言語文化演習科目,2,youran2026-gakuiki.pdf,25,https://kyoumu.office.uec.ac.jp/youran/youran2026-gakuiki.pdf#page=25
2026,Ⅱ類（融合系）,電子情報学,総 合 文 化 科 目 / 言 語 文 化 科 目 / 言語文化演習科目,2,youran2026-gakuiki.pdf,25,https://kyoumu.office.uec.ac.jp/youran/youran2026-gakuiki.pdf#page=25
2026,Ⅱ類（融合系）,計測・制御システム,総 合 文 化 科 目 / 言 語 文 化 科 目 / 言語文化演習科目,2,youran2026-gakuiki.pdf,25,https://kyoumu.office.uec.ac.jp/youran/youran2026-gakuiki.pdf#page=25
2026,Ⅱ類（融合系）,先端ロボティクス,総 合 文 化 科 目 / 言 語 文 化 科 目 / 言語文化演習科目,2,youran2026-gakuiki.pdf,25,https://kyoumu.office.uec.ac.jp/youran/youran2026-gakuiki.pdf#page=25
2026,Ⅲ類（理工系）,機械システム,総 合 文 化 科 目 / 言 語 文 化 科 目 / 言語文化演習科目,2,youran2026-gakuiki.pdf,25,https://kyoumu.office.uec.ac.jp/youran/youran2026-gakuiki.pdf#page=25
2026,Ⅲ類（理工系）,電子工学,総 合 文 化 科 目 / 言 語 文 化 科 目 / 言語文化演習科目,2,youran2026-gakuiki.pdf,25,https://kyoumu.office.uec.ac.jp/youran/youran2026-gakuiki.pdf#page=25
2026,Ⅲ類（理工系）,光工学,総 合 文 化 科 目 / 言 語 文 化 科 目 / 言語文化演習科目,2,youran2026-gakuiki.pdf,25,https://kyoumu.office.uec.ac.jp/youran/youran2026-gakuiki.pdf#page=25
2026,Ⅲ類（理工系）,物理工学,総 合 文 化 科 目 / 言 語 文 化 科 目 / 言語文化演習科目,2,youran2026-gakuiki.pdf,25,https://kyoumu.office.uec.ac.jp/youran/youran2026-gakuiki.pdf#page=25
2026,Ⅲ類（理工系）,化学生命工学,総 合 文 化 科 目 / 言 語 文 化 科 目 / 言語文化演習科目,2,youran2026-gakuiki.pdf,25,https://kyoumu.office.uec.ac.jp/youran/youran2026-gakuiki.pdf#page=25
2026,Ⅰ類（情報系）,コンピュータサイエンス,総 合 文 化 科 目 / 健康・スポーツ科学科目 / 健康・スポーツ科学科目,3,youran2026-gakuiki.pdf,25,https://kyoumu.office.uec.ac.jp/youran/youran2026-gakuiki.pdf#page=25
2026,Ⅰ類（情報系）,デザイン思考・データサイエンス,総 合 文 化 科 目 / 健康・スポーツ科学科目 / 健康・スポーツ科学科目,3,youran2026-gakuiki.pdf,25,https://kyoumu.office.uec.ac.jp/youran/youran2026-gakuiki.pdf#page=25
2026,Ⅱ類（融合系）,セキュリティ情報学,総 合 文 化 科 目 / 健康・スポーツ科学科目 / 健康・スポーツ科学科目,3,youran2026-gakuiki.pdf,25,https://kyoumu.office.uec.ac.jp/youran/youran2026-gakuiki.pdf#page=25
2026,Ⅱ類（融合系）,情報通信工学,総 合 文 化 科 目 / 健康・スポーツ科学科目 / 健康・スポーツ科学科目,3,youran2026-gakuiki.pdf,25,https://kyoumu.office.uec.ac.jp/youran/youran2026-gakuiki.pdf#page=25
2026,Ⅱ類（融合系）,電子情報学,総 合 文 化 科 目 / 健康・スポーツ科学科目 / 健康・スポーツ科学科目,3,youran2026-gakuiki.pdf,25,https://kyoumu.office.uec.ac.jp/youran/youran2026-gakuiki.pdf#page=25
2026,Ⅱ類（融合系）,計測・制御システム,総 合 文 化 科 目 / 健康・スポーツ科学科目 / 健康・スポーツ科学科目,3,youran2026-gakuiki.pdf,25,https://kyoumu.office.uec.ac.jp/youran/youran2026-gakuiki.pdf#page=25
2026,Ⅱ類（融合系）,先端ロボティクス,総 合 文 化 科 目 / 健康・スポーツ科学科目 / 健康・スポーツ科学科目,3,youran2026-gakuiki.pdf,25,https://kyoumu.office.uec.ac.jp/youran/youran2026-gakuiki.pdf#page=25
2026,Ⅲ類（理工系）,機械システム,総 合 文 化 科 目 / 健康・スポーツ科学科目 / 健康・スポーツ科学科目,3,youran2026-gakuiki.pdf,25,https://kyoumu.office.uec.ac.jp/youran/youran2026-gakuiki.pdf#page=25
2026,Ⅲ類（理工系）,電子工学,総 合 文 化 科 目 / 健康・スポーツ科学科目 / 健康・スポーツ科学科目,3,youran2026-gakuiki.pdf,25,https://kyoumu.office.uec.ac.jp/youran/youran2026-gakuiki.pdf#page=25
2026,Ⅲ類（理工系）,光工学,総 合 文 化 科 目 / 健康・スポーツ科学科目 / 健康・スポーツ科学科目,3,youran2026-gakuiki.pdf,25,https://kyoumu.office.uec.ac.jp/youran/youran2026-gakuiki.pdf#page=25
2026,Ⅲ類（理工系）,物理工学,総 合 文 化 科 目 / 健康・スポーツ科学科目 / 健康・スポーツ科学科目,3,youran2026-gakuiki.pdf,25,https://kyoumu.office.uec.ac.jp/youran/youran2026-gakuiki.pdf#page=25
2026,Ⅲ類（理工系）,化学生命工学,総 合 文 化 科 目 / 健康・スポーツ科学科目 / 健康・スポーツ科学科目,3,youran2026-gakuiki.pdf,25,https://kyoumu.office.uec.ac.jp/youran/youran2026-gakuiki.pdf#page=25
2026,Ⅰ類（情報系）,コンピュータサイエンス,総 合 文 化 科 目 / 理工系教蓑科目 / 理工系教蓑科目,2,youran2026-gakuiki.pdf,25,https://kyoumu.office.uec.ac.jp/youran/youran2026-gakuiki.pdf#page=25
2026,Ⅰ類（情報系）,デザイン思考・データサイエンス,総 合 文 化 科 目 / 理工系教蓑科目 / 理工系教蓑科目,2,youran2026-gakuiki.pdf,25,https://kyoumu.office.uec.ac.jp/youran/youran2026-gakuiki.pdf#page=25
2026,Ⅱ類（融合系）,セキュリティ情報学,総 合 文 化 科 目 / 理工系教蓑科目 / 理工系教蓑科目,2,youran2026-gakuiki.pdf,25,https://kyoumu.office.uec.ac.jp/youran/youran2026-gakuiki.pdf#page=25
2026,Ⅱ類（融合系）,情報通信工学,総 合 文 化 科 目 / 理工系教蓑科目 / 理工系教蓑科目,2,youran2026-gakuiki.pdf,25,https://kyoumu.office.uec.ac.jp/youran/youran2026-gakuiki.pdf#page=25
2026,Ⅱ類（融合系）,電子情報学,総 合 文 化 科 目 / 理工系教蓑科目 / 理工系教蓑科目,2,youran2026-gakuiki.pdf,25,https://kyoumu.office.uec.ac.jp/youran/youran2026-gakuiki.pdf#page=25
2026,Ⅱ類（融合系）,計測・制御システム,総 合 文 化 科 目 / 理工系教蓑科目 / 理工系教蓑科目,2,youran2026-gakuiki.pdf,25,https://kyoumu.office.uec.ac.jp/youran/youran2026-gakuiki.pdf#page=25
2026,Ⅱ類（融合系）,先端ロボティクス,総 合 文 化 科 目 / 理工系教蓑科目 / 理工系教蓑科目,2,youran2026-gakuiki.pdf,25,https://kyoumu.office.uec.ac.jp/youran/youran2026-gakuiki.pdf#page=25
2026,Ⅲ類（理工系）,機械システム,総 合 文 化 科 目 / 理工系教蓑科目 / 理工系教蓑科目,2,youran2026-gakuiki.pdf,25,https://kyoumu.office.uec.ac.jp/youran/youran2026-gakuiki.pdf#page=25
2026,Ⅲ類（理工系）,電子工学,総 合 文 化 科 目 / 理工系教蓑科目 / 理工系教蓑科目,2,youran2026-gakuiki.pdf,25,https://kyoumu.office.uec.ac.jp/youran/youran2026-gakuiki.pdf#page=25
2026,Ⅲ類（理工系）,光工学,総 合 文 化 科 目 / 理工系教蓑科目 / 理工系教蓑科目,2,youran2026-gakuiki.pdf,25,https://kyoumu.office.uec.ac.jp/youran/youran2026-gakuiki.pdf#page=25
2026,Ⅲ類（理工系）,物理工学,総 合 文 化 科 目 / 理工系教蓑科目 / 理工系教蓑科目,2,youran2026-gakuiki.pdf,25,https://kyoumu.office.uec.ac.jp/youran/youran2026-gakuiki.pdf#page=25
2026,Ⅲ類（理工系）,化学生命工学,総 合 文 化 科 目 / 理工系教蓑科目 / 理工系教蓑科目,2,youran2026-gakuiki.pdf,25,https://kyoumu.office.uec.ac.jp/youran/youran2026-gakuiki.pdf#page=25
2026,Ⅰ類（情報系）,コンピュータサイエンス,総 合 文 化 科 目 / 上級科目 / 上級科目,4,youran2026-gakuiki.pdf,25,https://kyoumu.office.uec.ac.jp/youran/youran2026-gakuiki.pdf#page=25
2026,Ⅰ類（情報系）,デザイン思考・データサイエンス,総 合 文 化 科 目 / 上級科目 / 上級科目,4,youran2026-gakuiki.pdf,25,https://kyoumu.office.uec.ac.jp/youran/youran2026-gakuiki.pdf#page=25
2026,Ⅱ類（融合系）,セキュリティ情報学,総 合 文 化 科 目 / 上級科目 / 上級科目,4,youran2026-gakuiki.pdf,25,https://kyoumu.office.uec.ac.jp/youran/youran2026-gakuiki.pdf#page=25
2026,Ⅱ類（融合系）,情報通信工学,総 合 文 化 科 目 / 上級科目 / 上級科目,4,youran2026-gakuiki.pdf,25,https://kyoumu.office.uec.ac.jp/youran/youran2026-gakuiki.pdf#page=25
2026,Ⅱ類（融合系）,電子情報学,総 合 文 化 科 目 / 上級科目 / 上級科目,4,youran2026-gakuiki.pdf,25,https://kyoumu.office.uec.ac.jp/youran/youran2026-gakuiki.pdf#page=25
2026,Ⅱ類（融合系）,計測・制御システム,総 合 文 化 科 目 / 上級科目 / 上級科目,4,youran2026-gakuiki.pdf,25,https://kyoumu.office.uec.ac.jp/youran/youran2026-gakuiki.pdf#page=25
2026,Ⅱ類（融合系）,先端ロボティクス,総 合 文 化 科 目 / 上級科目 / 上級科目,4,youran2026-gakuiki.pdf,25,https://kyoumu.office.uec.ac.jp/youran/youran2026-gakuiki.pdf#page=25
2026,Ⅲ類（理工系）,機械システム,総 合 文 化 科 目 / 上級科目 / 上級科目,4,youran2026-gakuiki.pdf,25,https://kyoumu.office.uec.ac.jp/youran/youran2026-gakuiki.pdf#page=25
2026,Ⅲ類（理工系）,電子工学,総 合 文 化 科 目 / 上級科目 / 上級科目,4,youran2026-gakuiki.pdf,25,https://kyoumu.office.uec.ac.jp/youran/youran2026-gakuiki.pdf#page=25
2026,Ⅲ類（理工系）,光工学,総 合 文 化 科 目 / 上級科目 / 上級科目,4,youran2026-gakuiki.pdf,25,https://kyoumu.office.uec.ac.jp/youran/youran2026-gakuiki.pdf#page=25
2026,Ⅲ類（理工系）,物理工学,総 合 文 化 科 目 / 上級科目 / 上級科目,4,youran2026-gakuiki.pdf,25,https://kyoumu.office.uec.ac.jp/youran/youran2026-gakuiki.pdf#page=25
2026,Ⅲ類（理工系）,化学生命工学,総 合 文 化 科 目 / 上級科目 / 上級科目,4,youran2026-gakuiki.pdf,25,https://kyoumu.office.uec.ac.jp/youran/youran2026-gakuiki.pdf#page=25
2026,Ⅰ類（情報系）,コンピュータサイエンス,総 合 文 化 科 目 / 小 計 / 小 計,27,youran2026-gakuiki.pdf,25,https://kyoumu.office.uec.ac.jp/youran/youran2026-gakuiki.pdf#page=25
2026,Ⅰ類（情報系）,デザイン思考・データサイエンス,総 合 文 化 科 目 / 小 計 / 小 計,27,youran2026-gakuiki.pdf,25,https://kyoumu.office.uec.ac.jp/youran/youran2026-gakuiki.pdf#page=25
2026,Ⅱ類（融合系）,セキュリティ情報学,総 合 文 化 科 目 / 小 計 / 小 計,27,youran2026-gakuiki.pdf,25,https://kyoumu.office.uec.ac.jp/youran/youran2026-gakuiki.pdf#page=25
2026,Ⅱ類（融合系）,情報通信工学,総 合 文 化 科 目 / 小 計 / 小 計,27,youran2026-gakuiki.pdf,25,https://kyoumu.office.uec.ac.jp/youran/youran2026-gakuiki.pdf#page=25
2026,Ⅱ類（融合系）,電子情報学,総 合 文 化 科 目 / 小 計 / 小 計,27,youran2026-gakuiki.pdf,25,https://kyoumu.office.uec.ac.jp/youran/youran2026-gakuiki.pdf#page=25
2026,Ⅱ類（融合系）,計測・制御システム,総 合 文 化 科 目 / 小 計 / 小 計,27,youran2026-gakuiki.pdf,25,https://kyoumu.office.uec.ac.jp/youran/youran2026-gakuiki.pdf#page=25
2026,Ⅱ類（融合系）,先端ロボティクス,総 合 文 化 科 目 / 小 計 / 小 計,27,youran2026-gakuiki.pdf,25,https://kyoumu.office.uec.ac.jp/youran/youran2026-gakuiki.pdf#page=25
2026,Ⅲ類（理工系）,機械システム,総 合 文 化 科 目 / 小 計 / 小 計,27,youran2026-gakuiki.pdf,25,https://kyoumu.office.uec.ac.jp/youran/youran2026-gakuiki.pdf#page=25
2026,Ⅲ類（理工系）,電子工学,総 合 文 化 科 目 / 小 計 / 小 計,27,youran2026-gakuiki.pdf,25,https://kyoumu.office.uec.ac.jp/youran/youran2026-gakuiki.pdf#page=25
2026,Ⅲ類（理工系）,光工学,総 合 文 化 科 目 / 小 計 / 小 計,27,youran2026-gakuiki.pdf,25,https://kyoumu.office.uec.ac.jp/youran/youran2026-gakuiki.pdf#page=25
2026,Ⅲ類（理工系）,物理工学,総 合 文 化 科 目 / 小 計 / 小 計,27,youran2026-gakuiki.pdf,25,https://kyoumu.office.uec.ac.jp/youran/youran2026-gakuiki.pdf#page=25
2026,Ⅲ類（理工系）,化学生命工学,総 合 文 化 科 目 / 小 計 / 小 計,27,youran2026-gakuiki.pdf,25,https://kyoumu.office.uec.ac.jp/youran/youran2026-gakuiki.pdf#page=25
2026,Ⅰ類（情報系）,コンピュータサイエンス,実 践 教 云自 科 目 / 初年次導入科目 / 初年次導入科目,6,youran2026-gakuiki.pdf,25,https://kyoumu.office.uec.ac.jp/youran/youran2026-gakuiki.pdf#page=25
2026,Ⅰ類（情報系）,デザイン思考・データサイエンス,実 践 教 云自 科 目 / 初年次導入科目 / 初年次導入科目,6,youran2026-gakuiki.pdf,25,https://kyoumu.office.uec.ac.jp/youran/youran2026-gakuiki.pdf#page=25
2026,Ⅱ類（融合系）,セキュリティ情報学,実 践 教 云自 科 目 / 初年次導入科目 / 初年次導入科目,6,youran2026-gakuiki.pdf,25,https://kyoumu.office.uec.ac.jp/youran/youran2026-gakuiki.pdf#page=25
2026,Ⅱ類（融合系）,情報通信工学,実 践 教 云自 科 目 / 初年次導入科目 / 初年次導入科目,6,youran2026-gakuiki.pdf,25,https://kyoumu.office.uec.ac.jp/youran/youran2026-gakuiki.pdf#page=25
2026,Ⅱ類（融合系）,電子情報学,実 践 教 云自 科 目 / 初年次導入科目 / 初年次導入科目,6,youran2026-gakuiki.pdf,25,https://kyoumu.office.uec.ac.jp/youran/youran2026-gakuiki.pdf#page=25
2026,Ⅱ類（融合系）,計測・制御システム,実 践 教 云自 科 目 / 初年次導入科目 / 初年次導入科目,6,youran2026-gakuiki.pdf,25,https://kyoumu.office.uec.ac.jp/youran/youran2026-gakuiki.pdf#page=25
2026,Ⅱ類（融合系）,先端ロボティクス,実 践 教 云自 科 目 / 初年次導入科目 / 初年次導入科目,6,youran2026-gakuiki.pdf,25,https://kyoumu.office.uec.ac.jp/youran/youran2026-gakuiki.pdf#page=25
2026,Ⅲ類（理工系）,機械システム,実 践 教 云自 科 目 / 初年次導入科目 / 初年次導入科目,6,youran2026-gakuiki.pdf,25,https://kyoumu.office.uec.ac.jp/youran/youran2026-gakuiki.pdf#page=25
2026,Ⅲ類（理工系）,電子工学,実 践 教 云自 科 目 / 初年次導入科目 / 初年次導入科目,6,youran2026-gakuiki.pdf,25,https://kyoumu.office.uec.ac.jp/youran/youran2026-gakuiki.pdf#page=25
2026,Ⅲ類（理工系）,光工学,実 践 教 云自 科 目 / 初年次導入科目 / 初年次導入科目,6,youran2026-gakuiki.pdf,25,https://kyoumu.office.uec.ac.jp/youran/youran2026-gakuiki.pdf#page=25
2026,Ⅲ類（理工系）,物理工学,実 践 教 云自 科 目 / 初年次導入科目 / 初年次導入科目,6,youran2026-gakuiki.pdf,25,https://kyoumu.office.uec.ac.jp/youran/youran2026-gakuiki.pdf#page=25
2026,Ⅲ類（理工系）,化学生命工学,実 践 教 云自 科 目 / 初年次導入科目 / 初年次導入科目,6,youran2026-gakuiki.pdf,25,https://kyoumu.office.uec.ac.jp/youran/youran2026-gakuiki.pdf#page=25
2026,Ⅰ類（情報系）,コンピュータサイエンス,実 践 教 云自 科 目 / データサイエンス科目 / データサイエンス科目,3,youran2026-gakuiki.pdf,25,https://kyoumu.office.uec.ac.jp/youran/youran2026-gakuiki.pdf#page=25
2026,Ⅰ類（情報系）,デザイン思考・データサイエンス,実 践 教 云自 科 目 / データサイエンス科目 / データサイエンス科目,3,youran2026-gakuiki.pdf,25,https://kyoumu.office.uec.ac.jp/youran/youran2026-gakuiki.pdf#page=25
2026,Ⅱ類（融合系）,セキュリティ情報学,実 践 教 云自 科 目 / データサイエンス科目 / データサイエンス科目,3,youran2026-gakuiki.pdf,25,https://kyoumu.office.uec.ac.jp/youran/youran2026-gakuiki.pdf#page=25
2026,Ⅱ類（融合系）,情報通信工学,実 践 教 云自 科 目 / データサイエンス科目 / データサイエンス科目,3,youran2026-gakuiki.pdf,25,https://kyoumu.office.uec.ac.jp/youran/youran2026-gakuiki.pdf#page=25
2026,Ⅱ類（融合系）,電子情報学,実 践 教 云自 科 目 / データサイエンス科目 / データサイエンス科目,3,youran2026-gakuiki.pdf,25,https://kyoumu.office.uec.ac.jp/youran/youran2026-gakuiki.pdf#page=25
2026,Ⅱ類（融合系）,計測・制御システム,実 践 教 云自 科 目 / データサイエンス科目 / データサイエンス科目,2,youran2026-gakuiki.pdf,25,https://kyoumu.office.uec.ac.jp/youran/youran2026-gakuiki.pdf#page=25
2026,Ⅱ類（融合系）,先端ロボティクス,実 践 教 云自 科 目 / データサイエンス科目 / データサイエンス科目,2,youran2026-gakuiki.pdf,25,https://kyoumu.office.uec.ac.jp/youran/youran2026-gakuiki.pdf#page=25
2026,Ⅲ類（理工系）,機械システム,実 践 教 云自 科 目 / データサイエンス科目 / データサイエンス科目,2,youran2026-gakuiki.pdf,25,https://kyoumu.office.uec.ac.jp/youran/youran2026-gakuiki.pdf#page=25
2026,Ⅲ類（理工系）,電子工学,実 践 教 云自 科 目 / データサイエンス科目 / データサイエンス科目,2,youran2026-gakuiki.pdf,25,https://kyoumu.office.uec.ac.jp/youran/youran2026-gakuiki.pdf#page=25
2026,Ⅲ類（理工系）,光工学,実 践 教 云自 科 目 / データサイエンス科目 / データサイエンス科目,2,youran2026-gakuiki.pdf,25,https://kyoumu.office.uec.ac.jp/youran/youran2026-gakuiki.pdf#page=25
2026,Ⅲ類（理工系）,物理工学,実 践 教 云自 科 目 / データサイエンス科目 / データサイエンス科目,2,youran2026-gakuiki.pdf,25,https://kyoumu.office.uec.ac.jp/youran/youran2026-gakuiki.pdf#page=25
2026,Ⅲ類（理工系）,化学生命工学,実 践 教 云自 科 目 / データサイエンス科目 / データサイエンス科目,2,youran2026-gakuiki.pdf,25,https://kyoumu.office.uec.ac.jp/youran/youran2026-gakuiki.pdf#page=25
2026,Ⅰ類（情報系）,コンピュータサイエンス,実 践 教 云自 科 目 / 倫理・キャリア教育科目 / 倫理・キャリア教育科目,4,youran2026-gakuiki.pdf,25,https://kyoumu.office.uec.ac.jp/youran/youran2026-gakuiki.pdf#page=25
2026,Ⅰ類（情報系）,デザイン思考・データサイエンス,実 践 教 云自 科 目 / 倫理・キャリア教育科目 / 倫理・キャリア教育科目,4,youran2026-gakuiki.pdf,25,https://kyoumu.office.uec.ac.jp/youran/youran2026-gakuiki.pdf#page=25
2026,Ⅱ類（融合系）,セキュリティ情報学,実 践 教 云自 科 目 / 倫理・キャリア教育科目 / 倫理・キャリア教育科目,4,youran2026-gakuiki.pdf,25,https://kyoumu.office.uec.ac.jp/youran/youran2026-gakuiki.pdf#page=25
2026,Ⅱ類（融合系）,情報通信工学,実 践 教 云自 科 目 / 倫理・キャリア教育科目 / 倫理・キャリア教育科目,4,youran2026-gakuiki.pdf,25,https://kyoumu.office.uec.ac.jp/youran/youran2026-gakuiki.pdf#page=25
2026,Ⅱ類（融合系）,電子情報学,実 践 教 云自 科 目 / 倫理・キャリア教育科目 / 倫理・キャリア教育科目,4,youran2026-gakuiki.pdf,25,https://kyoumu.office.uec.ac.jp/youran/youran2026-gakuiki.pdf#page=25
2026,Ⅱ類（融合系）,計測・制御システム,実 践 教 云自 科 目 / 倫理・キャリア教育科目 / 倫理・キャリア教育科目,4,youran2026-gakuiki.pdf,25,https://kyoumu.office.uec.ac.jp/youran/youran2026-gakuiki.pdf#page=25
2026,Ⅱ類（融合系）,先端ロボティクス,実 践 教 云自 科 目 / 倫理・キャリア教育科目 / 倫理・キャリア教育科目,4,youran2026-gakuiki.pdf,25,https://kyoumu.office.uec.ac.jp/youran/youran2026-gakuiki.pdf#page=25
2026,Ⅲ類（理工系）,機械システム,実 践 教 云自 科 目 / 倫理・キャリア教育科目 / 倫理・キャリア教育科目,4,youran2026-gakuiki.pdf,25,https://kyoumu.office.uec.ac.jp/youran/youran2026-gakuiki.pdf#page=25
2026,Ⅲ類（理工系）,電子工学,実 践 教 云自 科 目 / 倫理・キャリア教育科目 / 倫理・キャリア教育科目,4,youran2026-gakuiki.pdf,25,https://kyoumu.office.uec.ac.jp/youran/youran2026-gakuiki.pdf#page=25
2026,Ⅲ類（理工系）,光工学,実 践 教 云自 科 目 / 倫理・キャリア教育科目 / 倫理・キャリア教育科目,4,youran2026-gakuiki.pdf,25,https://kyoumu.office.uec.ac.jp/youran/youran2026-gakuiki.pdf#page=25
2026,Ⅲ類（理工系）,物理工学,実 践 教 云自 科 目 / 倫理・キャリア教育科目 / 倫理・キャリア教育科目,4,youran2026-gakuiki.pdf,25,https://kyoumu.office.uec.ac.jp/youran/youran2026-gakuiki.pdf#page=25
2026,Ⅲ類（理工系）,化学生命工学,実 践 教 云自 科 目 / 倫理・キャリア教育科目 / 倫理・キャリア教育科目,4,youran2026-gakuiki.pdf,25,https://kyoumu.office.uec.ac.jp/youran/youran2026-gakuiki.pdf#page=25
2026,Ⅰ類（情報系）,コンピュータサイエンス,実 践 教 云自 科 目 / 技術英語科目 / 技術英語科目,4,youran2026-gakuiki.pdf,25,https://kyoumu.office.uec.ac.jp/youran/youran2026-gakuiki.pdf#page=25
2026,Ⅰ類（情報系）,デザイン思考・データサイエンス,実 践 教 云自 科 目 / 技術英語科目 / 技術英語科目,4,youran2026-gakuiki.pdf,25,https://kyoumu.office.uec.ac.jp/youran/youran2026-gakuiki.pdf#page=25
2026,Ⅱ類（融合系）,セキュリティ情報学,実 践 教 云自 科 目 / 技術英語科目 / 技術英語科目,4,youran2026-gakuiki.pdf,25,https://kyoumu.office.uec.ac.jp/youran/youran2026-gakuiki.pdf#page=25
2026,Ⅱ類（融合系）,情報通信工学,実 践 教 云自 科 目 / 技術英語科目 / 技術英語科目,4,youran2026-gakuiki.pdf,25,https://kyoumu.office.uec.ac.jp/youran/youran2026-gakuiki.pdf#page=25
2026,Ⅱ類（融合系）,電子情報学,実 践 教 云自 科 目 / 技術英語科目 / 技術英語科目,4,youran2026-gakuiki.pdf,25,https://kyoumu.office.uec.ac.jp/youran/youran2026-gakuiki.pdf#page=25
2026,Ⅱ類（融合系）,計測・制御システム,実 践 教 云自 科 目 / 技術英語科目 / 技術英語科目,4,youran2026-gakuiki.pdf,25,https://kyoumu.office.uec.ac.jp/youran/youran2026-gakuiki.pdf#page=25
2026,Ⅱ類（融合系）,先端ロボティクス,実 践 教 云自 科 目 / 技術英語科目 / 技術英語科目,4,youran2026-gakuiki.pdf,25,https://kyoumu.office.uec.ac.jp/youran/youran2026-gakuiki.pdf#page=25
2026,Ⅲ類（理工系）,機械システム,実 践 教 云自 科 目 / 技術英語科目 / 技術英語科目,4,youran2026-gakuiki.pdf,25,https://kyoumu.office.uec.ac.jp/youran/youran2026-gakuiki.pdf#page=25
2026,Ⅲ類（理工系）,電子工学,実 践 教 云自 科 目 / 技術英語科目 / 技術英語科目,4,youran2026-gakuiki.pdf,25,https://kyoumu.office.uec.ac.jp/youran/youran2026-gakuiki.pdf#page=25
2026,Ⅲ類（理工系）,光工学,実 践 教 云自 科 目 / 技術英語科目 / 技術英語科目,4,youran2026-gakuiki.pdf,25,https://kyoumu.office.uec.ac.jp/youran/youran2026-gakuiki.pdf#page=25
2026,Ⅲ類（理工系）,物理工学,実 践 教 云自 科 目 / 技術英語科目 / 技術英語科目,4,youran2026-gakuiki.pdf,25,https://kyoumu.office.uec.ac.jp/youran/youran2026-gakuiki.pdf#page=25
2026,Ⅲ類（理工系）,化学生命工学,実 践 教 云自 科 目 / 技術英語科目 / 技術英語科目,4,youran2026-gakuiki.pdf,25,https://kyoumu.office.uec.ac.jp/youran/youran2026-gakuiki.pdf#page=25
2026,Ⅰ類（情報系）,コンピュータサイエンス,実 践 教 云自 科 目 / 小 計 / 小 計,17,youran2026-gakuiki.pdf,25,https://kyoumu.office.uec.ac.jp/youran/youran2026-gakuiki.pdf#page=25
2026,Ⅰ類（情報系）,デザイン思考・データサイエンス,実 践 教 云自 科 目 / 小 計 / 小 計,17,youran2026-gakuiki.pdf,25,https://kyoumu.office.uec.ac.jp/youran/youran2026-gakuiki.pdf#page=25
2026,Ⅱ類（融合系）,セキュリティ情報学,実 践 教 云自 科 目 / 小 計 / 小 計,17,youran2026-gakuiki.pdf,25,https://kyoumu.office.uec.ac.jp/youran/youran2026-gakuiki.pdf#page=25
2026,Ⅱ類（融合系）,情報通信工学,実 践 教 云自 科 目 / 小 計 / 小 計,17,youran2026-gakuiki.pdf,25,https://kyoumu.office.uec.ac.jp/youran/youran2026-gakuiki.pdf#page=25
2026,Ⅱ類（融合系）,電子情報学,実 践 教 云自 科 目 / 小 計 / 小 計,17,youran2026-gakuiki.pdf,25,https://kyoumu.office.uec.ac.jp/youran/youran2026-gakuiki.pdf#page=25
2026,Ⅱ類（融合系）,計測・制御システム,実 践 教 云自 科 目 / 小 計 / 小 計,16,youran2026-gakuiki.pdf,25,https://kyoumu.office.uec.ac.jp/youran/youran2026-gakuiki.pdf#page=25
2026,Ⅱ類（融合系）,先端ロボティクス,実 践 教 云自 科 目 / 小 計 / 小 計,16,youran2026-gakuiki.pdf,25,https://kyoumu.office.uec.ac.jp/youran/youran2026-gakuiki.pdf#page=25
2026,Ⅲ類（理工系）,機械システム,実 践 教 云自 科 目 / 小 計 / 小 計,16,youran2026-gakuiki.pdf,25,https://kyoumu.office.uec.ac.jp/youran/youran2026-gakuiki.pdf#page=25
2026,Ⅲ類（理工系）,電子工学,実 践 教 云自 科 目 / 小 計 / 小 計,16,youran2026-gakuiki.pdf,25,https://kyoumu.office.uec.ac.jp/youran/youran2026-gakuiki.pdf#page=25
2026,Ⅲ類（理工系）,光工学,実 践 教 云自 科 目 / 小 計 / 小 計,16,youran2026-gakuiki.pdf,25,https://kyoumu.office.uec.ac.jp/youran/youran2026-gakuiki.pdf#page=25
2026,Ⅲ類（理工系）,物理工学,実 践 教 云自 科 目 / 小 計 / 小 計,16,youran2026-gakuiki.pdf,25,https://kyoumu.office.uec.ac.jp/youran/youran2026-gakuiki.pdf#page=25
2026,Ⅲ類（理工系）,化学生命工学,実 践 教 云自 科 目 / 小 計 / 小 計,16,youran2026-gakuiki.pdf,25,https://kyoumu.office.uec.ac.jp/youran/youran2026-gakuiki.pdf#page=25
2026,Ⅰ類（情報系）,コンピュータサイエンス,専 門 科 目 / 理数基礎科目 / 理数基礎科目,18,youran2026-gakuiki.pdf,25,https://kyoumu.office.uec.ac.jp/youran/youran2026-gakuiki.pdf#page=25
2026,Ⅰ類（情報系）,デザイン思考・データサイエンス,専 門 科 目 / 理数基礎科目 / 理数基礎科目,18,youran2026-gakuiki.pdf,25,https://kyoumu.office.uec.ac.jp/youran/youran2026-gakuiki.pdf#page=25
2026,Ⅱ類（融合系）,セキュリティ情報学,専 門 科 目 / 理数基礎科目 / 理数基礎科目,20,youran2026-gakuiki.pdf,25,https://kyoumu.office.uec.ac.jp/youran/youran2026-gakuiki.pdf#page=25
2026,Ⅱ類（融合系）,情報通信工学,専 門 科 目 / 理数基礎科目 / 理数基礎科目,20,youran2026-gakuiki.pdf,25,https://kyoumu.office.uec.ac.jp/youran/youran2026-gakuiki.pdf#page=25
2026,Ⅱ類（融合系）,電子情報学,専 門 科 目 / 理数基礎科目 / 理数基礎科目,20,youran2026-gakuiki.pdf,25,https://kyoumu.office.uec.ac.jp/youran/youran2026-gakuiki.pdf#page=25
2026,Ⅱ類（融合系）,計測・制御システム,専 門 科 目 / 理数基礎科目 / 理数基礎科目,20,youran2026-gakuiki.pdf,25,https://kyoumu.office.uec.ac.jp/youran/youran2026-gakuiki.pdf#page=25
2026,Ⅱ類（融合系）,先端ロボティクス,専 門 科 目 / 理数基礎科目 / 理数基礎科目,20,youran2026-gakuiki.pdf,25,https://kyoumu.office.uec.ac.jp/youran/youran2026-gakuiki.pdf#page=25
2026,Ⅲ類（理工系）,機械システム,専 門 科 目 / 理数基礎科目 / 理数基礎科目,20,youran2026-gakuiki.pdf,25,https://kyoumu.office.uec.ac.jp/youran/youran2026-gakuiki.pdf#page=25
2026,Ⅲ類（理工系）,電子工学,専 門 科 目 / 理数基礎科目 / 理数基礎科目,20,youran2026-gakuiki.pdf,25,https://kyoumu.office.uec.ac.jp/youran/youran2026-gakuiki.pdf#page=25
2026,Ⅲ類（理工系）,光工学,専 門 科 目 / 理数基礎科目 / 理数基礎科目,20,youran2026-gakuiki.pdf,25,https://kyoumu.office.uec.ac.jp/youran/youran2026-gakuiki.pdf#page=25
2026,Ⅲ類（理工系）,物理工学,専 門 科 目 / 理数基礎科目 / 理数基礎科目,20,youran2026-gakuiki.pdf,25,https://kyoumu.office.uec.ac.jp/youran/youran2026-gakuiki.pdf#page=25
2026,Ⅲ類（理工系）,化学生命工学,専 門 科 目 / 理数基礎科目 / 理数基礎科目,20,youran2026-gakuiki.pdf,25,https://kyoumu.office.uec.ac.jp/youran/youran2026-gakuiki.pdf#page=25
2026,Ⅰ類（情報系）,コンピュータサイエンス,専 門 科 目 / 基穎 礎共 科通 目 / 必修,15,youran2026-gakuiki.pdf,25,https://kyoumu.office.uec.ac.jp/youran/youran2026-gakuiki.pdf#page=25
2026,Ⅰ類（情報系）,デザイン思考・データサイエンス,専 門 科 目 / 基穎 礎共 科通 目 / 必修,17,youran2026-gakuiki.pdf,25,https://kyoumu.office.uec.ac.jp/youran/youran2026-gakuiki.pdf#page=25
2026,Ⅱ類（融合系）,セキュリティ情報学,専 門 科 目 / 基穎 礎共 科通 目 / 必修,17,youran2026-gakuiki.pdf,25,https://kyoumu.office.uec.ac.jp/youran/youran2026-gakuiki.pdf#page=25
2026,Ⅱ類（融合系）,情報通信工学,専 門 科 目 / 基穎 礎共 科通 目 / 必修,20,youran2026-gakuiki.pdf,25,https://kyoumu.office.uec.ac.jp/youran/youran2026-gakuiki.pdf#page=25
2026,Ⅱ類（融合系）,電子情報学,専 門 科 目 / 基穎 礎共 科通 目 / 必修,20,youran2026-gakuiki.pdf,25,https://kyoumu.office.uec.ac.jp/youran/youran2026-gakuiki.pdf#page=25
2026,Ⅱ類（融合系）,計測・制御システム,専 門 科 目 / 基穎 礎共 科通 目 / 必修,11,youran2026-gakuiki.pdf,25,https://kyoumu.office.uec.ac.jp/youran/youran2026-gakuiki.pdf#page=25
2026,Ⅱ類（融合系）,先端ロボティクス,専 門 科 目 / 基穎 礎共 科通 目 / 必修,11,youran2026-gakuiki.pdf,25,https://kyoumu.office.uec.ac.jp/youran/youran2026-gakuiki.pdf#page=25
2026,Ⅲ類（理工系）,機械システム,専 門 科 目 / 基穎 礎共 科通 目 / 必修,13,youran2026-gakuiki.pdf,25,https://kyoumu.office.uec.ac.jp/youran/youran2026-gakuiki.pdf#page=25
2026,Ⅲ類（理工系）,電子工学,専 門 科 目 / 基穎 礎共 科通 目 / 必修,18,youran2026-gakuiki.pdf,25,https://kyoumu.office.uec.ac.jp/youran/youran2026-gakuiki.pdf#page=25
2026,Ⅲ類（理工系）,光工学,専 門 科 目 / 基穎 礎共 科通 目 / 必修,18,youran2026-gakuiki.pdf,25,https://kyoumu.office.uec.ac.jp/youran/youran2026-gakuiki.pdf#page=25
2026,Ⅲ類（理工系）,物理工学,専 門 科 目 / 基穎 礎共 科通 目 / 必修,20,youran2026-gakuiki.pdf,25,https://kyoumu.office.uec.ac.jp/youran/youran2026-gakuiki.pdf#page=25
2026,Ⅲ類（理工系）,化学生命工学,専 門 科 目 / 基穎 礎共 科通 目 / 必修,15,youran2026-gakuiki.pdf,25,https://kyoumu.office.uec.ac.jp/youran/youran2026-gakuiki.pdf#page=25
2026,Ⅱ類（融合系）,情報通信工学,専 門 科 目 / 基穎 礎共 科通 目 / 選択必修,4,youran2026-gakuiki.pdf,25,https://kyoumu.office.uec.ac.jp/youran/youran2026-gakuiki.pdf#page=25
2026,Ⅱ類（融合系）,電子情報学,専 門 科 目 / 基穎 礎共 科通 目 / 選択必修,4,youran2026-gakuiki.pdf,25,https://kyoumu.office.uec.ac.jp/youran/youran2026-gakuiki.pdf#page=25
2026,Ⅱ類（融合系）,計測・制御システム,専 門 科 目 / 基穎 礎共 科通 目 / 選択必修,4,youran2026-gakuiki.pdf,25,https://kyoumu.office.uec.ac.jp/youran/youran2026-gakuiki.pdf#page=25
2026,Ⅱ類（融合系）,先端ロボティクス,専 門 科 目 / 基穎 礎共 科通 目 / 選択必修,4,youran2026-gakuiki.pdf,25,https://kyoumu.office.uec.ac.jp/youran/youran2026-gakuiki.pdf#page=25
2026,Ⅲ類（理工系）,電子工学,専 門 科 目 / 基穎 礎共 科通 目 / 選択必修,2,youran2026-gakuiki.pdf,25,https://kyoumu.office.uec.ac.jp/youran/youran2026-gakuiki.pdf#page=25
2026,Ⅲ類（理工系）,光工学,専 門 科 目 / 基穎 礎共 科通 目 / 選択必修,2,youran2026-gakuiki.pdf,25,https://kyoumu.office.uec.ac.jp/youran/youran2026-gakuiki.pdf#page=25
2026,Ⅲ類（理工系）,物理工学,専 門 科 目 / 基穎 礎共 科通 目 / 選択必修,4,youran2026-gakuiki.pdf,25,https://kyoumu.office.uec.ac.jp/youran/youran2026-gakuiki.pdf#page=25
2026,Ⅲ類（理工系）,化学生命工学,専 門 科 目 / 基穎 礎共 科通 目 / 選択必修,6,youran2026-gakuiki.pdf,25,https://kyoumu.office.uec.ac.jp/youran/youran2026-gakuiki.pdf#page=25
2026,Ⅰ類（情報系）,コンピュータサイエンス,専 門 科 目 / 基穎 礎共 科通 目 / 選択,8,youran2026-gakuiki.pdf,25,https://kyoumu.office.uec.ac.jp/youran/youran2026-gakuiki.pdf#page=25
2026,Ⅰ類（情報系）,デザイン思考・データサイエンス,専 門 科 目 / 基穎 礎共 科通 目 / 選択,6,youran2026-gakuiki.pdf,25,https://kyoumu.office.uec.ac.jp/youran/youran2026-gakuiki.pdf#page=25
2026,Ⅱ類（融合系）,セキュリティ情報学,専 門 科 目 / 基穎 礎共 科通 目 / 選択,2,youran2026-gakuiki.pdf,25,https://kyoumu.office.uec.ac.jp/youran/youran2026-gakuiki.pdf#page=25
2026,Ⅲ類（理工系）,物理工学,専 門 科 目 / 基穎 礎共 科通 目 / 選択,2,youran2026-gakuiki.pdf,25,https://kyoumu.office.uec.ac.jp/youran/youran2026-gakuiki.pdf#page=25
2026,Ⅲ類（理工系）,化学生命工学,専 門 科 目 / 基穎 礎共 科通 目 / 選択,2,youran2026-gakuiki.pdf,25,https://kyoumu.office.uec.ac.jp/youran/youran2026-gakuiki.pdf#page=25
2026,Ⅰ類（情報系）,コンピュータサイエンス,専 門 科 目 / 科頴 専 目門 / 必修,20,youran2026-gakuiki.pdf,25,https://kyoumu.office.uec.ac.jp/youran/youran2026-gakuiki.pdf#page=25
2026,Ⅰ類（情報系）,デザイン思考・データサイエンス,専 門 科 目 / 科頴 専 目門 / 必修,15,youran2026-gakuiki.pdf,25,https://kyoumu.office.uec.ac.jp/youran/youran2026-gakuiki.pdf#page=25
2026,Ⅱ類（融合系）,セキュリティ情報学,専 門 科 目 / 科頴 専 目門 / 必修,12,youran2026-gakuiki.pdf,25,https://kyoumu.office.uec.ac.jp/youran/youran2026-gakuiki.pdf#page=25
2026,Ⅱ類（融合系）,情報通信工学,専 門 科 目 / 科頴 専 目門 / 必修,22,youran2026-gakuiki.pdf,25,https://kyoumu.office.uec.ac.jp/youran/youran2026-gakuiki.pdf#page=25
2026,Ⅱ類（融合系）,電子情報学,専 門 科 目 / 科頴 専 目門 / 必修,22,youran2026-gakuiki.pdf,25,https://kyoumu.office.uec.ac.jp/youran/youran2026-gakuiki.pdf#page=25
2026,Ⅱ類（融合系）,計測・制御システム,専 門 科 目 / 科頴 専 目門 / 必修,31,youran2026-gakuiki.pdf,25,https://kyoumu.office.uec.ac.jp/youran/youran2026-gakuiki.pdf#page=25
2026,Ⅱ類（融合系）,先端ロボティクス,専 門 科 目 / 科頴 専 目門 / 必修,30,youran2026-gakuiki.pdf,25,https://kyoumu.office.uec.ac.jp/youran/youran2026-gakuiki.pdf#page=25
2026,Ⅲ類（理工系）,機械システム,専 門 科 目 / 科頴 専 目門 / 必修,31,youran2026-gakuiki.pdf,25,https://kyoumu.office.uec.ac.jp/youran/youran2026-gakuiki.pdf#page=25
2026,Ⅲ類（理工系）,電子工学,専 門 科 目 / 科頴 専 目門 / 必修,31,youran2026-gakuiki.pdf,25,https://kyoumu.office.uec.ac.jp/youran/youran2026-gakuiki.pdf#page=25
2026,Ⅲ類（理工系）,光工学,専 門 科 目 / 科頴 専 目門 / 必修,34,youran2026-gakuiki.pdf,25,https://kyoumu.office.uec.ac.jp/youran/youran2026-gakuiki.pdf#page=25
2026,Ⅲ類（理工系）,物理工学,専 門 科 目 / 科頴 専 目門 / 必修,31,youran2026-gakuiki.pdf,25,https://kyoumu.office.uec.ac.jp/youran/youran2026-gakuiki.pdf#page=25
2026,Ⅲ類（理工系）,化学生命工学,専 門 科 目 / 科頴 専 目門 / 必修,32,youran2026-gakuiki.pdf,25,https://kyoumu.office.uec.ac.jp/youran/youran2026-gakuiki.pdf#page=25
2026,Ⅱ類（融合系）,情報通信工学,専 門 科 目 / 科頴 専 目門 / 選択必修,12,youran2026-gakuiki.pdf,25,https://kyoumu.office.uec.ac.jp/youran/youran2026-gakuiki.pdf#page=25
2026,Ⅱ類（融合系）,電子情報学,専 門 科 目 / 科頴 専 目門 / 選択必修,12,youran2026-gakuiki.pdf,25,https://kyoumu.office.uec.ac.jp/youran/youran2026-gakuiki.pdf#page=25
2026,Ⅱ類（融合系）,計測・制御システム,専 門 科 目 / 科頴 専 目門 / 選択必修,12,youran2026-gakuiki.pdf,25,https://kyoumu.office.uec.ac.jp/youran/youran2026-gakuiki.pdf#page=25
2026,Ⅱ類（融合系）,先端ロボティクス,専 門 科 目 / 科頴 専 目門 / 選択必修,12,youran2026-gakuiki.pdf,25,https://kyoumu.office.uec.ac.jp/youran/youran2026-gakuiki.pdf#page=25
2026,Ⅲ類（理工系）,物理工学,専 門 科 目 / 科頴 専 目門 / 選択必修,5,youran2026-gakuiki.pdf,25,https://kyoumu.office.uec.ac.jp/youran/youran2026-gakuiki.pdf#page=25
2026,Ⅲ類（理工系）,化学生命工学,専 門 科 目 / 科頴 専 目門 / 選択必修,8,youran2026-gakuiki.pdf,25,https://kyoumu.office.uec.ac.jp/youran/youran2026-gakuiki.pdf#page=25
2026,Ⅰ類（情報系）,コンピュータサイエンス,専 門 科 目 / 科頴 専 目門 / 選択,16,youran2026-gakuiki.pdf,25,https://kyoumu.office.uec.ac.jp/youran/youran2026-gakuiki.pdf#page=25
2026,Ⅰ類（情報系）,デザイン思考・データサイエンス,専 門 科 目 / 科頴 専 目門 / 選択,21,youran2026-gakuiki.pdf,25,https://kyoumu.office.uec.ac.jp/youran/youran2026-gakuiki.pdf#page=25
2026,Ⅱ類（融合系）,セキュリティ情報学,専 門 科 目 / 科頴 専 目門 / 選択,30,youran2026-gakuiki.pdf,25,https://kyoumu.office.uec.ac.jp/youran/youran2026-gakuiki.pdf#page=25
2026,Ⅱ類（融合系）,情報通信工学,専 門 科 目 / 科頴 専 目門 / 選択,10,youran2026-gakuiki.pdf,25,https://kyoumu.office.uec.ac.jp/youran/youran2026-gakuiki.pdf#page=25
2026,Ⅱ類（融合系）,電子情報学,専 門 科 目 / 科頴 専 目門 / 選択,10,youran2026-gakuiki.pdf,25,https://kyoumu.office.uec.ac.jp/youran/youran2026-gakuiki.pdf#page=25
2026,Ⅱ類（融合系）,計測・制御システム,専 門 科 目 / 科頴 専 目門 / 選択,8,youran2026-gakuiki.pdf,25,https://kyoumu.office.uec.ac.jp/youran/youran2026-gakuiki.pdf#page=25
2026,Ⅱ類（融合系）,先端ロボティクス,専 門 科 目 / 科頴 専 目門 / 選択,8,youran2026-gakuiki.pdf,25,https://kyoumu.office.uec.ac.jp/youran/youran2026-gakuiki.pdf#page=25
2026,Ⅲ類（理工系）,機械システム,専 門 科 目 / 科頴 専 目門 / 選択,4,youran2026-gakuiki.pdf,25,https://kyoumu.office.uec.ac.jp/youran/youran2026-gakuiki.pdf#page=25
2026,Ⅲ類（理工系）,電子工学,専 門 科 目 / 科頴 専 目門 / 選択,14,youran2026-gakuiki.pdf,25,https://kyoumu.office.uec.ac.jp/youran/youran2026-gakuiki.pdf#page=25
2026,Ⅲ類（理工系）,光工学,専 門 科 目 / 科頴 専 目門 / 選択,12,youran2026-gakuiki.pdf,25,https://kyoumu.office.uec.ac.jp/youran/youran2026-gakuiki.pdf#page=25
2026,Ⅲ類（理工系）,物理工学,専 門 科 目 / 科頴 専 目門 / 選択,2,youran2026-gakuiki.pdf,25,https://kyoumu.office.uec.ac.jp/youran/youran2026-gakuiki.pdf#page=25
2026,Ⅲ類（理工系）,化学生命工学,専 門 科 目 / 科頴 専 目門 / 選択,2,youran2026-gakuiki.pdf,25,https://kyoumu.office.uec.ac.jp/youran/youran2026-gakuiki.pdf#page=25
2026,Ⅰ類（情報系）,コンピュータサイエンス,専 門 科 目 / 小 計 / 小 計,77,youran2026-gakuiki.pdf,25,https://kyoumu.office.uec.ac.jp/youran/youran2026-gakuiki.pdf#page=25
2026,Ⅰ類（情報系）,デザイン思考・データサイエンス,専 門 科 目 / 小 計 / 小 計,77,youran2026-gakuiki.pdf,25,https://kyoumu.office.uec.ac.jp/youran/youran2026-gakuiki.pdf#page=25
2026,Ⅱ類（融合系）,セキュリティ情報学,専 門 科 目 / 小 計 / 小 計,81,youran2026-gakuiki.pdf,25,https://kyoumu.office.uec.ac.jp/youran/youran2026-gakuiki.pdf#page=25
2026,Ⅱ類（融合系）,情報通信工学,専 門 科 目 / 小 計 / 小 計,88,youran2026-gakuiki.pdf,25,https://kyoumu.office.uec.ac.jp/youran/youran2026-gakuiki.pdf#page=25
2026,Ⅱ類（融合系）,電子情報学,専 門 科 目 / 小 計 / 小 計,88,youran2026-gakuiki.pdf,25,https://kyoumu.office.uec.ac.jp/youran/youran2026-gakuiki.pdf#page=25
2026,Ⅱ類（融合系）,計測・制御システム,専 門 科 目 / 小 計 / 小 計,86,youran2026-gakuiki.pdf,25,https://kyoumu.office.uec.ac.jp/youran/youran2026-gakuiki.pdf#page=25
2026,Ⅱ類（融合系）,先端ロボティクス,専 門 科 目 / 小 計 / 小 計,85,youran2026-gakuiki.pdf,25,https://kyoumu.office.uec.ac.jp/youran/youran2026-gakuiki.pdf#page=25
2026,Ⅲ類（理工系）,機械システム,専 門 科 目 / 小 計 / 小 計,86,youran2026-gakuiki.pdf,25,https://kyoumu.office.uec.ac.jp/youran/youran2026-gakuiki.pdf#page=25
2026,Ⅲ類（理工系）,電子工学,専 門 科 目 / 小 計 / 小 計,85,youran2026-gakuiki.pdf,25,https://kyoumu.office.uec.ac.jp/youran/youran2026-gakuiki.pdf#page=25
2026,Ⅲ類（理工系）,光工学,専 門 科 目 / 小 計 / 小 計,86,youran2026-gakuiki.pdf,25,https://kyoumu.office.uec.ac.jp/youran/youran2026-gakuiki.pdf#page=25
2026,Ⅲ類（理工系）,物理工学,専 門 科 目 / 小 計 / 小 計,84,youran2026-gakuiki.pdf,25,https://kyoumu.office.uec.ac.jp/youran/youran2026-gakuiki.pdf#page=25
2026,Ⅲ類（理工系）,化学生命工学,専 門 科 目 / 小 計 / 小 計,85,youran2026-gakuiki.pdf,25,https://kyoumu.office.uec.ac.jp/youran/youran2026-gakuiki.pdf#page=25
2026,Ⅰ類（情報系）,コンピュータサイエンス,共通単位 / 小 計 / 小 計,7,youran2026-gakuiki.pdf,25,https://kyoumu.office.uec.ac.jp/youran/youran2026-gakuiki.pdf#page=25
2026,Ⅰ類（情報系）,デザイン思考・データサイエンス,共通単位 / 小 計 / 小 計,7,youran2026-gakuiki.pdf,25,https://kyoumu.office.uec.ac.jp/youran/youran2026-gakuiki.pdf#page=25
2026,Ⅱ類（融合系）,セキュリティ情報学,共通単位 / 小 計 / 小 計,8,youran2026-gakuiki.pdf,25,https://kyoumu.office.uec.ac.jp/youran/youran2026-gakuiki.pdf#page=25
2026,Ⅱ類（融合系）,電子情報学,共通単位 / 小 計 / 小 計,1,youran2026-gakuiki.pdf,25,https://kyoumu.office.uec.ac.jp/youran/youran2026-gakuiki.pdf#page=25
2026,Ⅱ類（融合系）,計測・制御システム,共通単位 / 小 計 / 小 計,4,youran2026-gakuiki.pdf,25,https://kyoumu.office.uec.ac.jp/youran/youran2026-gakuiki.pdf#page=25
2026,Ⅱ類（融合系）,先端ロボティクス,共通単位 / 小 計 / 小 計,5,youran2026-gakuiki.pdf,25,https://kyoumu.office.uec.ac.jp/youran/youran2026-gakuiki.pdf#page=25
2026,Ⅲ類（理工系）,機械システム,共通単位 / 小 計 / 小 計,4,youran2026-gakuiki.pdf,25,https://kyoumu.office.uec.ac.jp/youran/youran2026-gakuiki.pdf#page=25
2026,Ⅲ類（理工系）,電子工学,共通単位 / 小 計 / 小 計,5,youran2026-gakuiki.pdf,25,https://kyoumu.office.uec.ac.jp/youran/youran2026-gakuiki.pdf#page=25
2026,Ⅲ類（理工系）,光工学,共通単位 / 小 計 / 小 計,4,youran2026-gakuiki.pdf,25,https://kyoumu.office.uec.ac.jp/youran/youran2026-gakuiki.pdf#page=25
2026,Ⅲ類（理工系）,物理工学,共通単位 / 小 計 / 小 計,6,youran2026-gakuiki.pdf,25,https://kyoumu.office.uec.ac.jp/youran/youran2026-gakuiki.pdf#page=25
2026,Ⅲ類（理工系）,化学生命工学,共通単位 / 小 計 / 小 計,5,youran2026-gakuiki.pdf,25,https://kyoumu.office.uec.ac.jp/youran/youran2026-gakuiki.pdf#page=25
2026,Ⅰ類（情報系）,コンピュータサイエンス,合 計 / 小 計 / 小 計,128,youran2026-gakuiki.pdf,25,https://kyoumu.office.uec.ac.jp/youran/youran2026-gakuiki.pdf#page=25
2026,Ⅰ類（情報系）,デザイン思考・データサイエンス,合 計 / 小 計 / 小 計,128,youran2026-gakuiki.pdf,25,https://kyoumu.office.uec.ac.jp/youran/youran2026-gakuiki.pdf#page=25
2026,Ⅱ類（融合系）,セキュリティ情報学,合 計 / 小 計 / 小 計,133,youran2026-gakuiki.pdf,25,https://kyoumu.office.uec.ac.jp/youran/youran2026-gakuiki.pdf#page=25
2026,Ⅱ類（融合系）,情報通信工学,合 計 / 小 計 / 小 計,133,youran2026-gakuiki.pdf,25,https://kyoumu.office.uec.ac.jp/youran/youran2026-gakuiki.pdf#page=25
2026,Ⅱ類（融合系）,電子情報学,合 計 / 小 計 / 小 計,133,youran2026-gakuiki.pdf,25,https://kyoumu.office.uec.ac.jp/youran/youran2026-gakuiki.pdf#page=25
2026,Ⅱ類（融合系）,計測・制御システム,合 計 / 小 計 / 小 計,133,youran2026-gakuiki.pdf,25,https://kyoumu.office.uec.ac.jp/youran/youran2026-gakuiki.pdf#page=25
2026,Ⅱ類（融合系）,先端ロボティクス,合 計 / 小 計 / 小 計,133,youran2026-gakuiki.pdf,25,https://kyoumu.office.uec.ac.jp/youran/youran2026-gakuiki.pdf#page=25
2026,Ⅲ類（理工系）,機械システム,合 計 / 小 計 / 小 計,133,youran2026-gakuiki.pdf,25,https://kyoumu.office.uec.ac.jp/youran/youran2026-gakuiki.pdf#page=25
2026,Ⅲ類（理工系）,電子工学,合 計 / 小 計 / 小 計,133,youran2026-gakuiki.pdf,25,https://kyoumu.office.uec.ac.jp/youran/youran2026-gakuiki.pdf#page=25
2026,Ⅲ類（理工系）,光工学,合 計 / 小 計 / 小 計,133,youran2026-gakuiki.pdf,25,https://kyoumu.office.uec.ac.jp/youran/youran2026-gakuiki.pdf#page=25
2026,Ⅲ類（理工系）,物理工学,合 計 / 小 計 / 小 計,133,youran2026-gakuiki.pdf,25,https://kyoumu.office.uec.ac.jp/youran/youran2026-gakuiki.pdf#page=25
2026,Ⅲ類（理工系）,化学生命工学,合 計 / 小 計 / 小 計,133,youran2026-gakuiki.pdf,25,https://kyoumu.office.uec.ac.jp/youran/youran2026-gakuiki.pdf#page=25
