group,category,subject,source_urls
1年,学年別,キャリア教育基礎,https://kyoumu.office.uec.ac.jp/timet/A1.pdf;https://kyoumu.office.uec.ac.jp/timet/English1.pdf;https://kyoumu.office.uec.ac.jp/timet/2gai1.pdf;https://kyoumu.office.uec.ac.jp/timet/A2.pdf;https://kyoumu.office.uec.ac.jp/timet/English2.pdf;https://kyoumu.office.uec.ac.jp/timet/2gai2.pdf;https://kyoumu.office.uec.ac.jp/timet/B1.pdf;https://kyoumu.office.uec.ac.jp/timet/B2.pdf
1年,学年別,言語文化基礎科目Ⅱ,https://kyoumu.office.uec.ac.jp/timet/A1.pdf;https://kyoumu.office.uec.ac.jp/timet/English1.pdf;https://kyoumu.office.uec.ac.jp/timet/2gai1.pdf;https://kyoumu.office.uec.ac.jp/timet/A2.pdf;https://kyoumu.office.uec.ac.jp/timet/English2.pdf;https://kyoumu.office.uec.ac.jp/timet/2gai2.pdf;https://kyoumu.office.uec.ac.jp/timet/B1.pdf;https://kyoumu.office.uec.ac.jp/timet/B2.pdf
1年,学年別,化学概論第一,https://kyoumu.office.uec.ac.jp/timet/A1.pdf;https://kyoumu.office.uec.ac.jp/timet/English1.pdf;https://kyoumu.office.uec.ac.jp/timet/2gai1.pdf;https://kyoumu.office.uec.ac.jp/timet/A2.pdf;https://kyoumu.office.uec.ac.jp/timet/English2.pdf;https://kyoumu.office.uec.ac.jp/timet/2gai2.pdf;https://kyoumu.office.uec.ac.jp/timet/B1.pdf;https://kyoumu.office.uec.ac.jp/timet/B2.pdf
1年,学年別,化学概論第二,https://kyoumu.office.uec.ac.jp/timet/A1.pdf;https://kyoumu.office.uec.ac.jp/timet/English1.pdf;https://kyoumu.office.uec.ac.jp/timet/2gai1.pdf;https://kyoumu.office.uec.ac.jp/timet/A2.pdf;https://kyoumu.office.uec.ac.jp/timet/English2.pdf;https://kyoumu.office.uec.ac.jp/timet/2gai2.pdf;https://kyoumu.office.uec.ac.jp/timet/B1.pdf;https://kyoumu.office.uec.ac.jp/timet/B2.pdf
1年,学年別,コンピュータリテラシー,https://kyoumu.office.uec.ac.jp/timet/A1.pdf;https://kyoumu.office.uec.ac.jp/timet/English1.pdf;https://kyoumu.office.uec.ac.jp/timet/2gai1.pdf;https://kyoumu.office.uec.ac.jp/timet/A2.pdf;https://kyoumu.office.uec.ac.jp/timet/English2.pdf;https://kyoumu.office.uec.ac.jp/timet/2gai2.pdf;https://kyoumu.office.uec.ac.jp/timet/B1.pdf;https://kyoumu.office.uec.ac.jp/timet/B2.pdf
1年,学年別,健康論,https://kyoumu.office.uec.ac.jp/timet/A1.pdf;https://kyoumu.office.uec.ac.jp/timet/English1.pdf;https://kyoumu.office.uec.ac.jp/timet/2gai1.pdf;https://kyoumu.office.uec.ac.jp/timet/A2.pdf;https://kyoumu.office.uec.ac.jp/timet/English2.pdf;https://kyoumu.office.uec.ac.jp/timet/2gai2.pdf;https://kyoumu.office.uec.ac.jp/timet/B1.pdf;https://kyoumu.office.uec.ac.jp/timet/B2.pdf
1年,学年別,健康・体力つくり実習,https://kyoumu.office.uec.ac.jp/timet/A1.pdf;https://kyoumu.office.uec.ac.jp/timet/English1.pdf;https://kyoumu.office.uec.ac.jp/timet/2gai1.pdf;https://kyoumu.office.uec.ac.jp/timet/A2.pdf;https://kyoumu.office.uec.ac.jp/timet/English2.pdf;https://kyoumu.office.uec.ac.jp/timet/2gai2.pdf;https://kyoumu.office.uec.ac.jp/timet/B1.pdf;https://kyoumu.office.uec.ac.jp/timet/B2.pdf
1年,学年別,基礎科学実験A1,https://kyoumu.office.uec.ac.jp/timet/A1.pdf;https://kyoumu.office.uec.ac.jp/timet/English1.pdf;https://kyoumu.office.uec.ac.jp/timet/2gai1.pdf;https://kyoumu.office.uec.ac.jp/timet/A2.pdf;https://kyoumu.office.uec.ac.jp/timet/English2.pdf;https://kyoumu.office.uec.ac.jp/timet/2gai2.pdf;https://kyoumu.office.uec.ac.jp/timet/B1.pdf;https://kyoumu.office.uec.ac.jp/timet/B2.pdf
1年,学年別,基礎科学実験B1,https://kyoumu.office.uec.ac.jp/timet/A1.pdf;https://kyoumu.office.uec.ac.jp/timet/English1.pdf;https://kyoumu.office.uec.ac.jp/timet/2gai1.pdf;https://kyoumu.office.uec.ac.jp/timet/A2.pdf;https://kyoumu.office.uec.ac.jp/timet/English2.pdf;https://kyoumu.office.uec.ac.jp/timet/2gai2.pdf;https://kyoumu.office.uec.ac.jp/timet/B1.pdf;https://kyoumu.office.uec.ac.jp/timet/B2.pdf
1年,学年別,基礎科学実験A2,https://kyoumu.office.uec.ac.jp/timet/A1.pdf;https://kyoumu.office.uec.ac.jp/timet/English1.pdf;https://kyoumu.office.uec.ac.jp/timet/2gai1.pdf;https://kyoumu.office.uec.ac.jp/timet/A2.pdf;https://kyoumu.office.uec.ac.jp/timet/English2.pdf;https://kyoumu.office.uec.ac.jp/timet/2gai2.pdf;https://kyoumu.office.uec.ac.jp/timet/B1.pdf;https://kyoumu.office.uec.ac.jp/timet/B2.pdf
1年,学年別,基礎科学実験B2,https://kyoumu.office.uec.ac.jp/timet/A1.pdf;https://kyoumu.office.uec.ac.jp/timet/English1.pdf;https://kyoumu.office.uec.ac.jp/timet/2gai1.pdf;https://kyoumu.office.uec.ac.jp/timet/A2.pdf;https://kyoumu.office.uec.ac.jp/timet/English2.pdf;https://kyoumu.office.uec.ac.jp/timet/2gai2.pdf;https://kyoumu.office.uec.ac.jp/timet/B1.pdf;https://kyoumu.office.uec.ac.jp/timet/B2.pdf
1年,学年別,微分積分学第一,https://kyoumu.office.uec.ac.jp/timet/A1.pdf;https://kyoumu.office.uec.ac.jp/timet/English1.pdf;https://kyoumu.office.uec.ac.jp/timet/2gai1.pdf;https://kyoumu.office.uec.ac.jp/timet/A2.pdf;https://kyoumu.office.uec.ac.jp/timet/English2.pdf;https://kyoumu.office.uec.ac.jp/timet/2gai2.pdf;https://kyoumu.office.uec.ac.jp/timet/B1.pdf;https://kyoumu.office.uec.ac.jp/timet/B2.pdf
1年,学年別,微分積分学第二,https://kyoumu.office.uec.ac.jp/timet/A1.pdf;https://kyoumu.office.uec.ac.jp/timet/English1.pdf;https://kyoumu.office.uec.ac.jp/timet/2gai1.pdf;https://kyoumu.office.uec.ac.jp/timet/A2.pdf;https://kyoumu.office.uec.ac.jp/timet/English2.pdf;https://kyoumu.office.uec.ac.jp/timet/2gai2.pdf;https://kyoumu.office.uec.ac.jp/timet/B1.pdf;https://kyoumu.office.uec.ac.jp/timet/B2.pdf
1年,学年別,線形代数学第一,https://kyoumu.office.uec.ac.jp/timet/A1.pdf;https://kyoumu.office.uec.ac.jp/timet/English1.pdf;https://kyoumu.office.uec.ac.jp/timet/2gai1.pdf;https://kyoumu.office.uec.ac.jp/timet/A2.pdf;https://kyoumu.office.uec.ac.jp/timet/English2.pdf;https://kyoumu.office.uec.ac.jp/timet/2gai2.pdf;https://kyoumu.office.uec.ac.jp/timet/B1.pdf;https://kyoumu.office.uec.ac.jp/timet/B2.pdf
1年,学年別,線形代数学第二,https://kyoumu.office.uec.ac.jp/timet/A1.pdf;https://kyoumu.office.uec.ac.jp/timet/English1.pdf;https://kyoumu.office.uec.ac.jp/timet/2gai1.pdf;https://kyoumu.office.uec.ac.jp/timet/A2.pdf;https://kyoumu.office.uec.ac.jp/timet/English2.pdf;https://kyoumu.office.uec.ac.jp/timet/2gai2.pdf;https://kyoumu.office.uec.ac.jp/timet/B1.pdf;https://kyoumu.office.uec.ac.jp/timet/B2.pdf
1年,学年別,物理学概論第一,https://kyoumu.office.uec.ac.jp/timet/A1.pdf;https://kyoumu.office.uec.ac.jp/timet/English1.pdf;https://kyoumu.office.uec.ac.jp/timet/2gai1.pdf;https://kyoumu.office.uec.ac.jp/timet/A2.pdf;https://kyoumu.office.uec.ac.jp/timet/English2.pdf;https://kyoumu.office.uec.ac.jp/timet/2gai2.pdf;https://kyoumu.office.uec.ac.jp/timet/B1.pdf;https://kyoumu.office.uec.ac.jp/timet/B2.pdf
1年,学年別,物理学概論第二,https://kyoumu.office.uec.ac.jp/timet/A1.pdf;https://kyoumu.office.uec.ac.jp/timet/English1.pdf;https://kyoumu.office.uec.ac.jp/timet/2gai1.pdf;https://kyoumu.office.uec.ac.jp/timet/A2.pdf;https://kyoumu.office.uec.ac.jp/timet/English2.pdf;https://kyoumu.office.uec.ac.jp/timet/2gai2.pdf;https://kyoumu.office.uec.ac.jp/timet/B1.pdf;https://kyoumu.office.uec.ac.jp/timet/B2.pdf
1年,学年別,基礎物理学演習第一（留学生のみ）,https://kyoumu.office.uec.ac.jp/timet/A1.pdf;https://kyoumu.office.uec.ac.jp/timet/English1.pdf;https://kyoumu.office.uec.ac.jp/timet/2gai1.pdf;https://kyoumu.office.uec.ac.jp/timet/A2.pdf;https://kyoumu.office.uec.ac.jp/timet/English2.pdf;https://kyoumu.office.uec.ac.jp/timet/2gai2.pdf;https://kyoumu.office.uec.ac.jp/timet/B1.pdf;https://kyoumu.office.uec.ac.jp/timet/B2.pdf
1年,学年別,基礎物理学演習第二（留学生のみ）,https://kyoumu.office.uec.ac.jp/timet/A1.pdf;https://kyoumu.office.uec.ac.jp/timet/English1.pdf;https://kyoumu.office.uec.ac.jp/timet/2gai1.pdf;https://kyoumu.office.uec.ac.jp/timet/A2.pdf;https://kyoumu.office.uec.ac.jp/timet/English2.pdf;https://kyoumu.office.uec.ac.jp/timet/2gai2.pdf;https://kyoumu.office.uec.ac.jp/timet/B1.pdf;https://kyoumu.office.uec.ac.jp/timet/B2.pdf
1年,学年別,基礎数学演習第一（留学生のみ）,https://kyoumu.office.uec.ac.jp/timet/A1.pdf;https://kyoumu.office.uec.ac.jp/timet/English1.pdf;https://kyoumu.office.uec.ac.jp/timet/2gai1.pdf;https://kyoumu.office.uec.ac.jp/timet/A2.pdf;https://kyoumu.office.uec.ac.jp/timet/English2.pdf;https://kyoumu.office.uec.ac.jp/timet/2gai2.pdf;https://kyoumu.office.uec.ac.jp/timet/B1.pdf;https://kyoumu.office.uec.ac.jp/timet/B2.pdf
1年,学年別,基礎数学演習第二（留学生のみ）,https://kyoumu.office.uec.ac.jp/timet/A1.pdf;https://kyoumu.office.uec.ac.jp/timet/English1.pdf;https://kyoumu.office.uec.ac.jp/timet/2gai1.pdf;https://kyoumu.office.uec.ac.jp/timet/A2.pdf;https://kyoumu.office.uec.ac.jp/timet/English2.pdf;https://kyoumu.office.uec.ac.jp/timet/2gai2.pdf;https://kyoumu.office.uec.ac.jp/timet/B1.pdf;https://kyoumu.office.uec.ac.jp/timet/B2.pdf
1年,学年別,数学演習第一,https://kyoumu.office.uec.ac.jp/timet/A1.pdf;https://kyoumu.office.uec.ac.jp/timet/English1.pdf;https://kyoumu.office.uec.ac.jp/timet/2gai1.pdf;https://kyoumu.office.uec.ac.jp/timet/A2.pdf;https://kyoumu.office.uec.ac.jp/timet/English2.pdf;https://kyoumu.office.uec.ac.jp/timet/2gai2.pdf;https://kyoumu.office.uec.ac.jp/timet/B1.pdf;https://kyoumu.office.uec.ac.jp/timet/B2.pdf
1年,学年別,数学演習第二,https://kyoumu.office.uec.ac.jp/timet/A1.pdf;https://kyoumu.office.uec.ac.jp/timet/English1.pdf;https://kyoumu.office.uec.ac.jp/timet/2gai1.pdf;https://kyoumu.office.uec.ac.jp/timet/A2.pdf;https://kyoumu.office.uec.ac.jp/timet/English2.pdf;https://kyoumu.office.uec.ac.jp/timet/2gai2.pdf;https://kyoumu.office.uec.ac.jp/timet/B1.pdf;https://kyoumu.office.uec.ac.jp/timet/B2.pdf
1年,学年別,物理学演習第一,https://kyoumu.office.uec.ac.jp/timet/A1.pdf;https://kyoumu.office.uec.ac.jp/timet/English1.pdf;https://kyoumu.office.uec.ac.jp/timet/2gai1.pdf;https://kyoumu.office.uec.ac.jp/timet/A2.pdf;https://kyoumu.office.uec.ac.jp/timet/English2.pdf;https://kyoumu.office.uec.ac.jp/timet/2gai2.pdf;https://kyoumu.office.uec.ac.jp/timet/B1.pdf;https://kyoumu.office.uec.ac.jp/timet/B2.pdf
1年,学年別,物理学演習第二,https://kyoumu.office.uec.ac.jp/timet/A1.pdf;https://kyoumu.office.uec.ac.jp/timet/English1.pdf;https://kyoumu.office.uec.ac.jp/timet/2gai1.pdf;https://kyoumu.office.uec.ac.jp/timet/A2.pdf;https://kyoumu.office.uec.ac.jp/timet/English2.pdf;https://kyoumu.office.uec.ac.jp/timet/2gai2.pdf;https://kyoumu.office.uec.ac.jp/timet/B1.pdf;https://kyoumu.office.uec.ac.jp/timet/B2.pdf
1年,学年別,Academic Spoken English Ⅰ,https://kyoumu.office.uec.ac.jp/timet/A1.pdf;https://kyoumu.office.uec.ac.jp/timet/English1.pdf;https://kyoumu.office.uec.ac.jp/timet/2gai1.pdf;https://kyoumu.office.uec.ac.jp/timet/A2.pdf;https://kyoumu.office.uec.ac.jp/timet/English2.pdf;https://kyoumu.office.uec.ac.jp/timet/2gai2.pdf;https://kyoumu.office.uec.ac.jp/timet/B1.pdf;https://kyoumu.office.uec.ac.jp/timet/B2.pdf
1年,学年別,Academic Written English Ⅰ,https://kyoumu.office.uec.ac.jp/timet/A1.pdf;https://kyoumu.office.uec.ac.jp/timet/English1.pdf;https://kyoumu.office.uec.ac.jp/timet/2gai1.pdf;https://kyoumu.office.uec.ac.jp/timet/A2.pdf;https://kyoumu.office.uec.ac.jp/timet/English2.pdf;https://kyoumu.office.uec.ac.jp/timet/2gai2.pdf;https://kyoumu.office.uec.ac.jp/timet/B1.pdf;https://kyoumu.office.uec.ac.jp/timet/B2.pdf
1年,学年別,Academic Spoken English Ⅱ,https://kyoumu.office.uec.ac.jp/timet/A1.pdf;https://kyoumu.office.uec.ac.jp/timet/English1.pdf;https://kyoumu.office.uec.ac.jp/timet/2gai1.pdf;https://kyoumu.office.uec.ac.jp/timet/A2.pdf;https://kyoumu.office.uec.ac.jp/timet/English2.pdf;https://kyoumu.office.uec.ac.jp/timet/2gai2.pdf;https://kyoumu.office.uec.ac.jp/timet/B1.pdf;https://kyoumu.office.uec.ac.jp/timet/B2.pdf
1年,学年別,Academic Written English Ⅱ,https://kyoumu.office.uec.ac.jp/timet/A1.pdf;https://kyoumu.office.uec.ac.jp/timet/English1.pdf;https://kyoumu.office.uec.ac.jp/timet/2gai1.pdf;https://kyoumu.office.uec.ac.jp/timet/A2.pdf;https://kyoumu.office.uec.ac.jp/timet/English2.pdf;https://kyoumu.office.uec.ac.jp/timet/2gai2.pdf;https://kyoumu.office.uec.ac.jp/timet/B1.pdf;https://kyoumu.office.uec.ac.jp/timet/B2.pdf
1年,学年別,選択独語第一,https://kyoumu.office.uec.ac.jp/timet/A1.pdf;https://kyoumu.office.uec.ac.jp/timet/English1.pdf;https://kyoumu.office.uec.ac.jp/timet/2gai1.pdf;https://kyoumu.office.uec.ac.jp/timet/A2.pdf;https://kyoumu.office.uec.ac.jp/timet/English2.pdf;https://kyoumu.office.uec.ac.jp/timet/2gai2.pdf;https://kyoumu.office.uec.ac.jp/timet/B1.pdf;https://kyoumu.office.uec.ac.jp/timet/B2.pdf
1年,学年別,選択仏語第一,https://kyoumu.office.uec.ac.jp/timet/A1.pdf;https://kyoumu.office.uec.ac.jp/timet/English1.pdf;https://kyoumu.office.uec.ac.jp/timet/2gai1.pdf;https://kyoumu.office.uec.ac.jp/timet/A2.pdf;https://kyoumu.office.uec.ac.jp/timet/English2.pdf;https://kyoumu.office.uec.ac.jp/timet/2gai2.pdf;https://kyoumu.office.uec.ac.jp/timet/B1.pdf;https://kyoumu.office.uec.ac.jp/timet/B2.pdf
1年,学年別,選択露語第一,https://kyoumu.office.uec.ac.jp/timet/A1.pdf;https://kyoumu.office.uec.ac.jp/timet/English1.pdf;https://kyoumu.office.uec.ac.jp/timet/2gai1.pdf;https://kyoumu.office.uec.ac.jp/timet/A2.pdf;https://kyoumu.office.uec.ac.jp/timet/English2.pdf;https://kyoumu.office.uec.ac.jp/timet/2gai2.pdf;https://kyoumu.office.uec.ac.jp/timet/B1.pdf;https://kyoumu.office.uec.ac.jp/timet/B2.pdf
1年,学年別,選択中国語第一,https://kyoumu.office.uec.ac.jp/timet/A1.pdf;https://kyoumu.office.uec.ac.jp/timet/English1.pdf;https://kyoumu.office.uec.ac.jp/timet/2gai1.pdf;https://kyoumu.office.uec.ac.jp/timet/A2.pdf;https://kyoumu.office.uec.ac.jp/timet/English2.pdf;https://kyoumu.office.uec.ac.jp/timet/2gai2.pdf;https://kyoumu.office.uec.ac.jp/timet/B1.pdf;https://kyoumu.office.uec.ac.jp/timet/B2.pdf
1年,学年別,選択韓国朝鮮語第一,https://kyoumu.office.uec.ac.jp/timet/A1.pdf;https://kyoumu.office.uec.ac.jp/timet/English1.pdf;https://kyoumu.office.uec.ac.jp/timet/2gai1.pdf;https://kyoumu.office.uec.ac.jp/timet/A2.pdf;https://kyoumu.office.uec.ac.jp/timet/English2.pdf;https://kyoumu.office.uec.ac.jp/timet/2gai2.pdf;https://kyoumu.office.uec.ac.jp/timet/B1.pdf;https://kyoumu.office.uec.ac.jp/timet/B2.pdf
1年,学年別,選択独語第二,https://kyoumu.office.uec.ac.jp/timet/A1.pdf;https://kyoumu.office.uec.ac.jp/timet/English1.pdf;https://kyoumu.office.uec.ac.jp/timet/2gai1.pdf;https://kyoumu.office.uec.ac.jp/timet/A2.pdf;https://kyoumu.office.uec.ac.jp/timet/English2.pdf;https://kyoumu.office.uec.ac.jp/timet/2gai2.pdf;https://kyoumu.office.uec.ac.jp/timet/B1.pdf;https://kyoumu.office.uec.ac.jp/timet/B2.pdf
1年,学年別,選択仏語第二,https://kyoumu.office.uec.ac.jp/timet/A1.pdf;https://kyoumu.office.uec.ac.jp/timet/English1.pdf;https://kyoumu.office.uec.ac.jp/timet/2gai1.pdf;https://kyoumu.office.uec.ac.jp/timet/A2.pdf;https://kyoumu.office.uec.ac.jp/timet/English2.pdf;https://kyoumu.office.uec.ac.jp/timet/2gai2.pdf;https://kyoumu.office.uec.ac.jp/timet/B1.pdf;https://kyoumu.office.uec.ac.jp/timet/B2.pdf
1年,学年別,選択露語第二,https://kyoumu.office.uec.ac.jp/timet/A1.pdf;https://kyoumu.office.uec.ac.jp/timet/English1.pdf;https://kyoumu.office.uec.ac.jp/timet/2gai1.pdf;https://kyoumu.office.uec.ac.jp/timet/A2.pdf;https://kyoumu.office.uec.ac.jp/timet/English2.pdf;https://kyoumu.office.uec.ac.jp/timet/2gai2.pdf;https://kyoumu.office.uec.ac.jp/timet/B1.pdf;https://kyoumu.office.uec.ac.jp/timet/B2.pdf
1年,学年別,選択中国語第二,https://kyoumu.office.uec.ac.jp/timet/A1.pdf;https://kyoumu.office.uec.ac.jp/timet/English1.pdf;https://kyoumu.office.uec.ac.jp/timet/2gai1.pdf;https://kyoumu.office.uec.ac.jp/timet/A2.pdf;https://kyoumu.office.uec.ac.jp/timet/English2.pdf;https://kyoumu.office.uec.ac.jp/timet/2gai2.pdf;https://kyoumu.office.uec.ac.jp/timet/B1.pdf;https://kyoumu.office.uec.ac.jp/timet/B2.pdf
1年,学年別,選択韓国朝鮮語第二,https://kyoumu.office.uec.ac.jp/timet/A1.pdf;https://kyoumu.office.uec.ac.jp/timet/English1.pdf;https://kyoumu.office.uec.ac.jp/timet/2gai1.pdf;https://kyoumu.office.uec.ac.jp/timet/A2.pdf;https://kyoumu.office.uec.ac.jp/timet/English2.pdf;https://kyoumu.office.uec.ac.jp/timet/2gai2.pdf;https://kyoumu.office.uec.ac.jp/timet/B1.pdf;https://kyoumu.office.uec.ac.jp/timet/B2.pdf
1年,学年別,独語第一,https://kyoumu.office.uec.ac.jp/timet/A1.pdf;https://kyoumu.office.uec.ac.jp/timet/English1.pdf;https://kyoumu.office.uec.ac.jp/timet/2gai1.pdf;https://kyoumu.office.uec.ac.jp/timet/A2.pdf;https://kyoumu.office.uec.ac.jp/timet/English2.pdf;https://kyoumu.office.uec.ac.jp/timet/2gai2.pdf;https://kyoumu.office.uec.ac.jp/timet/B1.pdf;https://kyoumu.office.uec.ac.jp/timet/B2.pdf
1年,学年別,仏語第一,https://kyoumu.office.uec.ac.jp/timet/A1.pdf;https://kyoumu.office.uec.ac.jp/timet/English1.pdf;https://kyoumu.office.uec.ac.jp/timet/2gai1.pdf;https://kyoumu.office.uec.ac.jp/timet/A2.pdf;https://kyoumu.office.uec.ac.jp/timet/English2.pdf;https://kyoumu.office.uec.ac.jp/timet/2gai2.pdf;https://kyoumu.office.uec.ac.jp/timet/B1.pdf;https://kyoumu.office.uec.ac.jp/timet/B2.pdf
1年,学年別,露語第一,https://kyoumu.office.uec.ac.jp/timet/A1.pdf;https://kyoumu.office.uec.ac.jp/timet/English1.pdf;https://kyoumu.office.uec.ac.jp/timet/2gai1.pdf;https://kyoumu.office.uec.ac.jp/timet/A2.pdf;https://kyoumu.office.uec.ac.jp/timet/English2.pdf;https://kyoumu.office.uec.ac.jp/timet/2gai2.pdf;https://kyoumu.office.uec.ac.jp/timet/B1.pdf;https://kyoumu.office.uec.ac.jp/timet/B2.pdf
1年,学年別,中国語第一,https://kyoumu.office.uec.ac.jp/timet/A1.pdf;https://kyoumu.office.uec.ac.jp/timet/English1.pdf;https://kyoumu.office.uec.ac.jp/timet/2gai1.pdf;https://kyoumu.office.uec.ac.jp/timet/A2.pdf;https://kyoumu.office.uec.ac.jp/timet/English2.pdf;https://kyoumu.office.uec.ac.jp/timet/2gai2.pdf;https://kyoumu.office.uec.ac.jp/timet/B1.pdf;https://kyoumu.office.uec.ac.jp/timet/B2.pdf
1年,学年別,韓国朝鮮語第一,https://kyoumu.office.uec.ac.jp/timet/A1.pdf;https://kyoumu.office.uec.ac.jp/timet/English1.pdf;https://kyoumu.office.uec.ac.jp/timet/2gai1.pdf;https://kyoumu.office.uec.ac.jp/timet/A2.pdf;https://kyoumu.office.uec.ac.jp/timet/English2.pdf;https://kyoumu.office.uec.ac.jp/timet/2gai2.pdf;https://kyoumu.office.uec.ac.jp/timet/B1.pdf;https://kyoumu.office.uec.ac.jp/timet/B2.pdf
1年,学年別,独語第二,https://kyoumu.office.uec.ac.jp/timet/A1.pdf;https://kyoumu.office.uec.ac.jp/timet/English1.pdf;https://kyoumu.office.uec.ac.jp/timet/2gai1.pdf;https://kyoumu.office.uec.ac.jp/timet/A2.pdf;https://kyoumu.office.uec.ac.jp/timet/English2.pdf;https://kyoumu.office.uec.ac.jp/timet/2gai2.pdf;https://kyoumu.office.uec.ac.jp/timet/B1.pdf;https://kyoumu.office.uec.ac.jp/timet/B2.pdf
1年,学年別,仏語第二,https://kyoumu.office.uec.ac.jp/timet/A1.pdf;https://kyoumu.office.uec.ac.jp/timet/English1.pdf;https://kyoumu.office.uec.ac.jp/timet/2gai1.pdf;https://kyoumu.office.uec.ac.jp/timet/A2.pdf;https://kyoumu.office.uec.ac.jp/timet/English2.pdf;https://kyoumu.office.uec.ac.jp/timet/2gai2.pdf;https://kyoumu.office.uec.ac.jp/timet/B1.pdf;https://kyoumu.office.uec.ac.jp/timet/B2.pdf
1年,学年別,露語第二,https://kyoumu.office.uec.ac.jp/timet/A1.pdf;https://kyoumu.office.uec.ac.jp/timet/English1.pdf;https://kyoumu.office.uec.ac.jp/timet/2gai1.pdf;https://kyoumu.office.uec.ac.jp/timet/A2.pdf;https://kyoumu.office.uec.ac.jp/timet/English2.pdf;https://kyoumu.office.uec.ac.jp/timet/2gai2.pdf;https://kyoumu.office.uec.ac.jp/timet/B1.pdf;https://kyoumu.office.uec.ac.jp/timet/B2.pdf
1年,学年別,中国語第二,https://kyoumu.office.uec.ac.jp/timet/A1.pdf;https://kyoumu.office.uec.ac.jp/timet/English1.pdf;https://kyoumu.office.uec.ac.jp/timet/2gai1.pdf;https://kyoumu.office.uec.ac.jp/timet/A2.pdf;https://kyoumu.office.uec.ac.jp/timet/English2.pdf;https://kyoumu.office.uec.ac.jp/timet/2gai2.pdf;https://kyoumu.office.uec.ac.jp/timet/B1.pdf;https://kyoumu.office.uec.ac.jp/timet/B2.pdf
1年,学年別,韓国朝鮮語第二,https://kyoumu.office.uec.ac.jp/timet/A1.pdf;https://kyoumu.office.uec.ac.jp/timet/English1.pdf;https://kyoumu.office.uec.ac.jp/timet/2gai1.pdf;https://kyoumu.office.uec.ac.jp/timet/A2.pdf;https://kyoumu.office.uec.ac.jp/timet/English2.pdf;https://kyoumu.office.uec.ac.jp/timet/2gai2.pdf;https://kyoumu.office.uec.ac.jp/timet/B1.pdf;https://kyoumu.office.uec.ac.jp/timet/B2.pdf
1年,学年別,サイエンス工房A,https://kyoumu.office.uec.ac.jp/timet/A1.pdf;https://kyoumu.office.uec.ac.jp/timet/English1.pdf;https://kyoumu.office.uec.ac.jp/timet/2gai1.pdf;https://kyoumu.office.uec.ac.jp/timet/A2.pdf;https://kyoumu.office.uec.ac.jp/timet/English2.pdf;https://kyoumu.office.uec.ac.jp/timet/2gai2.pdf;https://kyoumu.office.uec.ac.jp/timet/B1.pdf;https://kyoumu.office.uec.ac.jp/timet/B2.pdf
1年,学年別,サイエンス工房B,https://kyoumu.office.uec.ac.jp/timet/A1.pdf;https://kyoumu.office.uec.ac.jp/timet/English1.pdf;https://kyoumu.office.uec.ac.jp/timet/2gai1.pdf;https://kyoumu.office.uec.ac.jp/timet/A2.pdf;https://kyoumu.office.uec.ac.jp/timet/English2.pdf;https://kyoumu.office.uec.ac.jp/timet/2gai2.pdf;https://kyoumu.office.uec.ac.jp/timet/B1.pdf;https://kyoumu.office.uec.ac.jp/timet/B2.pdf
1年,学年別,情報工学工房A,https://kyoumu.office.uec.ac.jp/timet/A1.pdf;https://kyoumu.office.uec.ac.jp/timet/English1.pdf;https://kyoumu.office.uec.ac.jp/timet/2gai1.pdf;https://kyoumu.office.uec.ac.jp/timet/A2.pdf;https://kyoumu.office.uec.ac.jp/timet/English2.pdf;https://kyoumu.office.uec.ac.jp/timet/2gai2.pdf;https://kyoumu.office.uec.ac.jp/timet/B1.pdf;https://kyoumu.office.uec.ac.jp/timet/B2.pdf
1年,学年別,電子工学工房,https://kyoumu.office.uec.ac.jp/timet/A1.pdf;https://kyoumu.office.uec.ac.jp/timet/English1.pdf;https://kyoumu.office.uec.ac.jp/timet/2gai1.pdf;https://kyoumu.office.uec.ac.jp/timet/A2.pdf;https://kyoumu.office.uec.ac.jp/timet/English2.pdf;https://kyoumu.office.uec.ac.jp/timet/2gai2.pdf;https://kyoumu.office.uec.ac.jp/timet/B1.pdf;https://kyoumu.office.uec.ac.jp/timet/B2.pdf
1年,学年別,離散数学,https://kyoumu.office.uec.ac.jp/timet/A1.pdf;https://kyoumu.office.uec.ac.jp/timet/English1.pdf;https://kyoumu.office.uec.ac.jp/timet/2gai1.pdf;https://kyoumu.office.uec.ac.jp/timet/A2.pdf;https://kyoumu.office.uec.ac.jp/timet/English2.pdf;https://kyoumu.office.uec.ac.jp/timet/2gai2.pdf;https://kyoumu.office.uec.ac.jp/timet/B1.pdf;https://kyoumu.office.uec.ac.jp/timet/B2.pdf
1年,学年別,情報領域演習第一,https://kyoumu.office.uec.ac.jp/timet/A1.pdf;https://kyoumu.office.uec.ac.jp/timet/English1.pdf;https://kyoumu.office.uec.ac.jp/timet/2gai1.pdf;https://kyoumu.office.uec.ac.jp/timet/A2.pdf;https://kyoumu.office.uec.ac.jp/timet/English2.pdf;https://kyoumu.office.uec.ac.jp/timet/2gai2.pdf;https://kyoumu.office.uec.ac.jp/timet/B1.pdf;https://kyoumu.office.uec.ac.jp/timet/B2.pdf
1年,学年別,力学,https://kyoumu.office.uec.ac.jp/timet/A1.pdf;https://kyoumu.office.uec.ac.jp/timet/English1.pdf;https://kyoumu.office.uec.ac.jp/timet/2gai1.pdf;https://kyoumu.office.uec.ac.jp/timet/A2.pdf;https://kyoumu.office.uec.ac.jp/timet/English2.pdf;https://kyoumu.office.uec.ac.jp/timet/2gai2.pdf;https://kyoumu.office.uec.ac.jp/timet/B1.pdf;https://kyoumu.office.uec.ac.jp/timet/B2.pdf
1年,学年別,解析学,https://kyoumu.office.uec.ac.jp/timet/A1.pdf;https://kyoumu.office.uec.ac.jp/timet/English1.pdf;https://kyoumu.office.uec.ac.jp/timet/2gai1.pdf;https://kyoumu.office.uec.ac.jp/timet/A2.pdf;https://kyoumu.office.uec.ac.jp/timet/English2.pdf;https://kyoumu.office.uec.ac.jp/timet/2gai2.pdf;https://kyoumu.office.uec.ac.jp/timet/B1.pdf;https://kyoumu.office.uec.ac.jp/timet/B2.pdf
1年,学年別,基礎プログラミングおよび演習,https://kyoumu.office.uec.ac.jp/timet/A1.pdf;https://kyoumu.office.uec.ac.jp/timet/English1.pdf;https://kyoumu.office.uec.ac.jp/timet/2gai1.pdf;https://kyoumu.office.uec.ac.jp/timet/A2.pdf;https://kyoumu.office.uec.ac.jp/timet/English2.pdf;https://kyoumu.office.uec.ac.jp/timet/2gai2.pdf;https://kyoumu.office.uec.ac.jp/timet/B1.pdf;https://kyoumu.office.uec.ac.jp/timet/B2.pdf
1年,学年別,地学,https://kyoumu.office.uec.ac.jp/timet/A1.pdf;https://kyoumu.office.uec.ac.jp/timet/English1.pdf;https://kyoumu.office.uec.ac.jp/timet/2gai1.pdf;https://kyoumu.office.uec.ac.jp/timet/A2.pdf;https://kyoumu.office.uec.ac.jp/timet/English2.pdf;https://kyoumu.office.uec.ac.jp/timet/2gai2.pdf;https://kyoumu.office.uec.ac.jp/timet/B1.pdf;https://kyoumu.office.uec.ac.jp/timet/B2.pdf
1年,学年別,生物学,https://kyoumu.office.uec.ac.jp/timet/A1.pdf;https://kyoumu.office.uec.ac.jp/timet/English1.pdf;https://kyoumu.office.uec.ac.jp/timet/2gai1.pdf;https://kyoumu.office.uec.ac.jp/timet/A2.pdf;https://kyoumu.office.uec.ac.jp/timet/English2.pdf;https://kyoumu.office.uec.ac.jp/timet/2gai2.pdf;https://kyoumu.office.uec.ac.jp/timet/B1.pdf;https://kyoumu.office.uec.ac.jp/timet/B2.pdf
1年,学年別,材料化学,https://kyoumu.office.uec.ac.jp/timet/A1.pdf;https://kyoumu.office.uec.ac.jp/timet/English1.pdf;https://kyoumu.office.uec.ac.jp/timet/2gai1.pdf;https://kyoumu.office.uec.ac.jp/timet/A2.pdf;https://kyoumu.office.uec.ac.jp/timet/English2.pdf;https://kyoumu.office.uec.ac.jp/timet/2gai2.pdf;https://kyoumu.office.uec.ac.jp/timet/B1.pdf;https://kyoumu.office.uec.ac.jp/timet/B2.pdf
1年,学年別,宇宙・地球科学,https://kyoumu.office.uec.ac.jp/timet/A1.pdf;https://kyoumu.office.uec.ac.jp/timet/English1.pdf;https://kyoumu.office.uec.ac.jp/timet/2gai1.pdf;https://kyoumu.office.uec.ac.jp/timet/A2.pdf;https://kyoumu.office.uec.ac.jp/timet/English2.pdf;https://kyoumu.office.uec.ac.jp/timet/2gai2.pdf;https://kyoumu.office.uec.ac.jp/timet/B1.pdf;https://kyoumu.office.uec.ac.jp/timet/B2.pdf
1年,学年別,数学補習授業,https://kyoumu.office.uec.ac.jp/timet/A1.pdf;https://kyoumu.office.uec.ac.jp/timet/English1.pdf;https://kyoumu.office.uec.ac.jp/timet/2gai1.pdf;https://kyoumu.office.uec.ac.jp/timet/A2.pdf;https://kyoumu.office.uec.ac.jp/timet/English2.pdf;https://kyoumu.office.uec.ac.jp/timet/2gai2.pdf;https://kyoumu.office.uec.ac.jp/timet/B1.pdf;https://kyoumu.office.uec.ac.jp/timet/B2.pdf
1年,学年別,学域特別講義B（日本音楽出版社協会寄附講座（協力：MUSIC WAY PROJECT））,https://kyoumu.office.uec.ac.jp/timet/A1.pdf;https://kyoumu.office.uec.ac.jp/timet/English1.pdf;https://kyoumu.office.uec.ac.jp/timet/2gai1.pdf;https://kyoumu.office.uec.ac.jp/timet/A2.pdf;https://kyoumu.office.uec.ac.jp/timet/English2.pdf;https://kyoumu.office.uec.ac.jp/timet/2gai2.pdf;https://kyoumu.office.uec.ac.jp/timet/B1.pdf;https://kyoumu.office.uec.ac.jp/timet/B2.pdf
1年,学年別,JAPIA寄附講義「自動車の大変革（CASE）に必要な技術」［学域特別講義B］,https://kyoumu.office.uec.ac.jp/timet/A1.pdf;https://kyoumu.office.uec.ac.jp/timet/English1.pdf;https://kyoumu.office.uec.ac.jp/timet/2gai1.pdf;https://kyoumu.office.uec.ac.jp/timet/A2.pdf;https://kyoumu.office.uec.ac.jp/timet/English2.pdf;https://kyoumu.office.uec.ac.jp/timet/2gai2.pdf;https://kyoumu.office.uec.ac.jp/timet/B1.pdf;https://kyoumu.office.uec.ac.jp/timet/B2.pdf
1年,学年別,UEC Academic Skills Ⅰ (Computer Literacy),https://kyoumu.office.uec.ac.jp/timet/A1.pdf;https://kyoumu.office.uec.ac.jp/timet/English1.pdf;https://kyoumu.office.uec.ac.jp/timet/2gai1.pdf;https://kyoumu.office.uec.ac.jp/timet/A2.pdf;https://kyoumu.office.uec.ac.jp/timet/English2.pdf;https://kyoumu.office.uec.ac.jp/timet/2gai2.pdf;https://kyoumu.office.uec.ac.jp/timet/B1.pdf;https://kyoumu.office.uec.ac.jp/timet/B2.pdf
1年,学年別,基礎微分積分学第一,https://kyoumu.office.uec.ac.jp/timet/A1.pdf;https://kyoumu.office.uec.ac.jp/timet/English1.pdf;https://kyoumu.office.uec.ac.jp/timet/2gai1.pdf;https://kyoumu.office.uec.ac.jp/timet/A2.pdf;https://kyoumu.office.uec.ac.jp/timet/English2.pdf;https://kyoumu.office.uec.ac.jp/timet/2gai2.pdf;https://kyoumu.office.uec.ac.jp/timet/B1.pdf;https://kyoumu.office.uec.ac.jp/timet/B2.pdf
1年,学年別,基礎微分積分学第二,https://kyoumu.office.uec.ac.jp/timet/A1.pdf;https://kyoumu.office.uec.ac.jp/timet/English1.pdf;https://kyoumu.office.uec.ac.jp/timet/2gai1.pdf;https://kyoumu.office.uec.ac.jp/timet/A2.pdf;https://kyoumu.office.uec.ac.jp/timet/English2.pdf;https://kyoumu.office.uec.ac.jp/timet/2gai2.pdf;https://kyoumu.office.uec.ac.jp/timet/B1.pdf;https://kyoumu.office.uec.ac.jp/timet/B2.pdf
1年,学年別,健康実践論,https://kyoumu.office.uec.ac.jp/timet/A1.pdf;https://kyoumu.office.uec.ac.jp/timet/English1.pdf;https://kyoumu.office.uec.ac.jp/timet/2gai1.pdf;https://kyoumu.office.uec.ac.jp/timet/A2.pdf;https://kyoumu.office.uec.ac.jp/timet/English2.pdf;https://kyoumu.office.uec.ac.jp/timet/2gai2.pdf;https://kyoumu.office.uec.ac.jp/timet/B1.pdf;https://kyoumu.office.uec.ac.jp/timet/B2.pdf
1年,学年別,地理学,https://kyoumu.office.uec.ac.jp/timet/A1.pdf;https://kyoumu.office.uec.ac.jp/timet/English1.pdf;https://kyoumu.office.uec.ac.jp/timet/2gai1.pdf;https://kyoumu.office.uec.ac.jp/timet/A2.pdf;https://kyoumu.office.uec.ac.jp/timet/English2.pdf;https://kyoumu.office.uec.ac.jp/timet/2gai2.pdf;https://kyoumu.office.uec.ac.jp/timet/B1.pdf;https://kyoumu.office.uec.ac.jp/timet/B2.pdf
1年,学年別,社会思想史,https://kyoumu.office.uec.ac.jp/timet/A1.pdf;https://kyoumu.office.uec.ac.jp/timet/English1.pdf;https://kyoumu.office.uec.ac.jp/timet/2gai1.pdf;https://kyoumu.office.uec.ac.jp/timet/A2.pdf;https://kyoumu.office.uec.ac.jp/timet/English2.pdf;https://kyoumu.office.uec.ac.jp/timet/2gai2.pdf;https://kyoumu.office.uec.ac.jp/timet/B1.pdf;https://kyoumu.office.uec.ac.jp/timet/B2.pdf
1年,学年別,化学結合と構造,https://kyoumu.office.uec.ac.jp/timet/A1.pdf;https://kyoumu.office.uec.ac.jp/timet/English1.pdf;https://kyoumu.office.uec.ac.jp/timet/2gai1.pdf;https://kyoumu.office.uec.ac.jp/timet/A2.pdf;https://kyoumu.office.uec.ac.jp/timet/English2.pdf;https://kyoumu.office.uec.ac.jp/timet/2gai2.pdf;https://kyoumu.office.uec.ac.jp/timet/B1.pdf;https://kyoumu.office.uec.ac.jp/timet/B2.pdf
1年,学年別,基礎物理学第一,https://kyoumu.office.uec.ac.jp/timet/A1.pdf;https://kyoumu.office.uec.ac.jp/timet/English1.pdf;https://kyoumu.office.uec.ac.jp/timet/2gai1.pdf;https://kyoumu.office.uec.ac.jp/timet/A2.pdf;https://kyoumu.office.uec.ac.jp/timet/English2.pdf;https://kyoumu.office.uec.ac.jp/timet/2gai2.pdf;https://kyoumu.office.uec.ac.jp/timet/B1.pdf;https://kyoumu.office.uec.ac.jp/timet/B2.pdf
1年,学年別,基礎物理学第二,https://kyoumu.office.uec.ac.jp/timet/A1.pdf;https://kyoumu.office.uec.ac.jp/timet/English1.pdf;https://kyoumu.office.uec.ac.jp/timet/2gai1.pdf;https://kyoumu.office.uec.ac.jp/timet/A2.pdf;https://kyoumu.office.uec.ac.jp/timet/English2.pdf;https://kyoumu.office.uec.ac.jp/timet/2gai2.pdf;https://kyoumu.office.uec.ac.jp/timet/B1.pdf;https://kyoumu.office.uec.ac.jp/timet/B2.pdf
1年,学年別,アカデミックリテラシー,https://kyoumu.office.uec.ac.jp/timet/A1.pdf;https://kyoumu.office.uec.ac.jp/timet/English1.pdf;https://kyoumu.office.uec.ac.jp/timet/2gai1.pdf;https://kyoumu.office.uec.ac.jp/timet/A2.pdf;https://kyoumu.office.uec.ac.jp/timet/English2.pdf;https://kyoumu.office.uec.ac.jp/timet/2gai2.pdf;https://kyoumu.office.uec.ac.jp/timet/B1.pdf;https://kyoumu.office.uec.ac.jp/timet/B2.pdf
1年,学年別,倫理学,https://kyoumu.office.uec.ac.jp/timet/A1.pdf;https://kyoumu.office.uec.ac.jp/timet/English1.pdf;https://kyoumu.office.uec.ac.jp/timet/2gai1.pdf;https://kyoumu.office.uec.ac.jp/timet/A2.pdf;https://kyoumu.office.uec.ac.jp/timet/English2.pdf;https://kyoumu.office.uec.ac.jp/timet/2gai2.pdf;https://kyoumu.office.uec.ac.jp/timet/B1.pdf;https://kyoumu.office.uec.ac.jp/timet/B2.pdf
1年,学年別,法学,https://kyoumu.office.uec.ac.jp/timet/A1.pdf;https://kyoumu.office.uec.ac.jp/timet/English1.pdf;https://kyoumu.office.uec.ac.jp/timet/2gai1.pdf;https://kyoumu.office.uec.ac.jp/timet/A2.pdf;https://kyoumu.office.uec.ac.jp/timet/English2.pdf;https://kyoumu.office.uec.ac.jp/timet/2gai2.pdf;https://kyoumu.office.uec.ac.jp/timet/B1.pdf;https://kyoumu.office.uec.ac.jp/timet/B2.pdf
1年,学年別,基礎物理学実験,https://kyoumu.office.uec.ac.jp/timet/A1.pdf;https://kyoumu.office.uec.ac.jp/timet/English1.pdf;https://kyoumu.office.uec.ac.jp/timet/2gai1.pdf;https://kyoumu.office.uec.ac.jp/timet/A2.pdf;https://kyoumu.office.uec.ac.jp/timet/English2.pdf;https://kyoumu.office.uec.ac.jp/timet/2gai2.pdf;https://kyoumu.office.uec.ac.jp/timet/B1.pdf;https://kyoumu.office.uec.ac.jp/timet/B2.pdf
1年,学年別,基礎化学実験,https://kyoumu.office.uec.ac.jp/timet/A1.pdf;https://kyoumu.office.uec.ac.jp/timet/English1.pdf;https://kyoumu.office.uec.ac.jp/timet/2gai1.pdf;https://kyoumu.office.uec.ac.jp/timet/A2.pdf;https://kyoumu.office.uec.ac.jp/timet/English2.pdf;https://kyoumu.office.uec.ac.jp/timet/2gai2.pdf;https://kyoumu.office.uec.ac.jp/timet/B1.pdf;https://kyoumu.office.uec.ac.jp/timet/B2.pdf
2年,学年別,電気・電子回路,https://kyoumu.office.uec.ac.jp/timet/A3.pdf;https://kyoumu.office.uec.ac.jp/timet/English3.pdf;https://kyoumu.office.uec.ac.jp/timet/A4.pdf;https://kyoumu.office.uec.ac.jp/timet/English4.pdf;https://kyoumu.office.uec.ac.jp/timet/B3.pdf;https://kyoumu.office.uec.ac.jp/timet/B4.pdf
2年,学年別,基礎電磁気学,https://kyoumu.office.uec.ac.jp/timet/A3.pdf;https://kyoumu.office.uec.ac.jp/timet/English3.pdf;https://kyoumu.office.uec.ac.jp/timet/A4.pdf;https://kyoumu.office.uec.ac.jp/timet/English4.pdf;https://kyoumu.office.uec.ac.jp/timet/B3.pdf;https://kyoumu.office.uec.ac.jp/timet/B4.pdf
2年,学年別,計算機通論,https://kyoumu.office.uec.ac.jp/timet/A3.pdf;https://kyoumu.office.uec.ac.jp/timet/English3.pdf;https://kyoumu.office.uec.ac.jp/timet/A4.pdf;https://kyoumu.office.uec.ac.jp/timet/English4.pdf;https://kyoumu.office.uec.ac.jp/timet/B3.pdf;https://kyoumu.office.uec.ac.jp/timet/B4.pdf
2年,学年別,基礎演習A,https://kyoumu.office.uec.ac.jp/timet/A3.pdf;https://kyoumu.office.uec.ac.jp/timet/English3.pdf;https://kyoumu.office.uec.ac.jp/timet/A4.pdf;https://kyoumu.office.uec.ac.jp/timet/English4.pdf;https://kyoumu.office.uec.ac.jp/timet/B3.pdf;https://kyoumu.office.uec.ac.jp/timet/B4.pdf
2年,学年別,基礎演習B,https://kyoumu.office.uec.ac.jp/timet/A3.pdf;https://kyoumu.office.uec.ac.jp/timet/English3.pdf;https://kyoumu.office.uec.ac.jp/timet/A4.pdf;https://kyoumu.office.uec.ac.jp/timet/English4.pdf;https://kyoumu.office.uec.ac.jp/timet/B3.pdf;https://kyoumu.office.uec.ac.jp/timet/B4.pdf
2年,学年別,応用数学A,https://kyoumu.office.uec.ac.jp/timet/A3.pdf;https://kyoumu.office.uec.ac.jp/timet/English3.pdf;https://kyoumu.office.uec.ac.jp/timet/A4.pdf;https://kyoumu.office.uec.ac.jp/timet/English4.pdf;https://kyoumu.office.uec.ac.jp/timet/B3.pdf;https://kyoumu.office.uec.ac.jp/timet/B4.pdf
2年,学年別,応用数学B,https://kyoumu.office.uec.ac.jp/timet/A3.pdf;https://kyoumu.office.uec.ac.jp/timet/English3.pdf;https://kyoumu.office.uec.ac.jp/timet/A4.pdf;https://kyoumu.office.uec.ac.jp/timet/English4.pdf;https://kyoumu.office.uec.ac.jp/timet/B3.pdf;https://kyoumu.office.uec.ac.jp/timet/B4.pdf
2年,学年別,基礎電気回路および演習,https://kyoumu.office.uec.ac.jp/timet/A3.pdf;https://kyoumu.office.uec.ac.jp/timet/English3.pdf;https://kyoumu.office.uec.ac.jp/timet/A4.pdf;https://kyoumu.office.uec.ac.jp/timet/English4.pdf;https://kyoumu.office.uec.ac.jp/timet/B3.pdf;https://kyoumu.office.uec.ac.jp/timet/B4.pdf
2年,学年別,確率論,https://kyoumu.office.uec.ac.jp/timet/A3.pdf;https://kyoumu.office.uec.ac.jp/timet/English3.pdf;https://kyoumu.office.uec.ac.jp/timet/A4.pdf;https://kyoumu.office.uec.ac.jp/timet/English4.pdf;https://kyoumu.office.uec.ac.jp/timet/B3.pdf;https://kyoumu.office.uec.ac.jp/timet/B4.pdf
2年,学年別,熱力学,https://kyoumu.office.uec.ac.jp/timet/A3.pdf;https://kyoumu.office.uec.ac.jp/timet/English3.pdf;https://kyoumu.office.uec.ac.jp/timet/A4.pdf;https://kyoumu.office.uec.ac.jp/timet/English4.pdf;https://kyoumu.office.uec.ac.jp/timet/B3.pdf;https://kyoumu.office.uec.ac.jp/timet/B4.pdf
2年,学年別,数値解析,https://kyoumu.office.uec.ac.jp/timet/A3.pdf;https://kyoumu.office.uec.ac.jp/timet/English3.pdf;https://kyoumu.office.uec.ac.jp/timet/A4.pdf;https://kyoumu.office.uec.ac.jp/timet/English4.pdf;https://kyoumu.office.uec.ac.jp/timet/B3.pdf;https://kyoumu.office.uec.ac.jp/timet/B4.pdf
2年,学年別,英語演習,https://kyoumu.office.uec.ac.jp/timet/A3.pdf;https://kyoumu.office.uec.ac.jp/timet/English3.pdf;https://kyoumu.office.uec.ac.jp/timet/A4.pdf;https://kyoumu.office.uec.ac.jp/timet/English4.pdf;https://kyoumu.office.uec.ac.jp/timet/B3.pdf;https://kyoumu.office.uec.ac.jp/timet/B4.pdf
2年,学年別,英語演習（Advanced）,https://kyoumu.office.uec.ac.jp/timet/A3.pdf;https://kyoumu.office.uec.ac.jp/timet/English3.pdf;https://kyoumu.office.uec.ac.jp/timet/A4.pdf;https://kyoumu.office.uec.ac.jp/timet/English4.pdf;https://kyoumu.office.uec.ac.jp/timet/B3.pdf;https://kyoumu.office.uec.ac.jp/timet/B4.pdf
2年,学年別,独語演習,https://kyoumu.office.uec.ac.jp/timet/A3.pdf;https://kyoumu.office.uec.ac.jp/timet/English3.pdf;https://kyoumu.office.uec.ac.jp/timet/A4.pdf;https://kyoumu.office.uec.ac.jp/timet/English4.pdf;https://kyoumu.office.uec.ac.jp/timet/B3.pdf;https://kyoumu.office.uec.ac.jp/timet/B4.pdf
2年,学年別,仏語演習,https://kyoumu.office.uec.ac.jp/timet/A3.pdf;https://kyoumu.office.uec.ac.jp/timet/English3.pdf;https://kyoumu.office.uec.ac.jp/timet/A4.pdf;https://kyoumu.office.uec.ac.jp/timet/English4.pdf;https://kyoumu.office.uec.ac.jp/timet/B3.pdf;https://kyoumu.office.uec.ac.jp/timet/B4.pdf
2年,学年別,露語演習,https://kyoumu.office.uec.ac.jp/timet/A3.pdf;https://kyoumu.office.uec.ac.jp/timet/English3.pdf;https://kyoumu.office.uec.ac.jp/timet/A4.pdf;https://kyoumu.office.uec.ac.jp/timet/English4.pdf;https://kyoumu.office.uec.ac.jp/timet/B3.pdf;https://kyoumu.office.uec.ac.jp/timet/B4.pdf
2年,学年別,中国語演習,https://kyoumu.office.uec.ac.jp/timet/A3.pdf;https://kyoumu.office.uec.ac.jp/timet/English3.pdf;https://kyoumu.office.uec.ac.jp/timet/A4.pdf;https://kyoumu.office.uec.ac.jp/timet/English4.pdf;https://kyoumu.office.uec.ac.jp/timet/B3.pdf;https://kyoumu.office.uec.ac.jp/timet/B4.pdf
2年,学年別,韓国朝鮮語演習,https://kyoumu.office.uec.ac.jp/timet/A3.pdf;https://kyoumu.office.uec.ac.jp/timet/English3.pdf;https://kyoumu.office.uec.ac.jp/timet/A4.pdf;https://kyoumu.office.uec.ac.jp/timet/English4.pdf;https://kyoumu.office.uec.ac.jp/timet/B3.pdf;https://kyoumu.office.uec.ac.jp/timet/B4.pdf
2年,学年別,独語第一（再履）,https://kyoumu.office.uec.ac.jp/timet/A3.pdf;https://kyoumu.office.uec.ac.jp/timet/English3.pdf;https://kyoumu.office.uec.ac.jp/timet/A4.pdf;https://kyoumu.office.uec.ac.jp/timet/English4.pdf;https://kyoumu.office.uec.ac.jp/timet/B3.pdf;https://kyoumu.office.uec.ac.jp/timet/B4.pdf
2年,学年別,仏語第一（再履）,https://kyoumu.office.uec.ac.jp/timet/A3.pdf;https://kyoumu.office.uec.ac.jp/timet/English3.pdf;https://kyoumu.office.uec.ac.jp/timet/A4.pdf;https://kyoumu.office.uec.ac.jp/timet/English4.pdf;https://kyoumu.office.uec.ac.jp/timet/B3.pdf;https://kyoumu.office.uec.ac.jp/timet/B4.pdf
2年,学年別,露語第一（再履）,https://kyoumu.office.uec.ac.jp/timet/A3.pdf;https://kyoumu.office.uec.ac.jp/timet/English3.pdf;https://kyoumu.office.uec.ac.jp/timet/A4.pdf;https://kyoumu.office.uec.ac.jp/timet/English4.pdf;https://kyoumu.office.uec.ac.jp/timet/B3.pdf;https://kyoumu.office.uec.ac.jp/timet/B4.pdf
2年,学年別,中国語第一（再履）,https://kyoumu.office.uec.ac.jp/timet/A3.pdf;https://kyoumu.office.uec.ac.jp/timet/English3.pdf;https://kyoumu.office.uec.ac.jp/timet/A4.pdf;https://kyoumu.office.uec.ac.jp/timet/English4.pdf;https://kyoumu.office.uec.ac.jp/timet/B3.pdf;https://kyoumu.office.uec.ac.jp/timet/B4.pdf
2年,学年別,韓国朝鮮語第一（再履）,https://kyoumu.office.uec.ac.jp/timet/A3.pdf;https://kyoumu.office.uec.ac.jp/timet/English3.pdf;https://kyoumu.office.uec.ac.jp/timet/A4.pdf;https://kyoumu.office.uec.ac.jp/timet/English4.pdf;https://kyoumu.office.uec.ac.jp/timet/B3.pdf;https://kyoumu.office.uec.ac.jp/timet/B4.pdf
2年,学年別,独語第二（再履）,https://kyoumu.office.uec.ac.jp/timet/A3.pdf;https://kyoumu.office.uec.ac.jp/timet/English3.pdf;https://kyoumu.office.uec.ac.jp/timet/A4.pdf;https://kyoumu.office.uec.ac.jp/timet/English4.pdf;https://kyoumu.office.uec.ac.jp/timet/B3.pdf;https://kyoumu.office.uec.ac.jp/timet/B4.pdf
2年,学年別,仏語第二（再履）,https://kyoumu.office.uec.ac.jp/timet/A3.pdf;https://kyoumu.office.uec.ac.jp/timet/English3.pdf;https://kyoumu.office.uec.ac.jp/timet/A4.pdf;https://kyoumu.office.uec.ac.jp/timet/English4.pdf;https://kyoumu.office.uec.ac.jp/timet/B3.pdf;https://kyoumu.office.uec.ac.jp/timet/B4.pdf
2年,学年別,露語第二（再履）,https://kyoumu.office.uec.ac.jp/timet/A3.pdf;https://kyoumu.office.uec.ac.jp/timet/English3.pdf;https://kyoumu.office.uec.ac.jp/timet/A4.pdf;https://kyoumu.office.uec.ac.jp/timet/English4.pdf;https://kyoumu.office.uec.ac.jp/timet/B3.pdf;https://kyoumu.office.uec.ac.jp/timet/B4.pdf
2年,学年別,中国語第二（再履）,https://kyoumu.office.uec.ac.jp/timet/A3.pdf;https://kyoumu.office.uec.ac.jp/timet/English3.pdf;https://kyoumu.office.uec.ac.jp/timet/A4.pdf;https://kyoumu.office.uec.ac.jp/timet/English4.pdf;https://kyoumu.office.uec.ac.jp/timet/B3.pdf;https://kyoumu.office.uec.ac.jp/timet/B4.pdf
2年,学年別,韓国朝鮮語第二（再履）,https://kyoumu.office.uec.ac.jp/timet/A3.pdf;https://kyoumu.office.uec.ac.jp/timet/English3.pdf;https://kyoumu.office.uec.ac.jp/timet/A4.pdf;https://kyoumu.office.uec.ac.jp/timet/English4.pdf;https://kyoumu.office.uec.ac.jp/timet/B3.pdf;https://kyoumu.office.uec.ac.jp/timet/B4.pdf
2年,学年別,Academic English for the Second Year Ⅰ,https://kyoumu.office.uec.ac.jp/timet/A3.pdf;https://kyoumu.office.uec.ac.jp/timet/English3.pdf;https://kyoumu.office.uec.ac.jp/timet/A4.pdf;https://kyoumu.office.uec.ac.jp/timet/English4.pdf;https://kyoumu.office.uec.ac.jp/timet/B3.pdf;https://kyoumu.office.uec.ac.jp/timet/B4.pdf
2年,学年別,Academic English for the Second Year Ⅱ,https://kyoumu.office.uec.ac.jp/timet/A3.pdf;https://kyoumu.office.uec.ac.jp/timet/English3.pdf;https://kyoumu.office.uec.ac.jp/timet/A4.pdf;https://kyoumu.office.uec.ac.jp/timet/English4.pdf;https://kyoumu.office.uec.ac.jp/timet/B3.pdf;https://kyoumu.office.uec.ac.jp/timet/B4.pdf
2年,学年別,離散数学,https://kyoumu.office.uec.ac.jp/timet/A3.pdf;https://kyoumu.office.uec.ac.jp/timet/English3.pdf;https://kyoumu.office.uec.ac.jp/timet/A4.pdf;https://kyoumu.office.uec.ac.jp/timet/English4.pdf;https://kyoumu.office.uec.ac.jp/timet/B3.pdf;https://kyoumu.office.uec.ac.jp/timet/B4.pdf
2年,学年別,波動と光,https://kyoumu.office.uec.ac.jp/timet/A3.pdf;https://kyoumu.office.uec.ac.jp/timet/English3.pdf;https://kyoumu.office.uec.ac.jp/timet/A4.pdf;https://kyoumu.office.uec.ac.jp/timet/English4.pdf;https://kyoumu.office.uec.ac.jp/timet/B3.pdf;https://kyoumu.office.uec.ac.jp/timet/B4.pdf
2年,学年別,生涯スポーツ演習A,https://kyoumu.office.uec.ac.jp/timet/A3.pdf;https://kyoumu.office.uec.ac.jp/timet/English3.pdf;https://kyoumu.office.uec.ac.jp/timet/A4.pdf;https://kyoumu.office.uec.ac.jp/timet/English4.pdf;https://kyoumu.office.uec.ac.jp/timet/B3.pdf;https://kyoumu.office.uec.ac.jp/timet/B4.pdf
2年,学年別,生涯スポーツ演習B,https://kyoumu.office.uec.ac.jp/timet/A3.pdf;https://kyoumu.office.uec.ac.jp/timet/English3.pdf;https://kyoumu.office.uec.ac.jp/timet/A4.pdf;https://kyoumu.office.uec.ac.jp/timet/English4.pdf;https://kyoumu.office.uec.ac.jp/timet/B3.pdf;https://kyoumu.office.uec.ac.jp/timet/B4.pdf
2年,学年別,生涯スポーツ演習C,https://kyoumu.office.uec.ac.jp/timet/A3.pdf;https://kyoumu.office.uec.ac.jp/timet/English3.pdf;https://kyoumu.office.uec.ac.jp/timet/A4.pdf;https://kyoumu.office.uec.ac.jp/timet/English4.pdf;https://kyoumu.office.uec.ac.jp/timet/B3.pdf;https://kyoumu.office.uec.ac.jp/timet/B4.pdf
2年,学年別,生涯スポーツ演習D,https://kyoumu.office.uec.ac.jp/timet/A3.pdf;https://kyoumu.office.uec.ac.jp/timet/English3.pdf;https://kyoumu.office.uec.ac.jp/timet/A4.pdf;https://kyoumu.office.uec.ac.jp/timet/English4.pdf;https://kyoumu.office.uec.ac.jp/timet/B3.pdf;https://kyoumu.office.uec.ac.jp/timet/B4.pdf
2年,学年別,プログラミング通論,https://kyoumu.office.uec.ac.jp/timet/A3.pdf;https://kyoumu.office.uec.ac.jp/timet/English3.pdf;https://kyoumu.office.uec.ac.jp/timet/A4.pdf;https://kyoumu.office.uec.ac.jp/timet/English4.pdf;https://kyoumu.office.uec.ac.jp/timet/B3.pdf;https://kyoumu.office.uec.ac.jp/timet/B4.pdf
2年,学年別,複素関数論,https://kyoumu.office.uec.ac.jp/timet/A3.pdf;https://kyoumu.office.uec.ac.jp/timet/English3.pdf;https://kyoumu.office.uec.ac.jp/timet/A4.pdf;https://kyoumu.office.uec.ac.jp/timet/English4.pdf;https://kyoumu.office.uec.ac.jp/timet/B3.pdf;https://kyoumu.office.uec.ac.jp/timet/B4.pdf
2年,学年別,情報領域演習第二,https://kyoumu.office.uec.ac.jp/timet/A3.pdf;https://kyoumu.office.uec.ac.jp/timet/English3.pdf;https://kyoumu.office.uec.ac.jp/timet/A4.pdf;https://kyoumu.office.uec.ac.jp/timet/English4.pdf;https://kyoumu.office.uec.ac.jp/timet/B3.pdf;https://kyoumu.office.uec.ac.jp/timet/B4.pdf
2年,学年別,情報領域演習第三（Aクラス）,https://kyoumu.office.uec.ac.jp/timet/A3.pdf;https://kyoumu.office.uec.ac.jp/timet/English3.pdf;https://kyoumu.office.uec.ac.jp/timet/A4.pdf;https://kyoumu.office.uec.ac.jp/timet/English4.pdf;https://kyoumu.office.uec.ac.jp/timet/B3.pdf;https://kyoumu.office.uec.ac.jp/timet/B4.pdf
2年,学年別,情報領域演習第三（Bクラス）,https://kyoumu.office.uec.ac.jp/timet/A3.pdf;https://kyoumu.office.uec.ac.jp/timet/English3.pdf;https://kyoumu.office.uec.ac.jp/timet/A4.pdf;https://kyoumu.office.uec.ac.jp/timet/English4.pdf;https://kyoumu.office.uec.ac.jp/timet/B3.pdf;https://kyoumu.office.uec.ac.jp/timet/B4.pdf
2年,学年別,情報領域演習第三（Cクラス）,https://kyoumu.office.uec.ac.jp/timet/A3.pdf;https://kyoumu.office.uec.ac.jp/timet/English3.pdf;https://kyoumu.office.uec.ac.jp/timet/A4.pdf;https://kyoumu.office.uec.ac.jp/timet/English4.pdf;https://kyoumu.office.uec.ac.jp/timet/B3.pdf;https://kyoumu.office.uec.ac.jp/timet/B4.pdf
2年,学年別,プログラミング演習,https://kyoumu.office.uec.ac.jp/timet/A3.pdf;https://kyoumu.office.uec.ac.jp/timet/English3.pdf;https://kyoumu.office.uec.ac.jp/timet/A4.pdf;https://kyoumu.office.uec.ac.jp/timet/English4.pdf;https://kyoumu.office.uec.ac.jp/timet/B3.pdf;https://kyoumu.office.uec.ac.jp/timet/B4.pdf
2年,学年別,経済学A,https://kyoumu.office.uec.ac.jp/timet/A3.pdf;https://kyoumu.office.uec.ac.jp/timet/English3.pdf;https://kyoumu.office.uec.ac.jp/timet/A4.pdf;https://kyoumu.office.uec.ac.jp/timet/English4.pdf;https://kyoumu.office.uec.ac.jp/timet/B3.pdf;https://kyoumu.office.uec.ac.jp/timet/B4.pdf
2年,学年別,技術史,https://kyoumu.office.uec.ac.jp/timet/A3.pdf;https://kyoumu.office.uec.ac.jp/timet/English3.pdf;https://kyoumu.office.uec.ac.jp/timet/A4.pdf;https://kyoumu.office.uec.ac.jp/timet/English4.pdf;https://kyoumu.office.uec.ac.jp/timet/B3.pdf;https://kyoumu.office.uec.ac.jp/timet/B4.pdf
2年,学年別,音楽A,https://kyoumu.office.uec.ac.jp/timet/A3.pdf;https://kyoumu.office.uec.ac.jp/timet/English3.pdf;https://kyoumu.office.uec.ac.jp/timet/A4.pdf;https://kyoumu.office.uec.ac.jp/timet/English4.pdf;https://kyoumu.office.uec.ac.jp/timet/B3.pdf;https://kyoumu.office.uec.ac.jp/timet/B4.pdf
2年,学年別,言語学,https://kyoumu.office.uec.ac.jp/timet/A3.pdf;https://kyoumu.office.uec.ac.jp/timet/English3.pdf;https://kyoumu.office.uec.ac.jp/timet/A4.pdf;https://kyoumu.office.uec.ac.jp/timet/English4.pdf;https://kyoumu.office.uec.ac.jp/timet/B3.pdf;https://kyoumu.office.uec.ac.jp/timet/B4.pdf
2年,学年別,アジアの文化,https://kyoumu.office.uec.ac.jp/timet/A3.pdf;https://kyoumu.office.uec.ac.jp/timet/English3.pdf;https://kyoumu.office.uec.ac.jp/timet/A4.pdf;https://kyoumu.office.uec.ac.jp/timet/English4.pdf;https://kyoumu.office.uec.ac.jp/timet/B3.pdf;https://kyoumu.office.uec.ac.jp/timet/B4.pdf
2年,学年別,外国文学,https://kyoumu.office.uec.ac.jp/timet/A3.pdf;https://kyoumu.office.uec.ac.jp/timet/English3.pdf;https://kyoumu.office.uec.ac.jp/timet/A4.pdf;https://kyoumu.office.uec.ac.jp/timet/English4.pdf;https://kyoumu.office.uec.ac.jp/timet/B3.pdf;https://kyoumu.office.uec.ac.jp/timet/B4.pdf
2年,学年別,論理学,https://kyoumu.office.uec.ac.jp/timet/A3.pdf;https://kyoumu.office.uec.ac.jp/timet/English3.pdf;https://kyoumu.office.uec.ac.jp/timet/A4.pdf;https://kyoumu.office.uec.ac.jp/timet/English4.pdf;https://kyoumu.office.uec.ac.jp/timet/B3.pdf;https://kyoumu.office.uec.ac.jp/timet/B4.pdf
2年,学年別,心理学A,https://kyoumu.office.uec.ac.jp/timet/A3.pdf;https://kyoumu.office.uec.ac.jp/timet/English3.pdf;https://kyoumu.office.uec.ac.jp/timet/A4.pdf;https://kyoumu.office.uec.ac.jp/timet/English4.pdf;https://kyoumu.office.uec.ac.jp/timet/B3.pdf;https://kyoumu.office.uec.ac.jp/timet/B4.pdf
2年,学年別,文化人類学A,https://kyoumu.office.uec.ac.jp/timet/A3.pdf;https://kyoumu.office.uec.ac.jp/timet/English3.pdf;https://kyoumu.office.uec.ac.jp/timet/A4.pdf;https://kyoumu.office.uec.ac.jp/timet/English4.pdf;https://kyoumu.office.uec.ac.jp/timet/B3.pdf;https://kyoumu.office.uec.ac.jp/timet/B4.pdf
2年,学年別,科学史A,https://kyoumu.office.uec.ac.jp/timet/A3.pdf;https://kyoumu.office.uec.ac.jp/timet/English3.pdf;https://kyoumu.office.uec.ac.jp/timet/A4.pdf;https://kyoumu.office.uec.ac.jp/timet/English4.pdf;https://kyoumu.office.uec.ac.jp/timet/B3.pdf;https://kyoumu.office.uec.ac.jp/timet/B4.pdf
2年,学年別,社会学A,https://kyoumu.office.uec.ac.jp/timet/A3.pdf;https://kyoumu.office.uec.ac.jp/timet/English3.pdf;https://kyoumu.office.uec.ac.jp/timet/A4.pdf;https://kyoumu.office.uec.ac.jp/timet/English4.pdf;https://kyoumu.office.uec.ac.jp/timet/B3.pdf;https://kyoumu.office.uec.ac.jp/timet/B4.pdf
2年,学年別,文学A,https://kyoumu.office.uec.ac.jp/timet/A3.pdf;https://kyoumu.office.uec.ac.jp/timet/English3.pdf;https://kyoumu.office.uec.ac.jp/timet/A4.pdf;https://kyoumu.office.uec.ac.jp/timet/English4.pdf;https://kyoumu.office.uec.ac.jp/timet/B3.pdf;https://kyoumu.office.uec.ac.jp/timet/B4.pdf
2年,学年別,法学A,https://kyoumu.office.uec.ac.jp/timet/A3.pdf;https://kyoumu.office.uec.ac.jp/timet/English3.pdf;https://kyoumu.office.uec.ac.jp/timet/A4.pdf;https://kyoumu.office.uec.ac.jp/timet/English4.pdf;https://kyoumu.office.uec.ac.jp/timet/B3.pdf;https://kyoumu.office.uec.ac.jp/timet/B4.pdf
2年,学年別,哲学A,https://kyoumu.office.uec.ac.jp/timet/A3.pdf;https://kyoumu.office.uec.ac.jp/timet/English3.pdf;https://kyoumu.office.uec.ac.jp/timet/A4.pdf;https://kyoumu.office.uec.ac.jp/timet/English4.pdf;https://kyoumu.office.uec.ac.jp/timet/B3.pdf;https://kyoumu.office.uec.ac.jp/timet/B4.pdf
2年,学年別,美術A,https://kyoumu.office.uec.ac.jp/timet/A3.pdf;https://kyoumu.office.uec.ac.jp/timet/English3.pdf;https://kyoumu.office.uec.ac.jp/timet/A4.pdf;https://kyoumu.office.uec.ac.jp/timet/English4.pdf;https://kyoumu.office.uec.ac.jp/timet/B3.pdf;https://kyoumu.office.uec.ac.jp/timet/B4.pdf
2年,学年別,歴史学A,https://kyoumu.office.uec.ac.jp/timet/A3.pdf;https://kyoumu.office.uec.ac.jp/timet/English3.pdf;https://kyoumu.office.uec.ac.jp/timet/A4.pdf;https://kyoumu.office.uec.ac.jp/timet/English4.pdf;https://kyoumu.office.uec.ac.jp/timet/B3.pdf;https://kyoumu.office.uec.ac.jp/timet/B4.pdf
2年,学年別,地理学A,https://kyoumu.office.uec.ac.jp/timet/A3.pdf;https://kyoumu.office.uec.ac.jp/timet/English3.pdf;https://kyoumu.office.uec.ac.jp/timet/A4.pdf;https://kyoumu.office.uec.ac.jp/timet/English4.pdf;https://kyoumu.office.uec.ac.jp/timet/B3.pdf;https://kyoumu.office.uec.ac.jp/timet/B4.pdf
2年,学年別,社会思想史A,https://kyoumu.office.uec.ac.jp/timet/A3.pdf;https://kyoumu.office.uec.ac.jp/timet/English3.pdf;https://kyoumu.office.uec.ac.jp/timet/A4.pdf;https://kyoumu.office.uec.ac.jp/timet/English4.pdf;https://kyoumu.office.uec.ac.jp/timet/B3.pdf;https://kyoumu.office.uec.ac.jp/timet/B4.pdf
2年,学年別,倫理学A,https://kyoumu.office.uec.ac.jp/timet/A3.pdf;https://kyoumu.office.uec.ac.jp/timet/English3.pdf;https://kyoumu.office.uec.ac.jp/timet/A4.pdf;https://kyoumu.office.uec.ac.jp/timet/English4.pdf;https://kyoumu.office.uec.ac.jp/timet/B3.pdf;https://kyoumu.office.uec.ac.jp/timet/B4.pdf
2年,学年別,憲法,https://kyoumu.office.uec.ac.jp/timet/A3.pdf;https://kyoumu.office.uec.ac.jp/timet/English3.pdf;https://kyoumu.office.uec.ac.jp/timet/A4.pdf;https://kyoumu.office.uec.ac.jp/timet/English4.pdf;https://kyoumu.office.uec.ac.jp/timet/B3.pdf;https://kyoumu.office.uec.ac.jp/timet/B4.pdf
2年,学年別,情報処理演習第一（留学生）,https://kyoumu.office.uec.ac.jp/timet/A3.pdf;https://kyoumu.office.uec.ac.jp/timet/English3.pdf;https://kyoumu.office.uec.ac.jp/timet/A4.pdf;https://kyoumu.office.uec.ac.jp/timet/English4.pdf;https://kyoumu.office.uec.ac.jp/timet/B3.pdf;https://kyoumu.office.uec.ac.jp/timet/B4.pdf
2年,学年別,物理学概論第三,https://kyoumu.office.uec.ac.jp/timet/A3.pdf;https://kyoumu.office.uec.ac.jp/timet/English3.pdf;https://kyoumu.office.uec.ac.jp/timet/A4.pdf;https://kyoumu.office.uec.ac.jp/timet/English4.pdf;https://kyoumu.office.uec.ac.jp/timet/B3.pdf;https://kyoumu.office.uec.ac.jp/timet/B4.pdf
2年,学年別,現代数学入門A,https://kyoumu.office.uec.ac.jp/timet/A3.pdf;https://kyoumu.office.uec.ac.jp/timet/English3.pdf;https://kyoumu.office.uec.ac.jp/timet/A4.pdf;https://kyoumu.office.uec.ac.jp/timet/English4.pdf;https://kyoumu.office.uec.ac.jp/timet/B3.pdf;https://kyoumu.office.uec.ac.jp/timet/B4.pdf
2年,学年別,現代数学入門B,https://kyoumu.office.uec.ac.jp/timet/A3.pdf;https://kyoumu.office.uec.ac.jp/timet/English3.pdf;https://kyoumu.office.uec.ac.jp/timet/A4.pdf;https://kyoumu.office.uec.ac.jp/timet/English4.pdf;https://kyoumu.office.uec.ac.jp/timet/B3.pdf;https://kyoumu.office.uec.ac.jp/timet/B4.pdf
2年,学年別,化学とエネルギー,https://kyoumu.office.uec.ac.jp/timet/A3.pdf;https://kyoumu.office.uec.ac.jp/timet/English3.pdf;https://kyoumu.office.uec.ac.jp/timet/A4.pdf;https://kyoumu.office.uec.ac.jp/timet/English4.pdf;https://kyoumu.office.uec.ac.jp/timet/B3.pdf;https://kyoumu.office.uec.ac.jp/timet/B4.pdf
2年,学年別,確率統計,https://kyoumu.office.uec.ac.jp/timet/A3.pdf;https://kyoumu.office.uec.ac.jp/timet/English3.pdf;https://kyoumu.office.uec.ac.jp/timet/A4.pdf;https://kyoumu.office.uec.ac.jp/timet/English4.pdf;https://kyoumu.office.uec.ac.jp/timet/B3.pdf;https://kyoumu.office.uec.ac.jp/timet/B4.pdf
2年,学年別,確率統計（再履）,https://kyoumu.office.uec.ac.jp/timet/A3.pdf;https://kyoumu.office.uec.ac.jp/timet/English3.pdf;https://kyoumu.office.uec.ac.jp/timet/A4.pdf;https://kyoumu.office.uec.ac.jp/timet/English4.pdf;https://kyoumu.office.uec.ac.jp/timet/B3.pdf;https://kyoumu.office.uec.ac.jp/timet/B4.pdf
2年,学年別,論理設計学,https://kyoumu.office.uec.ac.jp/timet/A3.pdf;https://kyoumu.office.uec.ac.jp/timet/English3.pdf;https://kyoumu.office.uec.ac.jp/timet/A4.pdf;https://kyoumu.office.uec.ac.jp/timet/English4.pdf;https://kyoumu.office.uec.ac.jp/timet/B3.pdf;https://kyoumu.office.uec.ac.jp/timet/B4.pdf
2年,学年別,計測工学概論,https://kyoumu.office.uec.ac.jp/timet/A3.pdf;https://kyoumu.office.uec.ac.jp/timet/English3.pdf;https://kyoumu.office.uec.ac.jp/timet/A4.pdf;https://kyoumu.office.uec.ac.jp/timet/English4.pdf;https://kyoumu.office.uec.ac.jp/timet/B3.pdf;https://kyoumu.office.uec.ac.jp/timet/B4.pdf
2年,学年別,工学基礎数学,https://kyoumu.office.uec.ac.jp/timet/A3.pdf;https://kyoumu.office.uec.ac.jp/timet/English3.pdf;https://kyoumu.office.uec.ac.jp/timet/A4.pdf;https://kyoumu.office.uec.ac.jp/timet/English4.pdf;https://kyoumu.office.uec.ac.jp/timet/B3.pdf;https://kyoumu.office.uec.ac.jp/timet/B4.pdf
2年,学年別,総合コミュニケーション科学,https://kyoumu.office.uec.ac.jp/timet/A3.pdf;https://kyoumu.office.uec.ac.jp/timet/English3.pdf;https://kyoumu.office.uec.ac.jp/timet/A4.pdf;https://kyoumu.office.uec.ac.jp/timet/English4.pdf;https://kyoumu.office.uec.ac.jp/timet/B3.pdf;https://kyoumu.office.uec.ac.jp/timet/B4.pdf
2年,学年別,政治学A,https://kyoumu.office.uec.ac.jp/timet/A3.pdf;https://kyoumu.office.uec.ac.jp/timet/English3.pdf;https://kyoumu.office.uec.ac.jp/timet/A4.pdf;https://kyoumu.office.uec.ac.jp/timet/English4.pdf;https://kyoumu.office.uec.ac.jp/timet/B3.pdf;https://kyoumu.office.uec.ac.jp/timet/B4.pdf
2年,学年別,キャリアデザイン,https://kyoumu.office.uec.ac.jp/timet/A3.pdf;https://kyoumu.office.uec.ac.jp/timet/English3.pdf;https://kyoumu.office.uec.ac.jp/timet/A4.pdf;https://kyoumu.office.uec.ac.jp/timet/English4.pdf;https://kyoumu.office.uec.ac.jp/timet/B3.pdf;https://kyoumu.office.uec.ac.jp/timet/B4.pdf
2年,学年別,コンピュータネットワーク,https://kyoumu.office.uec.ac.jp/timet/A3.pdf;https://kyoumu.office.uec.ac.jp/timet/English3.pdf;https://kyoumu.office.uec.ac.jp/timet/A4.pdf;https://kyoumu.office.uec.ac.jp/timet/English4.pdf;https://kyoumu.office.uec.ac.jp/timet/B3.pdf;https://kyoumu.office.uec.ac.jp/timet/B4.pdf
2年,学年別,基礎情報通信,https://kyoumu.office.uec.ac.jp/timet/A3.pdf;https://kyoumu.office.uec.ac.jp/timet/English3.pdf;https://kyoumu.office.uec.ac.jp/timet/A4.pdf;https://kyoumu.office.uec.ac.jp/timet/English4.pdf;https://kyoumu.office.uec.ac.jp/timet/B3.pdf;https://kyoumu.office.uec.ac.jp/timet/B4.pdf
2年,学年別,電磁気学第一,https://kyoumu.office.uec.ac.jp/timet/A3.pdf;https://kyoumu.office.uec.ac.jp/timet/English3.pdf;https://kyoumu.office.uec.ac.jp/timet/A4.pdf;https://kyoumu.office.uec.ac.jp/timet/English4.pdf;https://kyoumu.office.uec.ac.jp/timet/B3.pdf;https://kyoumu.office.uec.ac.jp/timet/B4.pdf
2年,学年別,電磁気学,https://kyoumu.office.uec.ac.jp/timet/A3.pdf;https://kyoumu.office.uec.ac.jp/timet/English3.pdf;https://kyoumu.office.uec.ac.jp/timet/A4.pdf;https://kyoumu.office.uec.ac.jp/timet/English4.pdf;https://kyoumu.office.uec.ac.jp/timet/B3.pdf;https://kyoumu.office.uec.ac.jp/timet/B4.pdf
2年,学年別,電磁気学および演習,https://kyoumu.office.uec.ac.jp/timet/A3.pdf;https://kyoumu.office.uec.ac.jp/timet/English3.pdf;https://kyoumu.office.uec.ac.jp/timet/A4.pdf;https://kyoumu.office.uec.ac.jp/timet/English4.pdf;https://kyoumu.office.uec.ac.jp/timet/B3.pdf;https://kyoumu.office.uec.ac.jp/timet/B4.pdf
2年,学年別,機械計測工学,https://kyoumu.office.uec.ac.jp/timet/A3.pdf;https://kyoumu.office.uec.ac.jp/timet/English3.pdf;https://kyoumu.office.uec.ac.jp/timet/A4.pdf;https://kyoumu.office.uec.ac.jp/timet/English4.pdf;https://kyoumu.office.uec.ac.jp/timet/B3.pdf;https://kyoumu.office.uec.ac.jp/timet/B4.pdf
2年,学年別,分子生物学,https://kyoumu.office.uec.ac.jp/timet/A3.pdf;https://kyoumu.office.uec.ac.jp/timet/English3.pdf;https://kyoumu.office.uec.ac.jp/timet/A4.pdf;https://kyoumu.office.uec.ac.jp/timet/English4.pdf;https://kyoumu.office.uec.ac.jp/timet/B3.pdf;https://kyoumu.office.uec.ac.jp/timet/B4.pdf
2年,学年別,社会情報論,https://kyoumu.office.uec.ac.jp/timet/A3.pdf;https://kyoumu.office.uec.ac.jp/timet/English3.pdf;https://kyoumu.office.uec.ac.jp/timet/A4.pdf;https://kyoumu.office.uec.ac.jp/timet/English4.pdf;https://kyoumu.office.uec.ac.jp/timet/B3.pdf;https://kyoumu.office.uec.ac.jp/timet/B4.pdf
2年,学年別,統計学,https://kyoumu.office.uec.ac.jp/timet/A3.pdf;https://kyoumu.office.uec.ac.jp/timet/English3.pdf;https://kyoumu.office.uec.ac.jp/timet/A4.pdf;https://kyoumu.office.uec.ac.jp/timet/English4.pdf;https://kyoumu.office.uec.ac.jp/timet/B3.pdf;https://kyoumu.office.uec.ac.jp/timet/B4.pdf
2年,学年別,論理回路学,https://kyoumu.office.uec.ac.jp/timet/A3.pdf;https://kyoumu.office.uec.ac.jp/timet/English3.pdf;https://kyoumu.office.uec.ac.jp/timet/A4.pdf;https://kyoumu.office.uec.ac.jp/timet/English4.pdf;https://kyoumu.office.uec.ac.jp/timet/B3.pdf;https://kyoumu.office.uec.ac.jp/timet/B4.pdf
2年,学年別,基礎電子回路,https://kyoumu.office.uec.ac.jp/timet/A3.pdf;https://kyoumu.office.uec.ac.jp/timet/English3.pdf;https://kyoumu.office.uec.ac.jp/timet/A4.pdf;https://kyoumu.office.uec.ac.jp/timet/English4.pdf;https://kyoumu.office.uec.ac.jp/timet/B3.pdf;https://kyoumu.office.uec.ac.jp/timet/B4.pdf
2年,学年別,独語運用演習,https://kyoumu.office.uec.ac.jp/timet/A3.pdf;https://kyoumu.office.uec.ac.jp/timet/English3.pdf;https://kyoumu.office.uec.ac.jp/timet/A4.pdf;https://kyoumu.office.uec.ac.jp/timet/English4.pdf;https://kyoumu.office.uec.ac.jp/timet/B3.pdf;https://kyoumu.office.uec.ac.jp/timet/B4.pdf
2年,学年別,仏語運用演習,https://kyoumu.office.uec.ac.jp/timet/A3.pdf;https://kyoumu.office.uec.ac.jp/timet/English3.pdf;https://kyoumu.office.uec.ac.jp/timet/A4.pdf;https://kyoumu.office.uec.ac.jp/timet/English4.pdf;https://kyoumu.office.uec.ac.jp/timet/B3.pdf;https://kyoumu.office.uec.ac.jp/timet/B4.pdf
2年,学年別,露語運用演習,https://kyoumu.office.uec.ac.jp/timet/A3.pdf;https://kyoumu.office.uec.ac.jp/timet/English3.pdf;https://kyoumu.office.uec.ac.jp/timet/A4.pdf;https://kyoumu.office.uec.ac.jp/timet/English4.pdf;https://kyoumu.office.uec.ac.jp/timet/B3.pdf;https://kyoumu.office.uec.ac.jp/timet/B4.pdf
2年,学年別,中国語運用演習,https://kyoumu.office.uec.ac.jp/timet/A3.pdf;https://kyoumu.office.uec.ac.jp/timet/English3.pdf;https://kyoumu.office.uec.ac.jp/timet/A4.pdf;https://kyoumu.office.uec.ac.jp/timet/English4.pdf;https://kyoumu.office.uec.ac.jp/timet/B3.pdf;https://kyoumu.office.uec.ac.jp/timet/B4.pdf
2年,学年別,韓国朝鮮語運用演習,https://kyoumu.office.uec.ac.jp/timet/A3.pdf;https://kyoumu.office.uec.ac.jp/timet/English3.pdf;https://kyoumu.office.uec.ac.jp/timet/A4.pdf;https://kyoumu.office.uec.ac.jp/timet/English4.pdf;https://kyoumu.office.uec.ac.jp/timet/B3.pdf;https://kyoumu.office.uec.ac.jp/timet/B4.pdf
2年,学年別,無機化学,https://kyoumu.office.uec.ac.jp/timet/A3.pdf;https://kyoumu.office.uec.ac.jp/timet/English3.pdf;https://kyoumu.office.uec.ac.jp/timet/A4.pdf;https://kyoumu.office.uec.ac.jp/timet/English4.pdf;https://kyoumu.office.uec.ac.jp/timet/B3.pdf;https://kyoumu.office.uec.ac.jp/timet/B4.pdf
2年,学年別,基礎物理化学,https://kyoumu.office.uec.ac.jp/timet/A3.pdf;https://kyoumu.office.uec.ac.jp/timet/English3.pdf;https://kyoumu.office.uec.ac.jp/timet/A4.pdf;https://kyoumu.office.uec.ac.jp/timet/English4.pdf;https://kyoumu.office.uec.ac.jp/timet/B3.pdf;https://kyoumu.office.uec.ac.jp/timet/B4.pdf
2年,学年別,品質管理第一,https://kyoumu.office.uec.ac.jp/timet/A3.pdf;https://kyoumu.office.uec.ac.jp/timet/English3.pdf;https://kyoumu.office.uec.ac.jp/timet/A4.pdf;https://kyoumu.office.uec.ac.jp/timet/English4.pdf;https://kyoumu.office.uec.ac.jp/timet/B3.pdf;https://kyoumu.office.uec.ac.jp/timet/B4.pdf
2年,学年別,数値計算,https://kyoumu.office.uec.ac.jp/timet/A3.pdf;https://kyoumu.office.uec.ac.jp/timet/English3.pdf;https://kyoumu.office.uec.ac.jp/timet/A4.pdf;https://kyoumu.office.uec.ac.jp/timet/English4.pdf;https://kyoumu.office.uec.ac.jp/timet/B3.pdf;https://kyoumu.office.uec.ac.jp/timet/B4.pdf
2年,学年別,アルゴリズム論第一,https://kyoumu.office.uec.ac.jp/timet/A3.pdf;https://kyoumu.office.uec.ac.jp/timet/English3.pdf;https://kyoumu.office.uec.ac.jp/timet/A4.pdf;https://kyoumu.office.uec.ac.jp/timet/English4.pdf;https://kyoumu.office.uec.ac.jp/timet/B3.pdf;https://kyoumu.office.uec.ac.jp/timet/B4.pdf
2年,学年別,計算機アーキテクチャー,https://kyoumu.office.uec.ac.jp/timet/A3.pdf;https://kyoumu.office.uec.ac.jp/timet/English3.pdf;https://kyoumu.office.uec.ac.jp/timet/A4.pdf;https://kyoumu.office.uec.ac.jp/timet/English4.pdf;https://kyoumu.office.uec.ac.jp/timet/B3.pdf;https://kyoumu.office.uec.ac.jp/timet/B4.pdf
2年,学年別,数理統計,https://kyoumu.office.uec.ac.jp/timet/A3.pdf;https://kyoumu.office.uec.ac.jp/timet/English3.pdf;https://kyoumu.office.uec.ac.jp/timet/A4.pdf;https://kyoumu.office.uec.ac.jp/timet/English4.pdf;https://kyoumu.office.uec.ac.jp/timet/B3.pdf;https://kyoumu.office.uec.ac.jp/timet/B4.pdf
2年,学年別,心理学B,https://kyoumu.office.uec.ac.jp/timet/A3.pdf;https://kyoumu.office.uec.ac.jp/timet/English3.pdf;https://kyoumu.office.uec.ac.jp/timet/A4.pdf;https://kyoumu.office.uec.ac.jp/timet/English4.pdf;https://kyoumu.office.uec.ac.jp/timet/B3.pdf;https://kyoumu.office.uec.ac.jp/timet/B4.pdf
2年,学年別,哲学B,https://kyoumu.office.uec.ac.jp/timet/A3.pdf;https://kyoumu.office.uec.ac.jp/timet/English3.pdf;https://kyoumu.office.uec.ac.jp/timet/A4.pdf;https://kyoumu.office.uec.ac.jp/timet/English4.pdf;https://kyoumu.office.uec.ac.jp/timet/B3.pdf;https://kyoumu.office.uec.ac.jp/timet/B4.pdf
2年,学年別,音楽B,https://kyoumu.office.uec.ac.jp/timet/A3.pdf;https://kyoumu.office.uec.ac.jp/timet/English3.pdf;https://kyoumu.office.uec.ac.jp/timet/A4.pdf;https://kyoumu.office.uec.ac.jp/timet/English4.pdf;https://kyoumu.office.uec.ac.jp/timet/B3.pdf;https://kyoumu.office.uec.ac.jp/timet/B4.pdf
2年,学年別,地理学B,https://kyoumu.office.uec.ac.jp/timet/A3.pdf;https://kyoumu.office.uec.ac.jp/timet/English3.pdf;https://kyoumu.office.uec.ac.jp/timet/A4.pdf;https://kyoumu.office.uec.ac.jp/timet/English4.pdf;https://kyoumu.office.uec.ac.jp/timet/B3.pdf;https://kyoumu.office.uec.ac.jp/timet/B4.pdf
2年,学年別,倫理学B,https://kyoumu.office.uec.ac.jp/timet/A3.pdf;https://kyoumu.office.uec.ac.jp/timet/English3.pdf;https://kyoumu.office.uec.ac.jp/timet/A4.pdf;https://kyoumu.office.uec.ac.jp/timet/English4.pdf;https://kyoumu.office.uec.ac.jp/timet/B3.pdf;https://kyoumu.office.uec.ac.jp/timet/B4.pdf
2年,学年別,美術B,https://kyoumu.office.uec.ac.jp/timet/A3.pdf;https://kyoumu.office.uec.ac.jp/timet/English3.pdf;https://kyoumu.office.uec.ac.jp/timet/A4.pdf;https://kyoumu.office.uec.ac.jp/timet/English4.pdf;https://kyoumu.office.uec.ac.jp/timet/B3.pdf;https://kyoumu.office.uec.ac.jp/timet/B4.pdf
2年,学年別,科学史B,https://kyoumu.office.uec.ac.jp/timet/A3.pdf;https://kyoumu.office.uec.ac.jp/timet/English3.pdf;https://kyoumu.office.uec.ac.jp/timet/A4.pdf;https://kyoumu.office.uec.ac.jp/timet/English4.pdf;https://kyoumu.office.uec.ac.jp/timet/B3.pdf;https://kyoumu.office.uec.ac.jp/timet/B4.pdf
2年,学年別,経済学B,https://kyoumu.office.uec.ac.jp/timet/A3.pdf;https://kyoumu.office.uec.ac.jp/timet/English3.pdf;https://kyoumu.office.uec.ac.jp/timet/A4.pdf;https://kyoumu.office.uec.ac.jp/timet/English4.pdf;https://kyoumu.office.uec.ac.jp/timet/B3.pdf;https://kyoumu.office.uec.ac.jp/timet/B4.pdf
2年,学年別,法学B,https://kyoumu.office.uec.ac.jp/timet/A3.pdf;https://kyoumu.office.uec.ac.jp/timet/English3.pdf;https://kyoumu.office.uec.ac.jp/timet/A4.pdf;https://kyoumu.office.uec.ac.jp/timet/English4.pdf;https://kyoumu.office.uec.ac.jp/timet/B3.pdf;https://kyoumu.office.uec.ac.jp/timet/B4.pdf
2年,学年別,文学B,https://kyoumu.office.uec.ac.jp/timet/A3.pdf;https://kyoumu.office.uec.ac.jp/timet/English3.pdf;https://kyoumu.office.uec.ac.jp/timet/A4.pdf;https://kyoumu.office.uec.ac.jp/timet/English4.pdf;https://kyoumu.office.uec.ac.jp/timet/B3.pdf;https://kyoumu.office.uec.ac.jp/timet/B4.pdf
2年,学年別,社会学B,https://kyoumu.office.uec.ac.jp/timet/A3.pdf;https://kyoumu.office.uec.ac.jp/timet/English3.pdf;https://kyoumu.office.uec.ac.jp/timet/A4.pdf;https://kyoumu.office.uec.ac.jp/timet/English4.pdf;https://kyoumu.office.uec.ac.jp/timet/B3.pdf;https://kyoumu.office.uec.ac.jp/timet/B4.pdf
2年,学年別,文化人類学B,https://kyoumu.office.uec.ac.jp/timet/A3.pdf;https://kyoumu.office.uec.ac.jp/timet/English3.pdf;https://kyoumu.office.uec.ac.jp/timet/A4.pdf;https://kyoumu.office.uec.ac.jp/timet/English4.pdf;https://kyoumu.office.uec.ac.jp/timet/B3.pdf;https://kyoumu.office.uec.ac.jp/timet/B4.pdf
2年,学年別,生産管理,https://kyoumu.office.uec.ac.jp/timet/A3.pdf;https://kyoumu.office.uec.ac.jp/timet/English3.pdf;https://kyoumu.office.uec.ac.jp/timet/A4.pdf;https://kyoumu.office.uec.ac.jp/timet/English4.pdf;https://kyoumu.office.uec.ac.jp/timet/B3.pdf;https://kyoumu.office.uec.ac.jp/timet/B4.pdf
2年,学年別,回路システム学第一,https://kyoumu.office.uec.ac.jp/timet/A3.pdf;https://kyoumu.office.uec.ac.jp/timet/English3.pdf;https://kyoumu.office.uec.ac.jp/timet/A4.pdf;https://kyoumu.office.uec.ac.jp/timet/English4.pdf;https://kyoumu.office.uec.ac.jp/timet/B3.pdf;https://kyoumu.office.uec.ac.jp/timet/B4.pdf
2年,学年別,メカノデザイン,https://kyoumu.office.uec.ac.jp/timet/A3.pdf;https://kyoumu.office.uec.ac.jp/timet/English3.pdf;https://kyoumu.office.uec.ac.jp/timet/A4.pdf;https://kyoumu.office.uec.ac.jp/timet/English4.pdf;https://kyoumu.office.uec.ac.jp/timet/B3.pdf;https://kyoumu.office.uec.ac.jp/timet/B4.pdf
2年,学年別,生物学,https://kyoumu.office.uec.ac.jp/timet/A3.pdf;https://kyoumu.office.uec.ac.jp/timet/English3.pdf;https://kyoumu.office.uec.ac.jp/timet/A4.pdf;https://kyoumu.office.uec.ac.jp/timet/English4.pdf;https://kyoumu.office.uec.ac.jp/timet/B3.pdf;https://kyoumu.office.uec.ac.jp/timet/B4.pdf
2年,学年別,材料化学,https://kyoumu.office.uec.ac.jp/timet/A3.pdf;https://kyoumu.office.uec.ac.jp/timet/English3.pdf;https://kyoumu.office.uec.ac.jp/timet/A4.pdf;https://kyoumu.office.uec.ac.jp/timet/English4.pdf;https://kyoumu.office.uec.ac.jp/timet/B3.pdf;https://kyoumu.office.uec.ac.jp/timet/B4.pdf
2年,学年別,宇宙・地球科学,https://kyoumu.office.uec.ac.jp/timet/A3.pdf;https://kyoumu.office.uec.ac.jp/timet/English3.pdf;https://kyoumu.office.uec.ac.jp/timet/A4.pdf;https://kyoumu.office.uec.ac.jp/timet/English4.pdf;https://kyoumu.office.uec.ac.jp/timet/B3.pdf;https://kyoumu.office.uec.ac.jp/timet/B4.pdf
2年,学年別,オペレーションズ・リサーチ基礎,https://kyoumu.office.uec.ac.jp/timet/A3.pdf;https://kyoumu.office.uec.ac.jp/timet/English3.pdf;https://kyoumu.office.uec.ac.jp/timet/A4.pdf;https://kyoumu.office.uec.ac.jp/timet/English4.pdf;https://kyoumu.office.uec.ac.jp/timet/B3.pdf;https://kyoumu.office.uec.ac.jp/timet/B4.pdf
2年,学年別,形式言語理論,https://kyoumu.office.uec.ac.jp/timet/A3.pdf;https://kyoumu.office.uec.ac.jp/timet/English3.pdf;https://kyoumu.office.uec.ac.jp/timet/A4.pdf;https://kyoumu.office.uec.ac.jp/timet/English4.pdf;https://kyoumu.office.uec.ac.jp/timet/B3.pdf;https://kyoumu.office.uec.ac.jp/timet/B4.pdf
2年,学年別,材料力学,https://kyoumu.office.uec.ac.jp/timet/A3.pdf;https://kyoumu.office.uec.ac.jp/timet/English3.pdf;https://kyoumu.office.uec.ac.jp/timet/A4.pdf;https://kyoumu.office.uec.ac.jp/timet/English4.pdf;https://kyoumu.office.uec.ac.jp/timet/B3.pdf;https://kyoumu.office.uec.ac.jp/timet/B4.pdf
2年,学年別,機械力学,https://kyoumu.office.uec.ac.jp/timet/A3.pdf;https://kyoumu.office.uec.ac.jp/timet/English3.pdf;https://kyoumu.office.uec.ac.jp/timet/A4.pdf;https://kyoumu.office.uec.ac.jp/timet/English4.pdf;https://kyoumu.office.uec.ac.jp/timet/B3.pdf;https://kyoumu.office.uec.ac.jp/timet/B4.pdf
2年,学年別,応用数学第一,https://kyoumu.office.uec.ac.jp/timet/A3.pdf;https://kyoumu.office.uec.ac.jp/timet/English3.pdf;https://kyoumu.office.uec.ac.jp/timet/A4.pdf;https://kyoumu.office.uec.ac.jp/timet/English4.pdf;https://kyoumu.office.uec.ac.jp/timet/B3.pdf;https://kyoumu.office.uec.ac.jp/timet/B4.pdf
2年,学年別,理工学基礎実験,https://kyoumu.office.uec.ac.jp/timet/A3.pdf;https://kyoumu.office.uec.ac.jp/timet/English3.pdf;https://kyoumu.office.uec.ac.jp/timet/A4.pdf;https://kyoumu.office.uec.ac.jp/timet/English4.pdf;https://kyoumu.office.uec.ac.jp/timet/B3.pdf;https://kyoumu.office.uec.ac.jp/timet/B4.pdf
2年,学年別,基礎電子工学,https://kyoumu.office.uec.ac.jp/timet/A3.pdf;https://kyoumu.office.uec.ac.jp/timet/English3.pdf;https://kyoumu.office.uec.ac.jp/timet/A4.pdf;https://kyoumu.office.uec.ac.jp/timet/English4.pdf;https://kyoumu.office.uec.ac.jp/timet/B3.pdf;https://kyoumu.office.uec.ac.jp/timet/B4.pdf
2年,学年別,ビジネスPBL,https://kyoumu.office.uec.ac.jp/timet/A3.pdf;https://kyoumu.office.uec.ac.jp/timet/English3.pdf;https://kyoumu.office.uec.ac.jp/timet/A4.pdf;https://kyoumu.office.uec.ac.jp/timet/English4.pdf;https://kyoumu.office.uec.ac.jp/timet/B3.pdf;https://kyoumu.office.uec.ac.jp/timet/B4.pdf
2年,学年別,アルゴリズムとデータ構造およびプログラミング演習,https://kyoumu.office.uec.ac.jp/timet/A3.pdf;https://kyoumu.office.uec.ac.jp/timet/English3.pdf;https://kyoumu.office.uec.ac.jp/timet/A4.pdf;https://kyoumu.office.uec.ac.jp/timet/English4.pdf;https://kyoumu.office.uec.ac.jp/timet/B3.pdf;https://kyoumu.office.uec.ac.jp/timet/B4.pdf
2年,学年別,計算機工学,https://kyoumu.office.uec.ac.jp/timet/A3.pdf;https://kyoumu.office.uec.ac.jp/timet/English3.pdf;https://kyoumu.office.uec.ac.jp/timet/A4.pdf;https://kyoumu.office.uec.ac.jp/timet/English4.pdf;https://kyoumu.office.uec.ac.jp/timet/B3.pdf;https://kyoumu.office.uec.ac.jp/timet/B4.pdf
2年,学年別,コンピュータ設計論,https://kyoumu.office.uec.ac.jp/timet/A3.pdf;https://kyoumu.office.uec.ac.jp/timet/English3.pdf;https://kyoumu.office.uec.ac.jp/timet/A4.pdf;https://kyoumu.office.uec.ac.jp/timet/English4.pdf;https://kyoumu.office.uec.ac.jp/timet/B3.pdf;https://kyoumu.office.uec.ac.jp/timet/B4.pdf
2年,学年別,メディア情報学プログラミング演習,https://kyoumu.office.uec.ac.jp/timet/A3.pdf;https://kyoumu.office.uec.ac.jp/timet/English3.pdf;https://kyoumu.office.uec.ac.jp/timet/A4.pdf;https://kyoumu.office.uec.ac.jp/timet/English4.pdf;https://kyoumu.office.uec.ac.jp/timet/B3.pdf;https://kyoumu.office.uec.ac.jp/timet/B4.pdf
2年,学年別,学域特別講義B（日本音楽出版社協会寄附講座（協力：MUSIC WAY PROJECT））,https://kyoumu.office.uec.ac.jp/timet/A3.pdf;https://kyoumu.office.uec.ac.jp/timet/English3.pdf;https://kyoumu.office.uec.ac.jp/timet/A4.pdf;https://kyoumu.office.uec.ac.jp/timet/English4.pdf;https://kyoumu.office.uec.ac.jp/timet/B3.pdf;https://kyoumu.office.uec.ac.jp/timet/B4.pdf
2年,学年別,応用数学第二,https://kyoumu.office.uec.ac.jp/timet/A3.pdf;https://kyoumu.office.uec.ac.jp/timet/English3.pdf;https://kyoumu.office.uec.ac.jp/timet/A4.pdf;https://kyoumu.office.uec.ac.jp/timet/English4.pdf;https://kyoumu.office.uec.ac.jp/timet/B3.pdf;https://kyoumu.office.uec.ac.jp/timet/B4.pdf
2年,学年別,基礎解析学,https://kyoumu.office.uec.ac.jp/timet/A3.pdf;https://kyoumu.office.uec.ac.jp/timet/English3.pdf;https://kyoumu.office.uec.ac.jp/timet/A4.pdf;https://kyoumu.office.uec.ac.jp/timet/English4.pdf;https://kyoumu.office.uec.ac.jp/timet/B3.pdf;https://kyoumu.office.uec.ac.jp/timet/B4.pdf
2年,学年別,地理学,https://kyoumu.office.uec.ac.jp/timet/A3.pdf;https://kyoumu.office.uec.ac.jp/timet/English3.pdf;https://kyoumu.office.uec.ac.jp/timet/A4.pdf;https://kyoumu.office.uec.ac.jp/timet/English4.pdf;https://kyoumu.office.uec.ac.jp/timet/B3.pdf;https://kyoumu.office.uec.ac.jp/timet/B4.pdf
2年,学年別,社会思想史,https://kyoumu.office.uec.ac.jp/timet/A3.pdf;https://kyoumu.office.uec.ac.jp/timet/English3.pdf;https://kyoumu.office.uec.ac.jp/timet/A4.pdf;https://kyoumu.office.uec.ac.jp/timet/English4.pdf;https://kyoumu.office.uec.ac.jp/timet/B3.pdf;https://kyoumu.office.uec.ac.jp/timet/B4.pdf
2年,学年別,プログラミング通論および演習,https://kyoumu.office.uec.ac.jp/timet/A3.pdf;https://kyoumu.office.uec.ac.jp/timet/English3.pdf;https://kyoumu.office.uec.ac.jp/timet/A4.pdf;https://kyoumu.office.uec.ac.jp/timet/English4.pdf;https://kyoumu.office.uec.ac.jp/timet/B3.pdf;https://kyoumu.office.uec.ac.jp/timet/B4.pdf
2年,学年別,環境科学,https://kyoumu.office.uec.ac.jp/timet/A3.pdf;https://kyoumu.office.uec.ac.jp/timet/English3.pdf;https://kyoumu.office.uec.ac.jp/timet/A4.pdf;https://kyoumu.office.uec.ac.jp/timet/English4.pdf;https://kyoumu.office.uec.ac.jp/timet/B3.pdf;https://kyoumu.office.uec.ac.jp/timet/B4.pdf
2年,学年別,基礎物理学第三,https://kyoumu.office.uec.ac.jp/timet/A3.pdf;https://kyoumu.office.uec.ac.jp/timet/English3.pdf;https://kyoumu.office.uec.ac.jp/timet/A4.pdf;https://kyoumu.office.uec.ac.jp/timet/English4.pdf;https://kyoumu.office.uec.ac.jp/timet/B3.pdf;https://kyoumu.office.uec.ac.jp/timet/B4.pdf
2年,学年別,応用幾何学,https://kyoumu.office.uec.ac.jp/timet/A3.pdf;https://kyoumu.office.uec.ac.jp/timet/English3.pdf;https://kyoumu.office.uec.ac.jp/timet/A4.pdf;https://kyoumu.office.uec.ac.jp/timet/English4.pdf;https://kyoumu.office.uec.ac.jp/timet/B3.pdf;https://kyoumu.office.uec.ac.jp/timet/B4.pdf
2年,学年別,アルゴリズム・データ構造および演習,https://kyoumu.office.uec.ac.jp/timet/A3.pdf;https://kyoumu.office.uec.ac.jp/timet/English3.pdf;https://kyoumu.office.uec.ac.jp/timet/A4.pdf;https://kyoumu.office.uec.ac.jp/timet/English4.pdf;https://kyoumu.office.uec.ac.jp/timet/B3.pdf;https://kyoumu.office.uec.ac.jp/timet/B4.pdf
2年,学年別,応用代数学,https://kyoumu.office.uec.ac.jp/timet/A3.pdf;https://kyoumu.office.uec.ac.jp/timet/English3.pdf;https://kyoumu.office.uec.ac.jp/timet/A4.pdf;https://kyoumu.office.uec.ac.jp/timet/English4.pdf;https://kyoumu.office.uec.ac.jp/timet/B3.pdf;https://kyoumu.office.uec.ac.jp/timet/B4.pdf
2年,学年別,倫理学,https://kyoumu.office.uec.ac.jp/timet/A3.pdf;https://kyoumu.office.uec.ac.jp/timet/English3.pdf;https://kyoumu.office.uec.ac.jp/timet/A4.pdf;https://kyoumu.office.uec.ac.jp/timet/English4.pdf;https://kyoumu.office.uec.ac.jp/timet/B3.pdf;https://kyoumu.office.uec.ac.jp/timet/B4.pdf
2年,学年別,法学,https://kyoumu.office.uec.ac.jp/timet/A3.pdf;https://kyoumu.office.uec.ac.jp/timet/English3.pdf;https://kyoumu.office.uec.ac.jp/timet/A4.pdf;https://kyoumu.office.uec.ac.jp/timet/English4.pdf;https://kyoumu.office.uec.ac.jp/timet/B3.pdf;https://kyoumu.office.uec.ac.jp/timet/B4.pdf
2年,学年別,電気回路学および演習,https://kyoumu.office.uec.ac.jp/timet/A3.pdf;https://kyoumu.office.uec.ac.jp/timet/English3.pdf;https://kyoumu.office.uec.ac.jp/timet/A4.pdf;https://kyoumu.office.uec.ac.jp/timet/English4.pdf;https://kyoumu.office.uec.ac.jp/timet/B3.pdf;https://kyoumu.office.uec.ac.jp/timet/B4.pdf
3年,学年別,キャリア教育リーダー,https://kyoumu.office.uec.ac.jp/timet/A5.pdf;https://kyoumu.office.uec.ac.jp/timet/jyoukyu7.pdf;https://kyoumu.office.uec.ac.jp/timet/A6.pdf;https://kyoumu.office.uec.ac.jp/timet/jyoukyu8.pdf;https://kyoumu.office.uec.ac.jp/timet/B5.pdf;https://kyoumu.office.uec.ac.jp/timet/B6.pdf
3年,学年別,メディア分析法,https://kyoumu.office.uec.ac.jp/timet/A5.pdf;https://kyoumu.office.uec.ac.jp/timet/jyoukyu7.pdf;https://kyoumu.office.uec.ac.jp/timet/A6.pdf;https://kyoumu.office.uec.ac.jp/timet/jyoukyu8.pdf;https://kyoumu.office.uec.ac.jp/timet/B5.pdf;https://kyoumu.office.uec.ac.jp/timet/B6.pdf
3年,学年別,情報通信システム,https://kyoumu.office.uec.ac.jp/timet/A5.pdf;https://kyoumu.office.uec.ac.jp/timet/jyoukyu7.pdf;https://kyoumu.office.uec.ac.jp/timet/A6.pdf;https://kyoumu.office.uec.ac.jp/timet/jyoukyu8.pdf;https://kyoumu.office.uec.ac.jp/timet/B5.pdf;https://kyoumu.office.uec.ac.jp/timet/B6.pdf
3年,学年別,設計基礎工学,https://kyoumu.office.uec.ac.jp/timet/A5.pdf;https://kyoumu.office.uec.ac.jp/timet/jyoukyu7.pdf;https://kyoumu.office.uec.ac.jp/timet/A6.pdf;https://kyoumu.office.uec.ac.jp/timet/jyoukyu8.pdf;https://kyoumu.office.uec.ac.jp/timet/B5.pdf;https://kyoumu.office.uec.ac.jp/timet/B6.pdf
3年,学年別,メディアリテラシー,https://kyoumu.office.uec.ac.jp/timet/A5.pdf;https://kyoumu.office.uec.ac.jp/timet/jyoukyu7.pdf;https://kyoumu.office.uec.ac.jp/timet/A6.pdf;https://kyoumu.office.uec.ac.jp/timet/jyoukyu8.pdf;https://kyoumu.office.uec.ac.jp/timet/B5.pdf;https://kyoumu.office.uec.ac.jp/timet/B6.pdf
3年,学年別,統計学第二,https://kyoumu.office.uec.ac.jp/timet/A5.pdf;https://kyoumu.office.uec.ac.jp/timet/jyoukyu7.pdf;https://kyoumu.office.uec.ac.jp/timet/A6.pdf;https://kyoumu.office.uec.ac.jp/timet/jyoukyu8.pdf;https://kyoumu.office.uec.ac.jp/timet/B5.pdf;https://kyoumu.office.uec.ac.jp/timet/B6.pdf
3年,学年別,オペレーティングシステム,https://kyoumu.office.uec.ac.jp/timet/A5.pdf;https://kyoumu.office.uec.ac.jp/timet/jyoukyu7.pdf;https://kyoumu.office.uec.ac.jp/timet/A6.pdf;https://kyoumu.office.uec.ac.jp/timet/jyoukyu8.pdf;https://kyoumu.office.uec.ac.jp/timet/B5.pdf;https://kyoumu.office.uec.ac.jp/timet/B6.pdf
3年,学年別,信号処理論,https://kyoumu.office.uec.ac.jp/timet/A5.pdf;https://kyoumu.office.uec.ac.jp/timet/jyoukyu7.pdf;https://kyoumu.office.uec.ac.jp/timet/A6.pdf;https://kyoumu.office.uec.ac.jp/timet/jyoukyu8.pdf;https://kyoumu.office.uec.ac.jp/timet/B5.pdf;https://kyoumu.office.uec.ac.jp/timet/B6.pdf
3年,学年別,信号処理論（情報通信工学・電子情報学プログラム 学籍奇数）,https://kyoumu.office.uec.ac.jp/timet/A5.pdf;https://kyoumu.office.uec.ac.jp/timet/jyoukyu7.pdf;https://kyoumu.office.uec.ac.jp/timet/A6.pdf;https://kyoumu.office.uec.ac.jp/timet/jyoukyu8.pdf;https://kyoumu.office.uec.ac.jp/timet/B5.pdf;https://kyoumu.office.uec.ac.jp/timet/B6.pdf
3年,学年別,信号処理論（情報通信工学・電子情報学プログラム 学籍偶数）,https://kyoumu.office.uec.ac.jp/timet/A5.pdf;https://kyoumu.office.uec.ac.jp/timet/jyoukyu7.pdf;https://kyoumu.office.uec.ac.jp/timet/A6.pdf;https://kyoumu.office.uec.ac.jp/timet/jyoukyu8.pdf;https://kyoumu.office.uec.ac.jp/timet/B5.pdf;https://kyoumu.office.uec.ac.jp/timet/B6.pdf
3年,学年別,熱力学応用,https://kyoumu.office.uec.ac.jp/timet/A5.pdf;https://kyoumu.office.uec.ac.jp/timet/jyoukyu7.pdf;https://kyoumu.office.uec.ac.jp/timet/A6.pdf;https://kyoumu.office.uec.ac.jp/timet/jyoukyu8.pdf;https://kyoumu.office.uec.ac.jp/timet/B5.pdf;https://kyoumu.office.uec.ac.jp/timet/B6.pdf
3年,学年別,機器分析学,https://kyoumu.office.uec.ac.jp/timet/A5.pdf;https://kyoumu.office.uec.ac.jp/timet/jyoukyu7.pdf;https://kyoumu.office.uec.ac.jp/timet/A6.pdf;https://kyoumu.office.uec.ac.jp/timet/jyoukyu8.pdf;https://kyoumu.office.uec.ac.jp/timet/B5.pdf;https://kyoumu.office.uec.ac.jp/timet/B6.pdf
3年,学年別,情報数理工学実験第一,https://kyoumu.office.uec.ac.jp/timet/A5.pdf;https://kyoumu.office.uec.ac.jp/timet/jyoukyu7.pdf;https://kyoumu.office.uec.ac.jp/timet/A6.pdf;https://kyoumu.office.uec.ac.jp/timet/jyoukyu8.pdf;https://kyoumu.office.uec.ac.jp/timet/B5.pdf;https://kyoumu.office.uec.ac.jp/timet/B6.pdf
3年,学年別,コンピュータサイエンス実験第一,https://kyoumu.office.uec.ac.jp/timet/A5.pdf;https://kyoumu.office.uec.ac.jp/timet/jyoukyu7.pdf;https://kyoumu.office.uec.ac.jp/timet/A6.pdf;https://kyoumu.office.uec.ac.jp/timet/jyoukyu8.pdf;https://kyoumu.office.uec.ac.jp/timet/B5.pdf;https://kyoumu.office.uec.ac.jp/timet/B6.pdf
3年,学年別,熱力学および演習,https://kyoumu.office.uec.ac.jp/timet/A5.pdf;https://kyoumu.office.uec.ac.jp/timet/jyoukyu7.pdf;https://kyoumu.office.uec.ac.jp/timet/A6.pdf;https://kyoumu.office.uec.ac.jp/timet/jyoukyu8.pdf;https://kyoumu.office.uec.ac.jp/timet/B5.pdf;https://kyoumu.office.uec.ac.jp/timet/B6.pdf
3年,学年別,インタラクティブシステム,https://kyoumu.office.uec.ac.jp/timet/A5.pdf;https://kyoumu.office.uec.ac.jp/timet/jyoukyu7.pdf;https://kyoumu.office.uec.ac.jp/timet/A6.pdf;https://kyoumu.office.uec.ac.jp/timet/jyoukyu8.pdf;https://kyoumu.office.uec.ac.jp/timet/B5.pdf;https://kyoumu.office.uec.ac.jp/timet/B6.pdf
3年,学年別,オペレーションズ・リサーチ第一,https://kyoumu.office.uec.ac.jp/timet/A5.pdf;https://kyoumu.office.uec.ac.jp/timet/jyoukyu7.pdf;https://kyoumu.office.uec.ac.jp/timet/A6.pdf;https://kyoumu.office.uec.ac.jp/timet/jyoukyu8.pdf;https://kyoumu.office.uec.ac.jp/timet/B5.pdf;https://kyoumu.office.uec.ac.jp/timet/B6.pdf
3年,学年別,メディアネットワーク,https://kyoumu.office.uec.ac.jp/timet/A5.pdf;https://kyoumu.office.uec.ac.jp/timet/jyoukyu7.pdf;https://kyoumu.office.uec.ac.jp/timet/A6.pdf;https://kyoumu.office.uec.ac.jp/timet/jyoukyu8.pdf;https://kyoumu.office.uec.ac.jp/timet/B5.pdf;https://kyoumu.office.uec.ac.jp/timet/B6.pdf
3年,学年別,量子と情報,https://kyoumu.office.uec.ac.jp/timet/A5.pdf;https://kyoumu.office.uec.ac.jp/timet/jyoukyu7.pdf;https://kyoumu.office.uec.ac.jp/timet/A6.pdf;https://kyoumu.office.uec.ac.jp/timet/jyoukyu8.pdf;https://kyoumu.office.uec.ac.jp/timet/B5.pdf;https://kyoumu.office.uec.ac.jp/timet/B6.pdf
3年,学年別,論理回路学,https://kyoumu.office.uec.ac.jp/timet/A5.pdf;https://kyoumu.office.uec.ac.jp/timet/jyoukyu7.pdf;https://kyoumu.office.uec.ac.jp/timet/A6.pdf;https://kyoumu.office.uec.ac.jp/timet/jyoukyu8.pdf;https://kyoumu.office.uec.ac.jp/timet/B5.pdf;https://kyoumu.office.uec.ac.jp/timet/B6.pdf
3年,学年別,生体計測工学,https://kyoumu.office.uec.ac.jp/timet/A5.pdf;https://kyoumu.office.uec.ac.jp/timet/jyoukyu7.pdf;https://kyoumu.office.uec.ac.jp/timet/A6.pdf;https://kyoumu.office.uec.ac.jp/timet/jyoukyu8.pdf;https://kyoumu.office.uec.ac.jp/timet/B5.pdf;https://kyoumu.office.uec.ac.jp/timet/B6.pdf
3年,学年別,解析力学,https://kyoumu.office.uec.ac.jp/timet/A5.pdf;https://kyoumu.office.uec.ac.jp/timet/jyoukyu7.pdf;https://kyoumu.office.uec.ac.jp/timet/A6.pdf;https://kyoumu.office.uec.ac.jp/timet/jyoukyu8.pdf;https://kyoumu.office.uec.ac.jp/timet/B5.pdf;https://kyoumu.office.uec.ac.jp/timet/B6.pdf
3年,学年別,地学実験（Ⅱ類）（Ⅲ類）（教職関連科目）,https://kyoumu.office.uec.ac.jp/timet/A5.pdf;https://kyoumu.office.uec.ac.jp/timet/jyoukyu7.pdf;https://kyoumu.office.uec.ac.jp/timet/A6.pdf;https://kyoumu.office.uec.ac.jp/timet/jyoukyu8.pdf;https://kyoumu.office.uec.ac.jp/timet/B5.pdf;https://kyoumu.office.uec.ac.jp/timet/B6.pdf
3年,学年別,ヒューマンインタフェース,https://kyoumu.office.uec.ac.jp/timet/A5.pdf;https://kyoumu.office.uec.ac.jp/timet/jyoukyu7.pdf;https://kyoumu.office.uec.ac.jp/timet/A6.pdf;https://kyoumu.office.uec.ac.jp/timet/jyoukyu8.pdf;https://kyoumu.office.uec.ac.jp/timet/B5.pdf;https://kyoumu.office.uec.ac.jp/timet/B6.pdf
3年,学年別,量子力学第一,https://kyoumu.office.uec.ac.jp/timet/A5.pdf;https://kyoumu.office.uec.ac.jp/timet/jyoukyu7.pdf;https://kyoumu.office.uec.ac.jp/timet/A6.pdf;https://kyoumu.office.uec.ac.jp/timet/jyoukyu8.pdf;https://kyoumu.office.uec.ac.jp/timet/B5.pdf;https://kyoumu.office.uec.ac.jp/timet/B6.pdf
3年,学年別,数値解析,https://kyoumu.office.uec.ac.jp/timet/A5.pdf;https://kyoumu.office.uec.ac.jp/timet/jyoukyu7.pdf;https://kyoumu.office.uec.ac.jp/timet/A6.pdf;https://kyoumu.office.uec.ac.jp/timet/jyoukyu8.pdf;https://kyoumu.office.uec.ac.jp/timet/B5.pdf;https://kyoumu.office.uec.ac.jp/timet/B6.pdf
3年,学年別,電磁気学第二,https://kyoumu.office.uec.ac.jp/timet/A5.pdf;https://kyoumu.office.uec.ac.jp/timet/jyoukyu7.pdf;https://kyoumu.office.uec.ac.jp/timet/A6.pdf;https://kyoumu.office.uec.ac.jp/timet/jyoukyu8.pdf;https://kyoumu.office.uec.ac.jp/timet/B5.pdf;https://kyoumu.office.uec.ac.jp/timet/B6.pdf
3年,学年別,量子力学第一演習,https://kyoumu.office.uec.ac.jp/timet/A5.pdf;https://kyoumu.office.uec.ac.jp/timet/jyoukyu7.pdf;https://kyoumu.office.uec.ac.jp/timet/A6.pdf;https://kyoumu.office.uec.ac.jp/timet/jyoukyu8.pdf;https://kyoumu.office.uec.ac.jp/timet/B5.pdf;https://kyoumu.office.uec.ac.jp/timet/B6.pdf
3年,学年別,基礎量子工学,https://kyoumu.office.uec.ac.jp/timet/A5.pdf;https://kyoumu.office.uec.ac.jp/timet/jyoukyu7.pdf;https://kyoumu.office.uec.ac.jp/timet/A6.pdf;https://kyoumu.office.uec.ac.jp/timet/jyoukyu8.pdf;https://kyoumu.office.uec.ac.jp/timet/B5.pdf;https://kyoumu.office.uec.ac.jp/timet/B6.pdf
3年,学年別,物理化学第一,https://kyoumu.office.uec.ac.jp/timet/A5.pdf;https://kyoumu.office.uec.ac.jp/timet/jyoukyu7.pdf;https://kyoumu.office.uec.ac.jp/timet/A6.pdf;https://kyoumu.office.uec.ac.jp/timet/jyoukyu8.pdf;https://kyoumu.office.uec.ac.jp/timet/B5.pdf;https://kyoumu.office.uec.ac.jp/timet/B6.pdf
3年,学年別,プログラミング言語実験,https://kyoumu.office.uec.ac.jp/timet/A5.pdf;https://kyoumu.office.uec.ac.jp/timet/jyoukyu7.pdf;https://kyoumu.office.uec.ac.jp/timet/A6.pdf;https://kyoumu.office.uec.ac.jp/timet/jyoukyu8.pdf;https://kyoumu.office.uec.ac.jp/timet/B5.pdf;https://kyoumu.office.uec.ac.jp/timet/B6.pdf
3年,学年別,データベース論,https://kyoumu.office.uec.ac.jp/timet/A5.pdf;https://kyoumu.office.uec.ac.jp/timet/jyoukyu7.pdf;https://kyoumu.office.uec.ac.jp/timet/A6.pdf;https://kyoumu.office.uec.ac.jp/timet/jyoukyu8.pdf;https://kyoumu.office.uec.ac.jp/timet/B5.pdf;https://kyoumu.office.uec.ac.jp/timet/B6.pdf
3年,学年別,コンピュータネットワーク,https://kyoumu.office.uec.ac.jp/timet/A5.pdf;https://kyoumu.office.uec.ac.jp/timet/jyoukyu7.pdf;https://kyoumu.office.uec.ac.jp/timet/A6.pdf;https://kyoumu.office.uec.ac.jp/timet/jyoukyu8.pdf;https://kyoumu.office.uec.ac.jp/timet/B5.pdf;https://kyoumu.office.uec.ac.jp/timet/B6.pdf
3年,学年別,情報理論,https://kyoumu.office.uec.ac.jp/timet/A5.pdf;https://kyoumu.office.uec.ac.jp/timet/jyoukyu7.pdf;https://kyoumu.office.uec.ac.jp/timet/A6.pdf;https://kyoumu.office.uec.ac.jp/timet/jyoukyu8.pdf;https://kyoumu.office.uec.ac.jp/timet/B5.pdf;https://kyoumu.office.uec.ac.jp/timet/B6.pdf
3年,学年別,情報理論（情報通信工学・電子情報学プログラム 学籍奇数）,https://kyoumu.office.uec.ac.jp/timet/A5.pdf;https://kyoumu.office.uec.ac.jp/timet/jyoukyu7.pdf;https://kyoumu.office.uec.ac.jp/timet/A6.pdf;https://kyoumu.office.uec.ac.jp/timet/jyoukyu8.pdf;https://kyoumu.office.uec.ac.jp/timet/B5.pdf;https://kyoumu.office.uec.ac.jp/timet/B6.pdf
3年,学年別,情報理論（情報通信工学・電子情報学プログラム 学籍偶数）,https://kyoumu.office.uec.ac.jp/timet/A5.pdf;https://kyoumu.office.uec.ac.jp/timet/jyoukyu7.pdf;https://kyoumu.office.uec.ac.jp/timet/A6.pdf;https://kyoumu.office.uec.ac.jp/timet/jyoukyu8.pdf;https://kyoumu.office.uec.ac.jp/timet/B5.pdf;https://kyoumu.office.uec.ac.jp/timet/B6.pdf
3年,学年別,マシンデザインA,https://kyoumu.office.uec.ac.jp/timet/A5.pdf;https://kyoumu.office.uec.ac.jp/timet/jyoukyu7.pdf;https://kyoumu.office.uec.ac.jp/timet/A6.pdf;https://kyoumu.office.uec.ac.jp/timet/jyoukyu8.pdf;https://kyoumu.office.uec.ac.jp/timet/B5.pdf;https://kyoumu.office.uec.ac.jp/timet/B6.pdf
3年,学年別,電気回路,https://kyoumu.office.uec.ac.jp/timet/A5.pdf;https://kyoumu.office.uec.ac.jp/timet/jyoukyu7.pdf;https://kyoumu.office.uec.ac.jp/timet/A6.pdf;https://kyoumu.office.uec.ac.jp/timet/jyoukyu8.pdf;https://kyoumu.office.uec.ac.jp/timet/B5.pdf;https://kyoumu.office.uec.ac.jp/timet/B6.pdf
3年,学年別,電磁波工学,https://kyoumu.office.uec.ac.jp/timet/A5.pdf;https://kyoumu.office.uec.ac.jp/timet/jyoukyu7.pdf;https://kyoumu.office.uec.ac.jp/timet/A6.pdf;https://kyoumu.office.uec.ac.jp/timet/jyoukyu8.pdf;https://kyoumu.office.uec.ac.jp/timet/B5.pdf;https://kyoumu.office.uec.ac.jp/timet/B6.pdf
3年,学年別,オペレーティングシステム論,https://kyoumu.office.uec.ac.jp/timet/A5.pdf;https://kyoumu.office.uec.ac.jp/timet/jyoukyu7.pdf;https://kyoumu.office.uec.ac.jp/timet/A6.pdf;https://kyoumu.office.uec.ac.jp/timet/jyoukyu8.pdf;https://kyoumu.office.uec.ac.jp/timet/B5.pdf;https://kyoumu.office.uec.ac.jp/timet/B6.pdf
3年,学年別,電気回路演習,https://kyoumu.office.uec.ac.jp/timet/A5.pdf;https://kyoumu.office.uec.ac.jp/timet/jyoukyu7.pdf;https://kyoumu.office.uec.ac.jp/timet/A6.pdf;https://kyoumu.office.uec.ac.jp/timet/jyoukyu8.pdf;https://kyoumu.office.uec.ac.jp/timet/B5.pdf;https://kyoumu.office.uec.ac.jp/timet/B6.pdf
3年,学年別,細胞生物工学,https://kyoumu.office.uec.ac.jp/timet/A5.pdf;https://kyoumu.office.uec.ac.jp/timet/jyoukyu7.pdf;https://kyoumu.office.uec.ac.jp/timet/A6.pdf;https://kyoumu.office.uec.ac.jp/timet/jyoukyu8.pdf;https://kyoumu.office.uec.ac.jp/timet/B5.pdf;https://kyoumu.office.uec.ac.jp/timet/B6.pdf
3年,学年別,生涯スポーツ演習A,https://kyoumu.office.uec.ac.jp/timet/A5.pdf;https://kyoumu.office.uec.ac.jp/timet/jyoukyu7.pdf;https://kyoumu.office.uec.ac.jp/timet/A6.pdf;https://kyoumu.office.uec.ac.jp/timet/jyoukyu8.pdf;https://kyoumu.office.uec.ac.jp/timet/B5.pdf;https://kyoumu.office.uec.ac.jp/timet/B6.pdf
3年,学年別,生涯スポーツ演習B,https://kyoumu.office.uec.ac.jp/timet/A5.pdf;https://kyoumu.office.uec.ac.jp/timet/jyoukyu7.pdf;https://kyoumu.office.uec.ac.jp/timet/A6.pdf;https://kyoumu.office.uec.ac.jp/timet/jyoukyu8.pdf;https://kyoumu.office.uec.ac.jp/timet/B5.pdf;https://kyoumu.office.uec.ac.jp/timet/B6.pdf
3年,学年別,コミュニケーション論,https://kyoumu.office.uec.ac.jp/timet/A5.pdf;https://kyoumu.office.uec.ac.jp/timet/jyoukyu7.pdf;https://kyoumu.office.uec.ac.jp/timet/A6.pdf;https://kyoumu.office.uec.ac.jp/timet/jyoukyu8.pdf;https://kyoumu.office.uec.ac.jp/timet/B5.pdf;https://kyoumu.office.uec.ac.jp/timet/B6.pdf
3年,学年別,プログラム言語論,https://kyoumu.office.uec.ac.jp/timet/A5.pdf;https://kyoumu.office.uec.ac.jp/timet/jyoukyu7.pdf;https://kyoumu.office.uec.ac.jp/timet/A6.pdf;https://kyoumu.office.uec.ac.jp/timet/jyoukyu8.pdf;https://kyoumu.office.uec.ac.jp/timet/B5.pdf;https://kyoumu.office.uec.ac.jp/timet/B6.pdf
3年,学年別,回路システム学第二,https://kyoumu.office.uec.ac.jp/timet/A5.pdf;https://kyoumu.office.uec.ac.jp/timet/jyoukyu7.pdf;https://kyoumu.office.uec.ac.jp/timet/A6.pdf;https://kyoumu.office.uec.ac.jp/timet/jyoukyu8.pdf;https://kyoumu.office.uec.ac.jp/timet/B5.pdf;https://kyoumu.office.uec.ac.jp/timet/B6.pdf
3年,学年別,加工学および演習,https://kyoumu.office.uec.ac.jp/timet/A5.pdf;https://kyoumu.office.uec.ac.jp/timet/jyoukyu7.pdf;https://kyoumu.office.uec.ac.jp/timet/A6.pdf;https://kyoumu.office.uec.ac.jp/timet/jyoukyu8.pdf;https://kyoumu.office.uec.ac.jp/timet/B5.pdf;https://kyoumu.office.uec.ac.jp/timet/B6.pdf
3年,学年別,電子工学実験第一,https://kyoumu.office.uec.ac.jp/timet/A5.pdf;https://kyoumu.office.uec.ac.jp/timet/jyoukyu7.pdf;https://kyoumu.office.uec.ac.jp/timet/A6.pdf;https://kyoumu.office.uec.ac.jp/timet/jyoukyu8.pdf;https://kyoumu.office.uec.ac.jp/timet/B5.pdf;https://kyoumu.office.uec.ac.jp/timet/B6.pdf
3年,学年別,光工学実験第一,https://kyoumu.office.uec.ac.jp/timet/A5.pdf;https://kyoumu.office.uec.ac.jp/timet/jyoukyu7.pdf;https://kyoumu.office.uec.ac.jp/timet/A6.pdf;https://kyoumu.office.uec.ac.jp/timet/jyoukyu8.pdf;https://kyoumu.office.uec.ac.jp/timet/B5.pdf;https://kyoumu.office.uec.ac.jp/timet/B6.pdf
3年,学年別,物理工学実験第一,https://kyoumu.office.uec.ac.jp/timet/A5.pdf;https://kyoumu.office.uec.ac.jp/timet/jyoukyu7.pdf;https://kyoumu.office.uec.ac.jp/timet/A6.pdf;https://kyoumu.office.uec.ac.jp/timet/jyoukyu8.pdf;https://kyoumu.office.uec.ac.jp/timet/B5.pdf;https://kyoumu.office.uec.ac.jp/timet/B6.pdf
3年,学年別,化学生命工学実験第一,https://kyoumu.office.uec.ac.jp/timet/A5.pdf;https://kyoumu.office.uec.ac.jp/timet/jyoukyu7.pdf;https://kyoumu.office.uec.ac.jp/timet/A6.pdf;https://kyoumu.office.uec.ac.jp/timet/jyoukyu8.pdf;https://kyoumu.office.uec.ac.jp/timet/B5.pdf;https://kyoumu.office.uec.ac.jp/timet/B6.pdf
3年,学年別,幾何学概論（教職関連科目）,https://kyoumu.office.uec.ac.jp/timet/A5.pdf;https://kyoumu.office.uec.ac.jp/timet/jyoukyu7.pdf;https://kyoumu.office.uec.ac.jp/timet/A6.pdf;https://kyoumu.office.uec.ac.jp/timet/jyoukyu8.pdf;https://kyoumu.office.uec.ac.jp/timet/B5.pdf;https://kyoumu.office.uec.ac.jp/timet/B6.pdf
3年,学年別,Technical English - Basic English for Science,https://kyoumu.office.uec.ac.jp/timet/A5.pdf;https://kyoumu.office.uec.ac.jp/timet/jyoukyu7.pdf;https://kyoumu.office.uec.ac.jp/timet/A6.pdf;https://kyoumu.office.uec.ac.jp/timet/jyoukyu8.pdf;https://kyoumu.office.uec.ac.jp/timet/B5.pdf;https://kyoumu.office.uec.ac.jp/timet/B6.pdf
3年,学年別,Technical English - Basic English for Science（上級）,https://kyoumu.office.uec.ac.jp/timet/A5.pdf;https://kyoumu.office.uec.ac.jp/timet/jyoukyu7.pdf;https://kyoumu.office.uec.ac.jp/timet/A6.pdf;https://kyoumu.office.uec.ac.jp/timet/jyoukyu8.pdf;https://kyoumu.office.uec.ac.jp/timet/B5.pdf;https://kyoumu.office.uec.ac.jp/timet/B6.pdf
3年,学年別,Technical English - Basic English for Science（再履1_Engineering）,https://kyoumu.office.uec.ac.jp/timet/A5.pdf;https://kyoumu.office.uec.ac.jp/timet/jyoukyu7.pdf;https://kyoumu.office.uec.ac.jp/timet/A6.pdf;https://kyoumu.office.uec.ac.jp/timet/jyoukyu8.pdf;https://kyoumu.office.uec.ac.jp/timet/B5.pdf;https://kyoumu.office.uec.ac.jp/timet/B6.pdf
3年,学年別,Technical English - Basic English for Science（再履2_ICT）,https://kyoumu.office.uec.ac.jp/timet/A5.pdf;https://kyoumu.office.uec.ac.jp/timet/jyoukyu7.pdf;https://kyoumu.office.uec.ac.jp/timet/A6.pdf;https://kyoumu.office.uec.ac.jp/timet/jyoukyu8.pdf;https://kyoumu.office.uec.ac.jp/timet/B5.pdf;https://kyoumu.office.uec.ac.jp/timet/B6.pdf
3年,学年別,ビジュアル情報処理,https://kyoumu.office.uec.ac.jp/timet/A5.pdf;https://kyoumu.office.uec.ac.jp/timet/jyoukyu7.pdf;https://kyoumu.office.uec.ac.jp/timet/A6.pdf;https://kyoumu.office.uec.ac.jp/timet/jyoukyu8.pdf;https://kyoumu.office.uec.ac.jp/timet/B5.pdf;https://kyoumu.office.uec.ac.jp/timet/B6.pdf
3年,学年別,言語処理系論,https://kyoumu.office.uec.ac.jp/timet/A5.pdf;https://kyoumu.office.uec.ac.jp/timet/jyoukyu7.pdf;https://kyoumu.office.uec.ac.jp/timet/A6.pdf;https://kyoumu.office.uec.ac.jp/timet/jyoukyu8.pdf;https://kyoumu.office.uec.ac.jp/timet/B5.pdf;https://kyoumu.office.uec.ac.jp/timet/B6.pdf
3年,学年別,応用数学第一,https://kyoumu.office.uec.ac.jp/timet/A5.pdf;https://kyoumu.office.uec.ac.jp/timet/jyoukyu7.pdf;https://kyoumu.office.uec.ac.jp/timet/A6.pdf;https://kyoumu.office.uec.ac.jp/timet/jyoukyu8.pdf;https://kyoumu.office.uec.ac.jp/timet/B5.pdf;https://kyoumu.office.uec.ac.jp/timet/B6.pdf
3年,学年別,データサイエンス,https://kyoumu.office.uec.ac.jp/timet/A5.pdf;https://kyoumu.office.uec.ac.jp/timet/jyoukyu7.pdf;https://kyoumu.office.uec.ac.jp/timet/A6.pdf;https://kyoumu.office.uec.ac.jp/timet/jyoukyu8.pdf;https://kyoumu.office.uec.ac.jp/timet/B5.pdf;https://kyoumu.office.uec.ac.jp/timet/B6.pdf
3年,学年別,多変量解析,https://kyoumu.office.uec.ac.jp/timet/A5.pdf;https://kyoumu.office.uec.ac.jp/timet/jyoukyu7.pdf;https://kyoumu.office.uec.ac.jp/timet/A6.pdf;https://kyoumu.office.uec.ac.jp/timet/jyoukyu8.pdf;https://kyoumu.office.uec.ac.jp/timet/B5.pdf;https://kyoumu.office.uec.ac.jp/timet/B6.pdf
3年,学年別,アルゴリズム論第二,https://kyoumu.office.uec.ac.jp/timet/A5.pdf;https://kyoumu.office.uec.ac.jp/timet/jyoukyu7.pdf;https://kyoumu.office.uec.ac.jp/timet/A6.pdf;https://kyoumu.office.uec.ac.jp/timet/jyoukyu8.pdf;https://kyoumu.office.uec.ac.jp/timet/B5.pdf;https://kyoumu.office.uec.ac.jp/timet/B6.pdf
3年,学年別,基礎制御工学および演習,https://kyoumu.office.uec.ac.jp/timet/A5.pdf;https://kyoumu.office.uec.ac.jp/timet/jyoukyu7.pdf;https://kyoumu.office.uec.ac.jp/timet/A6.pdf;https://kyoumu.office.uec.ac.jp/timet/jyoukyu8.pdf;https://kyoumu.office.uec.ac.jp/timet/B5.pdf;https://kyoumu.office.uec.ac.jp/timet/B6.pdf
3年,学年別,人間工学,https://kyoumu.office.uec.ac.jp/timet/A5.pdf;https://kyoumu.office.uec.ac.jp/timet/jyoukyu7.pdf;https://kyoumu.office.uec.ac.jp/timet/A6.pdf;https://kyoumu.office.uec.ac.jp/timet/jyoukyu8.pdf;https://kyoumu.office.uec.ac.jp/timet/B5.pdf;https://kyoumu.office.uec.ac.jp/timet/B6.pdf
3年,学年別,グラフとネットワーク,https://kyoumu.office.uec.ac.jp/timet/A5.pdf;https://kyoumu.office.uec.ac.jp/timet/jyoukyu7.pdf;https://kyoumu.office.uec.ac.jp/timet/A6.pdf;https://kyoumu.office.uec.ac.jp/timet/jyoukyu8.pdf;https://kyoumu.office.uec.ac.jp/timet/B5.pdf;https://kyoumu.office.uec.ac.jp/timet/B6.pdf
3年,学年別,シミュレーション理工学,https://kyoumu.office.uec.ac.jp/timet/A5.pdf;https://kyoumu.office.uec.ac.jp/timet/jyoukyu7.pdf;https://kyoumu.office.uec.ac.jp/timet/A6.pdf;https://kyoumu.office.uec.ac.jp/timet/jyoukyu8.pdf;https://kyoumu.office.uec.ac.jp/timet/B5.pdf;https://kyoumu.office.uec.ac.jp/timet/B6.pdf
3年,学年別,デザイン思考概論,https://kyoumu.office.uec.ac.jp/timet/A5.pdf;https://kyoumu.office.uec.ac.jp/timet/jyoukyu7.pdf;https://kyoumu.office.uec.ac.jp/timet/A6.pdf;https://kyoumu.office.uec.ac.jp/timet/jyoukyu8.pdf;https://kyoumu.office.uec.ac.jp/timet/B5.pdf;https://kyoumu.office.uec.ac.jp/timet/B6.pdf
3年,学年別,固体物理工学第一,https://kyoumu.office.uec.ac.jp/timet/A5.pdf;https://kyoumu.office.uec.ac.jp/timet/jyoukyu7.pdf;https://kyoumu.office.uec.ac.jp/timet/A6.pdf;https://kyoumu.office.uec.ac.jp/timet/jyoukyu8.pdf;https://kyoumu.office.uec.ac.jp/timet/B5.pdf;https://kyoumu.office.uec.ac.jp/timet/B6.pdf
3年,学年別,化学生命工学演習第一,https://kyoumu.office.uec.ac.jp/timet/A5.pdf;https://kyoumu.office.uec.ac.jp/timet/jyoukyu7.pdf;https://kyoumu.office.uec.ac.jp/timet/A6.pdf;https://kyoumu.office.uec.ac.jp/timet/jyoukyu8.pdf;https://kyoumu.office.uec.ac.jp/timet/B5.pdf;https://kyoumu.office.uec.ac.jp/timet/B6.pdf
3年,学年別,マルチメディア処理（教職関連科目）,https://kyoumu.office.uec.ac.jp/timet/A5.pdf;https://kyoumu.office.uec.ac.jp/timet/jyoukyu7.pdf;https://kyoumu.office.uec.ac.jp/timet/A6.pdf;https://kyoumu.office.uec.ac.jp/timet/jyoukyu8.pdf;https://kyoumu.office.uec.ac.jp/timet/B5.pdf;https://kyoumu.office.uec.ac.jp/timet/B6.pdf
3年,学年別,データサイエンス演習,https://kyoumu.office.uec.ac.jp/timet/A5.pdf;https://kyoumu.office.uec.ac.jp/timet/jyoukyu7.pdf;https://kyoumu.office.uec.ac.jp/timet/A6.pdf;https://kyoumu.office.uec.ac.jp/timet/jyoukyu8.pdf;https://kyoumu.office.uec.ac.jp/timet/B5.pdf;https://kyoumu.office.uec.ac.jp/timet/B6.pdf
3年,学年別,インフォパワードエネルギー概論［学域特別講義B］,https://kyoumu.office.uec.ac.jp/timet/A5.pdf;https://kyoumu.office.uec.ac.jp/timet/jyoukyu7.pdf;https://kyoumu.office.uec.ac.jp/timet/A6.pdf;https://kyoumu.office.uec.ac.jp/timet/jyoukyu8.pdf;https://kyoumu.office.uec.ac.jp/timet/B5.pdf;https://kyoumu.office.uec.ac.jp/timet/B6.pdf
3年,学年別,JAPIA寄附講義「自動車の大変革（CASE）に必要な技術」［学域特別講義B］,https://kyoumu.office.uec.ac.jp/timet/A5.pdf;https://kyoumu.office.uec.ac.jp/timet/jyoukyu7.pdf;https://kyoumu.office.uec.ac.jp/timet/A6.pdf;https://kyoumu.office.uec.ac.jp/timet/jyoukyu8.pdf;https://kyoumu.office.uec.ac.jp/timet/B5.pdf;https://kyoumu.office.uec.ac.jp/timet/B6.pdf
3年,学年別,イノベイティブ総合コミュニケーションデザイン1,https://kyoumu.office.uec.ac.jp/timet/A5.pdf;https://kyoumu.office.uec.ac.jp/timet/jyoukyu7.pdf;https://kyoumu.office.uec.ac.jp/timet/A6.pdf;https://kyoumu.office.uec.ac.jp/timet/jyoukyu8.pdf;https://kyoumu.office.uec.ac.jp/timet/B5.pdf;https://kyoumu.office.uec.ac.jp/timet/B6.pdf
3年,学年別,デザイン思考・データサイエンス実践演習1,https://kyoumu.office.uec.ac.jp/timet/A5.pdf;https://kyoumu.office.uec.ac.jp/timet/jyoukyu7.pdf;https://kyoumu.office.uec.ac.jp/timet/A6.pdf;https://kyoumu.office.uec.ac.jp/timet/jyoukyu8.pdf;https://kyoumu.office.uec.ac.jp/timet/B5.pdf;https://kyoumu.office.uec.ac.jp/timet/B6.pdf
3年,学年別,宇宙通信工学,https://kyoumu.office.uec.ac.jp/timet/A5.pdf;https://kyoumu.office.uec.ac.jp/timet/jyoukyu7.pdf;https://kyoumu.office.uec.ac.jp/timet/A6.pdf;https://kyoumu.office.uec.ac.jp/timet/jyoukyu8.pdf;https://kyoumu.office.uec.ac.jp/timet/B5.pdf;https://kyoumu.office.uec.ac.jp/timet/B6.pdf
3年,学年別,生物学実験（教職関連科目）,https://kyoumu.office.uec.ac.jp/timet/A5.pdf;https://kyoumu.office.uec.ac.jp/timet/jyoukyu7.pdf;https://kyoumu.office.uec.ac.jp/timet/A6.pdf;https://kyoumu.office.uec.ac.jp/timet/jyoukyu8.pdf;https://kyoumu.office.uec.ac.jp/timet/B5.pdf;https://kyoumu.office.uec.ac.jp/timet/B6.pdf
3年,学年別,回折結晶学,https://kyoumu.office.uec.ac.jp/timet/A5.pdf;https://kyoumu.office.uec.ac.jp/timet/jyoukyu7.pdf;https://kyoumu.office.uec.ac.jp/timet/A6.pdf;https://kyoumu.office.uec.ac.jp/timet/jyoukyu8.pdf;https://kyoumu.office.uec.ac.jp/timet/B5.pdf;https://kyoumu.office.uec.ac.jp/timet/B6.pdf
3年,学年別,社会シミュレーション,https://kyoumu.office.uec.ac.jp/timet/A5.pdf;https://kyoumu.office.uec.ac.jp/timet/jyoukyu7.pdf;https://kyoumu.office.uec.ac.jp/timet/A6.pdf;https://kyoumu.office.uec.ac.jp/timet/jyoukyu8.pdf;https://kyoumu.office.uec.ac.jp/timet/B5.pdf;https://kyoumu.office.uec.ac.jp/timet/B6.pdf
3年,学年別,電子回路学,https://kyoumu.office.uec.ac.jp/timet/A5.pdf;https://kyoumu.office.uec.ac.jp/timet/jyoukyu7.pdf;https://kyoumu.office.uec.ac.jp/timet/A6.pdf;https://kyoumu.office.uec.ac.jp/timet/jyoukyu8.pdf;https://kyoumu.office.uec.ac.jp/timet/B5.pdf;https://kyoumu.office.uec.ac.jp/timet/B6.pdf
3年,学年別,音響信号処理,https://kyoumu.office.uec.ac.jp/timet/A5.pdf;https://kyoumu.office.uec.ac.jp/timet/jyoukyu7.pdf;https://kyoumu.office.uec.ac.jp/timet/A6.pdf;https://kyoumu.office.uec.ac.jp/timet/jyoukyu8.pdf;https://kyoumu.office.uec.ac.jp/timet/B5.pdf;https://kyoumu.office.uec.ac.jp/timet/B6.pdf
3年,学年別,経営・社会情報学実験,https://kyoumu.office.uec.ac.jp/timet/A5.pdf;https://kyoumu.office.uec.ac.jp/timet/jyoukyu7.pdf;https://kyoumu.office.uec.ac.jp/timet/A6.pdf;https://kyoumu.office.uec.ac.jp/timet/jyoukyu8.pdf;https://kyoumu.office.uec.ac.jp/timet/B5.pdf;https://kyoumu.office.uec.ac.jp/timet/B6.pdf
3年,学年別,ゲーム情報学,https://kyoumu.office.uec.ac.jp/timet/A5.pdf;https://kyoumu.office.uec.ac.jp/timet/jyoukyu7.pdf;https://kyoumu.office.uec.ac.jp/timet/A6.pdf;https://kyoumu.office.uec.ac.jp/timet/jyoukyu8.pdf;https://kyoumu.office.uec.ac.jp/timet/B5.pdf;https://kyoumu.office.uec.ac.jp/timet/B6.pdf
3年,学年別,デザイン思考・データサイエンス実験,https://kyoumu.office.uec.ac.jp/timet/A5.pdf;https://kyoumu.office.uec.ac.jp/timet/jyoukyu7.pdf;https://kyoumu.office.uec.ac.jp/timet/A6.pdf;https://kyoumu.office.uec.ac.jp/timet/jyoukyu8.pdf;https://kyoumu.office.uec.ac.jp/timet/B5.pdf;https://kyoumu.office.uec.ac.jp/timet/B6.pdf
3年,学年別,計測工学,https://kyoumu.office.uec.ac.jp/timet/A5.pdf;https://kyoumu.office.uec.ac.jp/timet/jyoukyu7.pdf;https://kyoumu.office.uec.ac.jp/timet/A6.pdf;https://kyoumu.office.uec.ac.jp/timet/jyoukyu8.pdf;https://kyoumu.office.uec.ac.jp/timet/B5.pdf;https://kyoumu.office.uec.ac.jp/timet/B6.pdf
3年,学年別,メカトロニクス,https://kyoumu.office.uec.ac.jp/timet/A5.pdf;https://kyoumu.office.uec.ac.jp/timet/jyoukyu7.pdf;https://kyoumu.office.uec.ac.jp/timet/A6.pdf;https://kyoumu.office.uec.ac.jp/timet/jyoukyu8.pdf;https://kyoumu.office.uec.ac.jp/timet/B5.pdf;https://kyoumu.office.uec.ac.jp/timet/B6.pdf
3年,学年別,画像工学,https://kyoumu.office.uec.ac.jp/timet/A5.pdf;https://kyoumu.office.uec.ac.jp/timet/jyoukyu7.pdf;https://kyoumu.office.uec.ac.jp/timet/A6.pdf;https://kyoumu.office.uec.ac.jp/timet/jyoukyu8.pdf;https://kyoumu.office.uec.ac.jp/timet/B5.pdf;https://kyoumu.office.uec.ac.jp/timet/B6.pdf
3年,学年別,物理工学実験第二,https://kyoumu.office.uec.ac.jp/timet/A5.pdf;https://kyoumu.office.uec.ac.jp/timet/jyoukyu7.pdf;https://kyoumu.office.uec.ac.jp/timet/A6.pdf;https://kyoumu.office.uec.ac.jp/timet/jyoukyu8.pdf;https://kyoumu.office.uec.ac.jp/timet/B5.pdf;https://kyoumu.office.uec.ac.jp/timet/B6.pdf
3年,学年別,エージェント論,https://kyoumu.office.uec.ac.jp/timet/A5.pdf;https://kyoumu.office.uec.ac.jp/timet/jyoukyu7.pdf;https://kyoumu.office.uec.ac.jp/timet/A6.pdf;https://kyoumu.office.uec.ac.jp/timet/jyoukyu8.pdf;https://kyoumu.office.uec.ac.jp/timet/B5.pdf;https://kyoumu.office.uec.ac.jp/timet/B6.pdf
3年,学年別,情報数理工学実験第二A,https://kyoumu.office.uec.ac.jp/timet/A5.pdf;https://kyoumu.office.uec.ac.jp/timet/jyoukyu7.pdf;https://kyoumu.office.uec.ac.jp/timet/A6.pdf;https://kyoumu.office.uec.ac.jp/timet/jyoukyu8.pdf;https://kyoumu.office.uec.ac.jp/timet/B5.pdf;https://kyoumu.office.uec.ac.jp/timet/B6.pdf
3年,学年別,コンピュータサイエンス実験,https://kyoumu.office.uec.ac.jp/timet/A5.pdf;https://kyoumu.office.uec.ac.jp/timet/jyoukyu7.pdf;https://kyoumu.office.uec.ac.jp/timet/A6.pdf;https://kyoumu.office.uec.ac.jp/timet/jyoukyu8.pdf;https://kyoumu.office.uec.ac.jp/timet/B5.pdf;https://kyoumu.office.uec.ac.jp/timet/B6.pdf
3年,学年別,ユビキタスネットワーク,https://kyoumu.office.uec.ac.jp/timet/A5.pdf;https://kyoumu.office.uec.ac.jp/timet/jyoukyu7.pdf;https://kyoumu.office.uec.ac.jp/timet/A6.pdf;https://kyoumu.office.uec.ac.jp/timet/jyoukyu8.pdf;https://kyoumu.office.uec.ac.jp/timet/B5.pdf;https://kyoumu.office.uec.ac.jp/timet/B6.pdf
3年,学年別,生産システム工学,https://kyoumu.office.uec.ac.jp/timet/A5.pdf;https://kyoumu.office.uec.ac.jp/timet/jyoukyu7.pdf;https://kyoumu.office.uec.ac.jp/timet/A6.pdf;https://kyoumu.office.uec.ac.jp/timet/jyoukyu8.pdf;https://kyoumu.office.uec.ac.jp/timet/B5.pdf;https://kyoumu.office.uec.ac.jp/timet/B6.pdf
3年,学年別,デジタル信号処理,https://kyoumu.office.uec.ac.jp/timet/A5.pdf;https://kyoumu.office.uec.ac.jp/timet/jyoukyu7.pdf;https://kyoumu.office.uec.ac.jp/timet/A6.pdf;https://kyoumu.office.uec.ac.jp/timet/jyoukyu8.pdf;https://kyoumu.office.uec.ac.jp/timet/B5.pdf;https://kyoumu.office.uec.ac.jp/timet/B6.pdf
3年,学年別,物理化学第二,https://kyoumu.office.uec.ac.jp/timet/A5.pdf;https://kyoumu.office.uec.ac.jp/timet/jyoukyu7.pdf;https://kyoumu.office.uec.ac.jp/timet/A6.pdf;https://kyoumu.office.uec.ac.jp/timet/jyoukyu8.pdf;https://kyoumu.office.uec.ac.jp/timet/B5.pdf;https://kyoumu.office.uec.ac.jp/timet/B6.pdf
3年,学年別,符号理論,https://kyoumu.office.uec.ac.jp/timet/A5.pdf;https://kyoumu.office.uec.ac.jp/timet/jyoukyu7.pdf;https://kyoumu.office.uec.ac.jp/timet/A6.pdf;https://kyoumu.office.uec.ac.jp/timet/jyoukyu8.pdf;https://kyoumu.office.uec.ac.jp/timet/B5.pdf;https://kyoumu.office.uec.ac.jp/timet/B6.pdf
3年,学年別,電子機器システム学,https://kyoumu.office.uec.ac.jp/timet/A5.pdf;https://kyoumu.office.uec.ac.jp/timet/jyoukyu7.pdf;https://kyoumu.office.uec.ac.jp/timet/A6.pdf;https://kyoumu.office.uec.ac.jp/timet/jyoukyu8.pdf;https://kyoumu.office.uec.ac.jp/timet/B5.pdf;https://kyoumu.office.uec.ac.jp/timet/B6.pdf
3年,学年別,離散数理工学,https://kyoumu.office.uec.ac.jp/timet/A5.pdf;https://kyoumu.office.uec.ac.jp/timet/jyoukyu7.pdf;https://kyoumu.office.uec.ac.jp/timet/A6.pdf;https://kyoumu.office.uec.ac.jp/timet/jyoukyu8.pdf;https://kyoumu.office.uec.ac.jp/timet/B5.pdf;https://kyoumu.office.uec.ac.jp/timet/B6.pdf
3年,学年別,ハードウェアセキュリティ,https://kyoumu.office.uec.ac.jp/timet/A5.pdf;https://kyoumu.office.uec.ac.jp/timet/jyoukyu7.pdf;https://kyoumu.office.uec.ac.jp/timet/A6.pdf;https://kyoumu.office.uec.ac.jp/timet/jyoukyu8.pdf;https://kyoumu.office.uec.ac.jp/timet/B5.pdf;https://kyoumu.office.uec.ac.jp/timet/B6.pdf
3年,学年別,計算数理工学,https://kyoumu.office.uec.ac.jp/timet/A5.pdf;https://kyoumu.office.uec.ac.jp/timet/jyoukyu7.pdf;https://kyoumu.office.uec.ac.jp/timet/A6.pdf;https://kyoumu.office.uec.ac.jp/timet/jyoukyu8.pdf;https://kyoumu.office.uec.ac.jp/timet/B5.pdf;https://kyoumu.office.uec.ac.jp/timet/B6.pdf
3年,学年別,流体力学および演習,https://kyoumu.office.uec.ac.jp/timet/A5.pdf;https://kyoumu.office.uec.ac.jp/timet/jyoukyu7.pdf;https://kyoumu.office.uec.ac.jp/timet/A6.pdf;https://kyoumu.office.uec.ac.jp/timet/jyoukyu8.pdf;https://kyoumu.office.uec.ac.jp/timet/B5.pdf;https://kyoumu.office.uec.ac.jp/timet/B6.pdf
3年,学年別,流体力学,https://kyoumu.office.uec.ac.jp/timet/A5.pdf;https://kyoumu.office.uec.ac.jp/timet/jyoukyu7.pdf;https://kyoumu.office.uec.ac.jp/timet/A6.pdf;https://kyoumu.office.uec.ac.jp/timet/jyoukyu8.pdf;https://kyoumu.office.uec.ac.jp/timet/B5.pdf;https://kyoumu.office.uec.ac.jp/timet/B6.pdf
3年,学年別,言語認知工学,https://kyoumu.office.uec.ac.jp/timet/A5.pdf;https://kyoumu.office.uec.ac.jp/timet/jyoukyu7.pdf;https://kyoumu.office.uec.ac.jp/timet/A6.pdf;https://kyoumu.office.uec.ac.jp/timet/jyoukyu8.pdf;https://kyoumu.office.uec.ac.jp/timet/B5.pdf;https://kyoumu.office.uec.ac.jp/timet/B6.pdf
3年,学年別,セキュリティ情報学実験,https://kyoumu.office.uec.ac.jp/timet/A5.pdf;https://kyoumu.office.uec.ac.jp/timet/jyoukyu7.pdf;https://kyoumu.office.uec.ac.jp/timet/A6.pdf;https://kyoumu.office.uec.ac.jp/timet/jyoukyu8.pdf;https://kyoumu.office.uec.ac.jp/timet/B5.pdf;https://kyoumu.office.uec.ac.jp/timet/B6.pdf
3年,学年別,伝送回路論,https://kyoumu.office.uec.ac.jp/timet/A5.pdf;https://kyoumu.office.uec.ac.jp/timet/jyoukyu7.pdf;https://kyoumu.office.uec.ac.jp/timet/A6.pdf;https://kyoumu.office.uec.ac.jp/timet/jyoukyu8.pdf;https://kyoumu.office.uec.ac.jp/timet/B5.pdf;https://kyoumu.office.uec.ac.jp/timet/B6.pdf
3年,学年別,電子工学実験第二,https://kyoumu.office.uec.ac.jp/timet/A5.pdf;https://kyoumu.office.uec.ac.jp/timet/jyoukyu7.pdf;https://kyoumu.office.uec.ac.jp/timet/A6.pdf;https://kyoumu.office.uec.ac.jp/timet/jyoukyu8.pdf;https://kyoumu.office.uec.ac.jp/timet/B5.pdf;https://kyoumu.office.uec.ac.jp/timet/B6.pdf
3年,学年別,光波工学および演習,https://kyoumu.office.uec.ac.jp/timet/A5.pdf;https://kyoumu.office.uec.ac.jp/timet/jyoukyu7.pdf;https://kyoumu.office.uec.ac.jp/timet/A6.pdf;https://kyoumu.office.uec.ac.jp/timet/jyoukyu8.pdf;https://kyoumu.office.uec.ac.jp/timet/B5.pdf;https://kyoumu.office.uec.ac.jp/timet/B6.pdf
3年,学年別,マーケティング科学,https://kyoumu.office.uec.ac.jp/timet/A5.pdf;https://kyoumu.office.uec.ac.jp/timet/jyoukyu7.pdf;https://kyoumu.office.uec.ac.jp/timet/A6.pdf;https://kyoumu.office.uec.ac.jp/timet/jyoukyu8.pdf;https://kyoumu.office.uec.ac.jp/timet/B5.pdf;https://kyoumu.office.uec.ac.jp/timet/B6.pdf
3年,学年別,数理計画法,https://kyoumu.office.uec.ac.jp/timet/A5.pdf;https://kyoumu.office.uec.ac.jp/timet/jyoukyu7.pdf;https://kyoumu.office.uec.ac.jp/timet/A6.pdf;https://kyoumu.office.uec.ac.jp/timet/jyoukyu8.pdf;https://kyoumu.office.uec.ac.jp/timet/B5.pdf;https://kyoumu.office.uec.ac.jp/timet/B6.pdf
3年,学年別,マシンデザインB,https://kyoumu.office.uec.ac.jp/timet/A5.pdf;https://kyoumu.office.uec.ac.jp/timet/jyoukyu7.pdf;https://kyoumu.office.uec.ac.jp/timet/A6.pdf;https://kyoumu.office.uec.ac.jp/timet/jyoukyu8.pdf;https://kyoumu.office.uec.ac.jp/timet/B5.pdf;https://kyoumu.office.uec.ac.jp/timet/B6.pdf
3年,学年別,高分子有機化学,https://kyoumu.office.uec.ac.jp/timet/A5.pdf;https://kyoumu.office.uec.ac.jp/timet/jyoukyu7.pdf;https://kyoumu.office.uec.ac.jp/timet/A6.pdf;https://kyoumu.office.uec.ac.jp/timet/jyoukyu8.pdf;https://kyoumu.office.uec.ac.jp/timet/B5.pdf;https://kyoumu.office.uec.ac.jp/timet/B6.pdf
3年,学年別,物体認識論,https://kyoumu.office.uec.ac.jp/timet/A5.pdf;https://kyoumu.office.uec.ac.jp/timet/jyoukyu7.pdf;https://kyoumu.office.uec.ac.jp/timet/A6.pdf;https://kyoumu.office.uec.ac.jp/timet/jyoukyu8.pdf;https://kyoumu.office.uec.ac.jp/timet/B5.pdf;https://kyoumu.office.uec.ac.jp/timet/B6.pdf
3年,学年別,知的情報処理,https://kyoumu.office.uec.ac.jp/timet/A5.pdf;https://kyoumu.office.uec.ac.jp/timet/jyoukyu7.pdf;https://kyoumu.office.uec.ac.jp/timet/A6.pdf;https://kyoumu.office.uec.ac.jp/timet/jyoukyu8.pdf;https://kyoumu.office.uec.ac.jp/timet/B5.pdf;https://kyoumu.office.uec.ac.jp/timet/B6.pdf
3年,学年別,コンテンツセキュリティ,https://kyoumu.office.uec.ac.jp/timet/A5.pdf;https://kyoumu.office.uec.ac.jp/timet/jyoukyu7.pdf;https://kyoumu.office.uec.ac.jp/timet/A6.pdf;https://kyoumu.office.uec.ac.jp/timet/jyoukyu8.pdf;https://kyoumu.office.uec.ac.jp/timet/B5.pdf;https://kyoumu.office.uec.ac.jp/timet/B6.pdf
3年,学年別,光電子材料学,https://kyoumu.office.uec.ac.jp/timet/A5.pdf;https://kyoumu.office.uec.ac.jp/timet/jyoukyu7.pdf;https://kyoumu.office.uec.ac.jp/timet/A6.pdf;https://kyoumu.office.uec.ac.jp/timet/jyoukyu8.pdf;https://kyoumu.office.uec.ac.jp/timet/B5.pdf;https://kyoumu.office.uec.ac.jp/timet/B6.pdf
3年,学年別,固体物理工学第二,https://kyoumu.office.uec.ac.jp/timet/A5.pdf;https://kyoumu.office.uec.ac.jp/timet/jyoukyu7.pdf;https://kyoumu.office.uec.ac.jp/timet/A6.pdf;https://kyoumu.office.uec.ac.jp/timet/jyoukyu8.pdf;https://kyoumu.office.uec.ac.jp/timet/B5.pdf;https://kyoumu.office.uec.ac.jp/timet/B6.pdf
3年,学年別,神経科学,https://kyoumu.office.uec.ac.jp/timet/A5.pdf;https://kyoumu.office.uec.ac.jp/timet/jyoukyu7.pdf;https://kyoumu.office.uec.ac.jp/timet/A6.pdf;https://kyoumu.office.uec.ac.jp/timet/jyoukyu8.pdf;https://kyoumu.office.uec.ac.jp/timet/B5.pdf;https://kyoumu.office.uec.ac.jp/timet/B6.pdf
3年,学年別,技術者倫理,https://kyoumu.office.uec.ac.jp/timet/A5.pdf;https://kyoumu.office.uec.ac.jp/timet/jyoukyu7.pdf;https://kyoumu.office.uec.ac.jp/timet/A6.pdf;https://kyoumu.office.uec.ac.jp/timet/jyoukyu8.pdf;https://kyoumu.office.uec.ac.jp/timet/B5.pdf;https://kyoumu.office.uec.ac.jp/timet/B6.pdf
3年,学年別,メディア論,https://kyoumu.office.uec.ac.jp/timet/A5.pdf;https://kyoumu.office.uec.ac.jp/timet/jyoukyu7.pdf;https://kyoumu.office.uec.ac.jp/timet/A6.pdf;https://kyoumu.office.uec.ac.jp/timet/jyoukyu8.pdf;https://kyoumu.office.uec.ac.jp/timet/B5.pdf;https://kyoumu.office.uec.ac.jp/timet/B6.pdf
3年,学年別,ソフトウェア工学,https://kyoumu.office.uec.ac.jp/timet/A5.pdf;https://kyoumu.office.uec.ac.jp/timet/jyoukyu7.pdf;https://kyoumu.office.uec.ac.jp/timet/A6.pdf;https://kyoumu.office.uec.ac.jp/timet/jyoukyu8.pdf;https://kyoumu.office.uec.ac.jp/timet/B5.pdf;https://kyoumu.office.uec.ac.jp/timet/B6.pdf
3年,学年別,現代制御工学,https://kyoumu.office.uec.ac.jp/timet/A5.pdf;https://kyoumu.office.uec.ac.jp/timet/jyoukyu7.pdf;https://kyoumu.office.uec.ac.jp/timet/A6.pdf;https://kyoumu.office.uec.ac.jp/timet/jyoukyu8.pdf;https://kyoumu.office.uec.ac.jp/timet/B5.pdf;https://kyoumu.office.uec.ac.jp/timet/B6.pdf
3年,学年別,量子力学第二,https://kyoumu.office.uec.ac.jp/timet/A5.pdf;https://kyoumu.office.uec.ac.jp/timet/jyoukyu7.pdf;https://kyoumu.office.uec.ac.jp/timet/A6.pdf;https://kyoumu.office.uec.ac.jp/timet/jyoukyu8.pdf;https://kyoumu.office.uec.ac.jp/timet/B5.pdf;https://kyoumu.office.uec.ac.jp/timet/B6.pdf
3年,学年別,光工学実験第二,https://kyoumu.office.uec.ac.jp/timet/A5.pdf;https://kyoumu.office.uec.ac.jp/timet/jyoukyu7.pdf;https://kyoumu.office.uec.ac.jp/timet/A6.pdf;https://kyoumu.office.uec.ac.jp/timet/jyoukyu8.pdf;https://kyoumu.office.uec.ac.jp/timet/B5.pdf;https://kyoumu.office.uec.ac.jp/timet/B6.pdf
3年,学年別,化学生命工学実験第二,https://kyoumu.office.uec.ac.jp/timet/A5.pdf;https://kyoumu.office.uec.ac.jp/timet/jyoukyu7.pdf;https://kyoumu.office.uec.ac.jp/timet/A6.pdf;https://kyoumu.office.uec.ac.jp/timet/jyoukyu8.pdf;https://kyoumu.office.uec.ac.jp/timet/B5.pdf;https://kyoumu.office.uec.ac.jp/timet/B6.pdf
3年,学年別,電子デバイス,https://kyoumu.office.uec.ac.jp/timet/A5.pdf;https://kyoumu.office.uec.ac.jp/timet/jyoukyu7.pdf;https://kyoumu.office.uec.ac.jp/timet/A6.pdf;https://kyoumu.office.uec.ac.jp/timet/jyoukyu8.pdf;https://kyoumu.office.uec.ac.jp/timet/B5.pdf;https://kyoumu.office.uec.ac.jp/timet/B6.pdf
3年,学年別,ネットワークセキュリティ,https://kyoumu.office.uec.ac.jp/timet/A5.pdf;https://kyoumu.office.uec.ac.jp/timet/jyoukyu7.pdf;https://kyoumu.office.uec.ac.jp/timet/A6.pdf;https://kyoumu.office.uec.ac.jp/timet/jyoukyu8.pdf;https://kyoumu.office.uec.ac.jp/timet/B5.pdf;https://kyoumu.office.uec.ac.jp/timet/B6.pdf
3年,学年別,ベンチャービジネス概論,https://kyoumu.office.uec.ac.jp/timet/A5.pdf;https://kyoumu.office.uec.ac.jp/timet/jyoukyu7.pdf;https://kyoumu.office.uec.ac.jp/timet/A6.pdf;https://kyoumu.office.uec.ac.jp/timet/jyoukyu8.pdf;https://kyoumu.office.uec.ac.jp/timet/B5.pdf;https://kyoumu.office.uec.ac.jp/timet/B6.pdf
3年,学年別,Technical English - Intermediate English for Science,https://kyoumu.office.uec.ac.jp/timet/A5.pdf;https://kyoumu.office.uec.ac.jp/timet/jyoukyu7.pdf;https://kyoumu.office.uec.ac.jp/timet/A6.pdf;https://kyoumu.office.uec.ac.jp/timet/jyoukyu8.pdf;https://kyoumu.office.uec.ac.jp/timet/B5.pdf;https://kyoumu.office.uec.ac.jp/timet/B6.pdf
3年,学年別,Technical English - Intermediate English for Science（上級）,https://kyoumu.office.uec.ac.jp/timet/A5.pdf;https://kyoumu.office.uec.ac.jp/timet/jyoukyu7.pdf;https://kyoumu.office.uec.ac.jp/timet/A6.pdf;https://kyoumu.office.uec.ac.jp/timet/jyoukyu8.pdf;https://kyoumu.office.uec.ac.jp/timet/B5.pdf;https://kyoumu.office.uec.ac.jp/timet/B6.pdf
3年,学年別,Technical English - Intermediate English for Science（再履1_Engineering）,https://kyoumu.office.uec.ac.jp/timet/A5.pdf;https://kyoumu.office.uec.ac.jp/timet/jyoukyu7.pdf;https://kyoumu.office.uec.ac.jp/timet/A6.pdf;https://kyoumu.office.uec.ac.jp/timet/jyoukyu8.pdf;https://kyoumu.office.uec.ac.jp/timet/B5.pdf;https://kyoumu.office.uec.ac.jp/timet/B6.pdf
3年,学年別,Technical English - Intermediate English for Science（再履2_ICT）,https://kyoumu.office.uec.ac.jp/timet/A5.pdf;https://kyoumu.office.uec.ac.jp/timet/jyoukyu7.pdf;https://kyoumu.office.uec.ac.jp/timet/A6.pdf;https://kyoumu.office.uec.ac.jp/timet/jyoukyu8.pdf;https://kyoumu.office.uec.ac.jp/timet/B5.pdf;https://kyoumu.office.uec.ac.jp/timet/B6.pdf
3年,学年別,光通信工学,https://kyoumu.office.uec.ac.jp/timet/A5.pdf;https://kyoumu.office.uec.ac.jp/timet/jyoukyu7.pdf;https://kyoumu.office.uec.ac.jp/timet/A6.pdf;https://kyoumu.office.uec.ac.jp/timet/jyoukyu8.pdf;https://kyoumu.office.uec.ac.jp/timet/B5.pdf;https://kyoumu.office.uec.ac.jp/timet/B6.pdf
3年,学年別,生物学,https://kyoumu.office.uec.ac.jp/timet/A5.pdf;https://kyoumu.office.uec.ac.jp/timet/jyoukyu7.pdf;https://kyoumu.office.uec.ac.jp/timet/A6.pdf;https://kyoumu.office.uec.ac.jp/timet/jyoukyu8.pdf;https://kyoumu.office.uec.ac.jp/timet/B5.pdf;https://kyoumu.office.uec.ac.jp/timet/B6.pdf
3年,学年別,半導体工学,https://kyoumu.office.uec.ac.jp/timet/A5.pdf;https://kyoumu.office.uec.ac.jp/timet/jyoukyu7.pdf;https://kyoumu.office.uec.ac.jp/timet/A6.pdf;https://kyoumu.office.uec.ac.jp/timet/jyoukyu8.pdf;https://kyoumu.office.uec.ac.jp/timet/B5.pdf;https://kyoumu.office.uec.ac.jp/timet/B6.pdf
3年,学年別,有機化学第二,https://kyoumu.office.uec.ac.jp/timet/A5.pdf;https://kyoumu.office.uec.ac.jp/timet/jyoukyu7.pdf;https://kyoumu.office.uec.ac.jp/timet/A6.pdf;https://kyoumu.office.uec.ac.jp/timet/jyoukyu8.pdf;https://kyoumu.office.uec.ac.jp/timet/B5.pdf;https://kyoumu.office.uec.ac.jp/timet/B6.pdf
3年,学年別,メディア情報学実験,https://kyoumu.office.uec.ac.jp/timet/A5.pdf;https://kyoumu.office.uec.ac.jp/timet/jyoukyu7.pdf;https://kyoumu.office.uec.ac.jp/timet/A6.pdf;https://kyoumu.office.uec.ac.jp/timet/jyoukyu8.pdf;https://kyoumu.office.uec.ac.jp/timet/B5.pdf;https://kyoumu.office.uec.ac.jp/timet/B6.pdf
3年,学年別,信頼性工学,https://kyoumu.office.uec.ac.jp/timet/A5.pdf;https://kyoumu.office.uec.ac.jp/timet/jyoukyu7.pdf;https://kyoumu.office.uec.ac.jp/timet/A6.pdf;https://kyoumu.office.uec.ac.jp/timet/jyoukyu8.pdf;https://kyoumu.office.uec.ac.jp/timet/B5.pdf;https://kyoumu.office.uec.ac.jp/timet/B6.pdf
3年,学年別,暗号理論,https://kyoumu.office.uec.ac.jp/timet/A5.pdf;https://kyoumu.office.uec.ac.jp/timet/jyoukyu7.pdf;https://kyoumu.office.uec.ac.jp/timet/A6.pdf;https://kyoumu.office.uec.ac.jp/timet/jyoukyu8.pdf;https://kyoumu.office.uec.ac.jp/timet/B5.pdf;https://kyoumu.office.uec.ac.jp/timet/B6.pdf
3年,学年別,線形システム理論,https://kyoumu.office.uec.ac.jp/timet/A5.pdf;https://kyoumu.office.uec.ac.jp/timet/jyoukyu7.pdf;https://kyoumu.office.uec.ac.jp/timet/A6.pdf;https://kyoumu.office.uec.ac.jp/timet/jyoukyu8.pdf;https://kyoumu.office.uec.ac.jp/timet/B5.pdf;https://kyoumu.office.uec.ac.jp/timet/B6.pdf
3年,学年別,計算理論,https://kyoumu.office.uec.ac.jp/timet/A5.pdf;https://kyoumu.office.uec.ac.jp/timet/jyoukyu7.pdf;https://kyoumu.office.uec.ac.jp/timet/A6.pdf;https://kyoumu.office.uec.ac.jp/timet/jyoukyu8.pdf;https://kyoumu.office.uec.ac.jp/timet/B5.pdf;https://kyoumu.office.uec.ac.jp/timet/B6.pdf
3年,学年別,通信システム学,https://kyoumu.office.uec.ac.jp/timet/A5.pdf;https://kyoumu.office.uec.ac.jp/timet/jyoukyu7.pdf;https://kyoumu.office.uec.ac.jp/timet/A6.pdf;https://kyoumu.office.uec.ac.jp/timet/jyoukyu8.pdf;https://kyoumu.office.uec.ac.jp/timet/B5.pdf;https://kyoumu.office.uec.ac.jp/timet/B6.pdf
3年,学年別,量子エレクトロニクス,https://kyoumu.office.uec.ac.jp/timet/A5.pdf;https://kyoumu.office.uec.ac.jp/timet/jyoukyu7.pdf;https://kyoumu.office.uec.ac.jp/timet/A6.pdf;https://kyoumu.office.uec.ac.jp/timet/jyoukyu8.pdf;https://kyoumu.office.uec.ac.jp/timet/B5.pdf;https://kyoumu.office.uec.ac.jp/timet/B6.pdf
3年,学年別,生体システム工学,https://kyoumu.office.uec.ac.jp/timet/A5.pdf;https://kyoumu.office.uec.ac.jp/timet/jyoukyu7.pdf;https://kyoumu.office.uec.ac.jp/timet/A6.pdf;https://kyoumu.office.uec.ac.jp/timet/jyoukyu8.pdf;https://kyoumu.office.uec.ac.jp/timet/B5.pdf;https://kyoumu.office.uec.ac.jp/timet/B6.pdf
3年,学年別,熱・統計物理学,https://kyoumu.office.uec.ac.jp/timet/A5.pdf;https://kyoumu.office.uec.ac.jp/timet/jyoukyu7.pdf;https://kyoumu.office.uec.ac.jp/timet/A6.pdf;https://kyoumu.office.uec.ac.jp/timet/jyoukyu8.pdf;https://kyoumu.office.uec.ac.jp/timet/B5.pdf;https://kyoumu.office.uec.ac.jp/timet/B6.pdf
3年,学年別,応用生体システム工学,https://kyoumu.office.uec.ac.jp/timet/A5.pdf;https://kyoumu.office.uec.ac.jp/timet/jyoukyu7.pdf;https://kyoumu.office.uec.ac.jp/timet/A6.pdf;https://kyoumu.office.uec.ac.jp/timet/jyoukyu8.pdf;https://kyoumu.office.uec.ac.jp/timet/B5.pdf;https://kyoumu.office.uec.ac.jp/timet/B6.pdf
3年,学年別,イノベイティブ総合コミュニケーションデザイン2,https://kyoumu.office.uec.ac.jp/timet/A5.pdf;https://kyoumu.office.uec.ac.jp/timet/jyoukyu7.pdf;https://kyoumu.office.uec.ac.jp/timet/A6.pdf;https://kyoumu.office.uec.ac.jp/timet/jyoukyu8.pdf;https://kyoumu.office.uec.ac.jp/timet/B5.pdf;https://kyoumu.office.uec.ac.jp/timet/B6.pdf
3年,学年別,コンピュータグラフィックス,https://kyoumu.office.uec.ac.jp/timet/A5.pdf;https://kyoumu.office.uec.ac.jp/timet/jyoukyu7.pdf;https://kyoumu.office.uec.ac.jp/timet/A6.pdf;https://kyoumu.office.uec.ac.jp/timet/jyoukyu8.pdf;https://kyoumu.office.uec.ac.jp/timet/B5.pdf;https://kyoumu.office.uec.ac.jp/timet/B6.pdf
3年,学年別,材料工学,https://kyoumu.office.uec.ac.jp/timet/A5.pdf;https://kyoumu.office.uec.ac.jp/timet/jyoukyu7.pdf;https://kyoumu.office.uec.ac.jp/timet/A6.pdf;https://kyoumu.office.uec.ac.jp/timet/jyoukyu8.pdf;https://kyoumu.office.uec.ac.jp/timet/B5.pdf;https://kyoumu.office.uec.ac.jp/timet/B6.pdf
3年,学年別,熱・統計物理学基礎,https://kyoumu.office.uec.ac.jp/timet/A5.pdf;https://kyoumu.office.uec.ac.jp/timet/jyoukyu7.pdf;https://kyoumu.office.uec.ac.jp/timet/A6.pdf;https://kyoumu.office.uec.ac.jp/timet/jyoukyu8.pdf;https://kyoumu.office.uec.ac.jp/timet/B5.pdf;https://kyoumu.office.uec.ac.jp/timet/B6.pdf
3年,学年別,品質管理第二,https://kyoumu.office.uec.ac.jp/timet/A5.pdf;https://kyoumu.office.uec.ac.jp/timet/jyoukyu7.pdf;https://kyoumu.office.uec.ac.jp/timet/A6.pdf;https://kyoumu.office.uec.ac.jp/timet/jyoukyu8.pdf;https://kyoumu.office.uec.ac.jp/timet/B5.pdf;https://kyoumu.office.uec.ac.jp/timet/B6.pdf
3年,学年別,知能ロボット工学,https://kyoumu.office.uec.ac.jp/timet/A5.pdf;https://kyoumu.office.uec.ac.jp/timet/jyoukyu7.pdf;https://kyoumu.office.uec.ac.jp/timet/A6.pdf;https://kyoumu.office.uec.ac.jp/timet/jyoukyu8.pdf;https://kyoumu.office.uec.ac.jp/timet/B5.pdf;https://kyoumu.office.uec.ac.jp/timet/B6.pdf
3年,学年別,情報通信工学実験B1・B2,https://kyoumu.office.uec.ac.jp/timet/A5.pdf;https://kyoumu.office.uec.ac.jp/timet/jyoukyu7.pdf;https://kyoumu.office.uec.ac.jp/timet/A6.pdf;https://kyoumu.office.uec.ac.jp/timet/jyoukyu8.pdf;https://kyoumu.office.uec.ac.jp/timet/B5.pdf;https://kyoumu.office.uec.ac.jp/timet/B6.pdf
3年,学年別,電子情報学実験B1・B2,https://kyoumu.office.uec.ac.jp/timet/A5.pdf;https://kyoumu.office.uec.ac.jp/timet/jyoukyu7.pdf;https://kyoumu.office.uec.ac.jp/timet/A6.pdf;https://kyoumu.office.uec.ac.jp/timet/jyoukyu8.pdf;https://kyoumu.office.uec.ac.jp/timet/B5.pdf;https://kyoumu.office.uec.ac.jp/timet/B6.pdf
3年,学年別,システム生物学,https://kyoumu.office.uec.ac.jp/timet/A5.pdf;https://kyoumu.office.uec.ac.jp/timet/jyoukyu7.pdf;https://kyoumu.office.uec.ac.jp/timet/A6.pdf;https://kyoumu.office.uec.ac.jp/timet/jyoukyu8.pdf;https://kyoumu.office.uec.ac.jp/timet/B5.pdf;https://kyoumu.office.uec.ac.jp/timet/B6.pdf
3年,学年別,メカトロニクス基礎実験B,https://kyoumu.office.uec.ac.jp/timet/A5.pdf;https://kyoumu.office.uec.ac.jp/timet/jyoukyu7.pdf;https://kyoumu.office.uec.ac.jp/timet/A6.pdf;https://kyoumu.office.uec.ac.jp/timet/jyoukyu8.pdf;https://kyoumu.office.uec.ac.jp/timet/B5.pdf;https://kyoumu.office.uec.ac.jp/timet/B6.pdf
3年,学年別,知能機械工学基礎実験第二,https://kyoumu.office.uec.ac.jp/timet/A5.pdf;https://kyoumu.office.uec.ac.jp/timet/jyoukyu7.pdf;https://kyoumu.office.uec.ac.jp/timet/A6.pdf;https://kyoumu.office.uec.ac.jp/timet/jyoukyu8.pdf;https://kyoumu.office.uec.ac.jp/timet/B5.pdf;https://kyoumu.office.uec.ac.jp/timet/B6.pdf
3年,学年別,システム思考概論,https://kyoumu.office.uec.ac.jp/timet/A5.pdf;https://kyoumu.office.uec.ac.jp/timet/jyoukyu7.pdf;https://kyoumu.office.uec.ac.jp/timet/A6.pdf;https://kyoumu.office.uec.ac.jp/timet/jyoukyu8.pdf;https://kyoumu.office.uec.ac.jp/timet/B5.pdf;https://kyoumu.office.uec.ac.jp/timet/B6.pdf
3年,学年別,ソフトウェアセキュリティ,https://kyoumu.office.uec.ac.jp/timet/A5.pdf;https://kyoumu.office.uec.ac.jp/timet/jyoukyu7.pdf;https://kyoumu.office.uec.ac.jp/timet/A6.pdf;https://kyoumu.office.uec.ac.jp/timet/jyoukyu8.pdf;https://kyoumu.office.uec.ac.jp/timet/B5.pdf;https://kyoumu.office.uec.ac.jp/timet/B6.pdf
3年,学年別,量子力学第二演習,https://kyoumu.office.uec.ac.jp/timet/A5.pdf;https://kyoumu.office.uec.ac.jp/timet/jyoukyu7.pdf;https://kyoumu.office.uec.ac.jp/timet/A6.pdf;https://kyoumu.office.uec.ac.jp/timet/jyoukyu8.pdf;https://kyoumu.office.uec.ac.jp/timet/B5.pdf;https://kyoumu.office.uec.ac.jp/timet/B6.pdf
3年,学年別,化学生命工学演習第二,https://kyoumu.office.uec.ac.jp/timet/A5.pdf;https://kyoumu.office.uec.ac.jp/timet/jyoukyu7.pdf;https://kyoumu.office.uec.ac.jp/timet/A6.pdf;https://kyoumu.office.uec.ac.jp/timet/jyoukyu8.pdf;https://kyoumu.office.uec.ac.jp/timet/B5.pdf;https://kyoumu.office.uec.ac.jp/timet/B6.pdf
3年,学年別,オペレーションズ・リサーチ第二,https://kyoumu.office.uec.ac.jp/timet/A5.pdf;https://kyoumu.office.uec.ac.jp/timet/jyoukyu7.pdf;https://kyoumu.office.uec.ac.jp/timet/A6.pdf;https://kyoumu.office.uec.ac.jp/timet/jyoukyu8.pdf;https://kyoumu.office.uec.ac.jp/timet/B5.pdf;https://kyoumu.office.uec.ac.jp/timet/B6.pdf
3年,学年別,ハイパフォーマンスコンピューティング,https://kyoumu.office.uec.ac.jp/timet/A5.pdf;https://kyoumu.office.uec.ac.jp/timet/jyoukyu7.pdf;https://kyoumu.office.uec.ac.jp/timet/A6.pdf;https://kyoumu.office.uec.ac.jp/timet/jyoukyu8.pdf;https://kyoumu.office.uec.ac.jp/timet/B5.pdf;https://kyoumu.office.uec.ac.jp/timet/B6.pdf
3年,学年別,身体運動のバイオメカニクス,https://kyoumu.office.uec.ac.jp/timet/A5.pdf;https://kyoumu.office.uec.ac.jp/timet/jyoukyu7.pdf;https://kyoumu.office.uec.ac.jp/timet/A6.pdf;https://kyoumu.office.uec.ac.jp/timet/jyoukyu8.pdf;https://kyoumu.office.uec.ac.jp/timet/B5.pdf;https://kyoumu.office.uec.ac.jp/timet/B6.pdf
3年,学年別,外国語とその運用A【独語】,https://kyoumu.office.uec.ac.jp/timet/A5.pdf;https://kyoumu.office.uec.ac.jp/timet/jyoukyu7.pdf;https://kyoumu.office.uec.ac.jp/timet/A6.pdf;https://kyoumu.office.uec.ac.jp/timet/jyoukyu8.pdf;https://kyoumu.office.uec.ac.jp/timet/B5.pdf;https://kyoumu.office.uec.ac.jp/timet/B6.pdf
3年,学年別,外国語とその運用A【仏語】,https://kyoumu.office.uec.ac.jp/timet/A5.pdf;https://kyoumu.office.uec.ac.jp/timet/jyoukyu7.pdf;https://kyoumu.office.uec.ac.jp/timet/A6.pdf;https://kyoumu.office.uec.ac.jp/timet/jyoukyu8.pdf;https://kyoumu.office.uec.ac.jp/timet/B5.pdf;https://kyoumu.office.uec.ac.jp/timet/B6.pdf
3年,学年別,外国語とその運用A【露語】,https://kyoumu.office.uec.ac.jp/timet/A5.pdf;https://kyoumu.office.uec.ac.jp/timet/jyoukyu7.pdf;https://kyoumu.office.uec.ac.jp/timet/A6.pdf;https://kyoumu.office.uec.ac.jp/timet/jyoukyu8.pdf;https://kyoumu.office.uec.ac.jp/timet/B5.pdf;https://kyoumu.office.uec.ac.jp/timet/B6.pdf
3年,学年別,外国語とその運用A【中国語】,https://kyoumu.office.uec.ac.jp/timet/A5.pdf;https://kyoumu.office.uec.ac.jp/timet/jyoukyu7.pdf;https://kyoumu.office.uec.ac.jp/timet/A6.pdf;https://kyoumu.office.uec.ac.jp/timet/jyoukyu8.pdf;https://kyoumu.office.uec.ac.jp/timet/B5.pdf;https://kyoumu.office.uec.ac.jp/timet/B6.pdf
3年,学年別,外国語とその運用A【韓国朝鮮語】,https://kyoumu.office.uec.ac.jp/timet/A5.pdf;https://kyoumu.office.uec.ac.jp/timet/jyoukyu7.pdf;https://kyoumu.office.uec.ac.jp/timet/A6.pdf;https://kyoumu.office.uec.ac.jp/timet/jyoukyu8.pdf;https://kyoumu.office.uec.ac.jp/timet/B5.pdf;https://kyoumu.office.uec.ac.jp/timet/B6.pdf
3年,学年別,エイジングの健康科学,https://kyoumu.office.uec.ac.jp/timet/A5.pdf;https://kyoumu.office.uec.ac.jp/timet/jyoukyu7.pdf;https://kyoumu.office.uec.ac.jp/timet/A6.pdf;https://kyoumu.office.uec.ac.jp/timet/jyoukyu8.pdf;https://kyoumu.office.uec.ac.jp/timet/B5.pdf;https://kyoumu.office.uec.ac.jp/timet/B6.pdf
3年,学年別,日本語とコミュニケーションA,https://kyoumu.office.uec.ac.jp/timet/A5.pdf;https://kyoumu.office.uec.ac.jp/timet/jyoukyu7.pdf;https://kyoumu.office.uec.ac.jp/timet/A6.pdf;https://kyoumu.office.uec.ac.jp/timet/jyoukyu8.pdf;https://kyoumu.office.uec.ac.jp/timet/B5.pdf;https://kyoumu.office.uec.ac.jp/timet/B6.pdf
3年,学年別,認知科学,https://kyoumu.office.uec.ac.jp/timet/A5.pdf;https://kyoumu.office.uec.ac.jp/timet/jyoukyu7.pdf;https://kyoumu.office.uec.ac.jp/timet/A6.pdf;https://kyoumu.office.uec.ac.jp/timet/jyoukyu8.pdf;https://kyoumu.office.uec.ac.jp/timet/B5.pdf;https://kyoumu.office.uec.ac.jp/timet/B6.pdf
3年,学年別,人間と外交,https://kyoumu.office.uec.ac.jp/timet/A5.pdf;https://kyoumu.office.uec.ac.jp/timet/jyoukyu7.pdf;https://kyoumu.office.uec.ac.jp/timet/A6.pdf;https://kyoumu.office.uec.ac.jp/timet/jyoukyu8.pdf;https://kyoumu.office.uec.ac.jp/timet/B5.pdf;https://kyoumu.office.uec.ac.jp/timet/B6.pdf
3年,学年別,現代の教育,https://kyoumu.office.uec.ac.jp/timet/A5.pdf;https://kyoumu.office.uec.ac.jp/timet/jyoukyu7.pdf;https://kyoumu.office.uec.ac.jp/timet/A6.pdf;https://kyoumu.office.uec.ac.jp/timet/jyoukyu8.pdf;https://kyoumu.office.uec.ac.jp/timet/B5.pdf;https://kyoumu.office.uec.ac.jp/timet/B6.pdf
3年,学年別,日本の科学と技術A,https://kyoumu.office.uec.ac.jp/timet/A5.pdf;https://kyoumu.office.uec.ac.jp/timet/jyoukyu7.pdf;https://kyoumu.office.uec.ac.jp/timet/A6.pdf;https://kyoumu.office.uec.ac.jp/timet/jyoukyu8.pdf;https://kyoumu.office.uec.ac.jp/timet/B5.pdf;https://kyoumu.office.uec.ac.jp/timet/B6.pdf
3年,学年別,情報と職業,https://kyoumu.office.uec.ac.jp/timet/A5.pdf;https://kyoumu.office.uec.ac.jp/timet/jyoukyu7.pdf;https://kyoumu.office.uec.ac.jp/timet/A6.pdf;https://kyoumu.office.uec.ac.jp/timet/jyoukyu8.pdf;https://kyoumu.office.uec.ac.jp/timet/B5.pdf;https://kyoumu.office.uec.ac.jp/timet/B6.pdf
3年,学年別,日常生活の対人関係,https://kyoumu.office.uec.ac.jp/timet/A5.pdf;https://kyoumu.office.uec.ac.jp/timet/jyoukyu7.pdf;https://kyoumu.office.uec.ac.jp/timet/A6.pdf;https://kyoumu.office.uec.ac.jp/timet/jyoukyu8.pdf;https://kyoumu.office.uec.ac.jp/timet/B5.pdf;https://kyoumu.office.uec.ac.jp/timet/B6.pdf
3年,学年別,運動と筋の科学,https://kyoumu.office.uec.ac.jp/timet/A5.pdf;https://kyoumu.office.uec.ac.jp/timet/jyoukyu7.pdf;https://kyoumu.office.uec.ac.jp/timet/A6.pdf;https://kyoumu.office.uec.ac.jp/timet/jyoukyu8.pdf;https://kyoumu.office.uec.ac.jp/timet/B5.pdf;https://kyoumu.office.uec.ac.jp/timet/B6.pdf
3年,学年別,Research Presentation,https://kyoumu.office.uec.ac.jp/timet/A5.pdf;https://kyoumu.office.uec.ac.jp/timet/jyoukyu7.pdf;https://kyoumu.office.uec.ac.jp/timet/A6.pdf;https://kyoumu.office.uec.ac.jp/timet/jyoukyu8.pdf;https://kyoumu.office.uec.ac.jp/timet/B5.pdf;https://kyoumu.office.uec.ac.jp/timet/B6.pdf
3年,学年別,ドイツ倫理学,https://kyoumu.office.uec.ac.jp/timet/A5.pdf;https://kyoumu.office.uec.ac.jp/timet/jyoukyu7.pdf;https://kyoumu.office.uec.ac.jp/timet/A6.pdf;https://kyoumu.office.uec.ac.jp/timet/jyoukyu8.pdf;https://kyoumu.office.uec.ac.jp/timet/B5.pdf;https://kyoumu.office.uec.ac.jp/timet/B6.pdf
3年,学年別,江戸の社会と数学,https://kyoumu.office.uec.ac.jp/timet/A5.pdf;https://kyoumu.office.uec.ac.jp/timet/jyoukyu7.pdf;https://kyoumu.office.uec.ac.jp/timet/A6.pdf;https://kyoumu.office.uec.ac.jp/timet/jyoukyu8.pdf;https://kyoumu.office.uec.ac.jp/timet/B5.pdf;https://kyoumu.office.uec.ac.jp/timet/B6.pdf
3年,学年別,科学技術と人間,https://kyoumu.office.uec.ac.jp/timet/A5.pdf;https://kyoumu.office.uec.ac.jp/timet/jyoukyu7.pdf;https://kyoumu.office.uec.ac.jp/timet/A6.pdf;https://kyoumu.office.uec.ac.jp/timet/jyoukyu8.pdf;https://kyoumu.office.uec.ac.jp/timet/B5.pdf;https://kyoumu.office.uec.ac.jp/timet/B6.pdf
3年,学年別,Reading Scientific Research,https://kyoumu.office.uec.ac.jp/timet/A5.pdf;https://kyoumu.office.uec.ac.jp/timet/jyoukyu7.pdf;https://kyoumu.office.uec.ac.jp/timet/A6.pdf;https://kyoumu.office.uec.ac.jp/timet/jyoukyu8.pdf;https://kyoumu.office.uec.ac.jp/timet/B5.pdf;https://kyoumu.office.uec.ac.jp/timet/B6.pdf
3年,学年別,比較文化論,https://kyoumu.office.uec.ac.jp/timet/A5.pdf;https://kyoumu.office.uec.ac.jp/timet/jyoukyu7.pdf;https://kyoumu.office.uec.ac.jp/timet/A6.pdf;https://kyoumu.office.uec.ac.jp/timet/jyoukyu8.pdf;https://kyoumu.office.uec.ac.jp/timet/B5.pdf;https://kyoumu.office.uec.ac.jp/timet/B6.pdf
3年,学年別,文化形態論,https://kyoumu.office.uec.ac.jp/timet/A5.pdf;https://kyoumu.office.uec.ac.jp/timet/jyoukyu7.pdf;https://kyoumu.office.uec.ac.jp/timet/A6.pdf;https://kyoumu.office.uec.ac.jp/timet/jyoukyu8.pdf;https://kyoumu.office.uec.ac.jp/timet/B5.pdf;https://kyoumu.office.uec.ac.jp/timet/B6.pdf
3年,学年別,文化干渉論,https://kyoumu.office.uec.ac.jp/timet/A5.pdf;https://kyoumu.office.uec.ac.jp/timet/jyoukyu7.pdf;https://kyoumu.office.uec.ac.jp/timet/A6.pdf;https://kyoumu.office.uec.ac.jp/timet/jyoukyu8.pdf;https://kyoumu.office.uec.ac.jp/timet/B5.pdf;https://kyoumu.office.uec.ac.jp/timet/B6.pdf
3年,学年別,日本語表現法,https://kyoumu.office.uec.ac.jp/timet/A5.pdf;https://kyoumu.office.uec.ac.jp/timet/jyoukyu7.pdf;https://kyoumu.office.uec.ac.jp/timet/A6.pdf;https://kyoumu.office.uec.ac.jp/timet/jyoukyu8.pdf;https://kyoumu.office.uec.ac.jp/timet/B5.pdf;https://kyoumu.office.uec.ac.jp/timet/B6.pdf
3年,学年別,日本の内政と外交,https://kyoumu.office.uec.ac.jp/timet/A5.pdf;https://kyoumu.office.uec.ac.jp/timet/jyoukyu7.pdf;https://kyoumu.office.uec.ac.jp/timet/A6.pdf;https://kyoumu.office.uec.ac.jp/timet/jyoukyu8.pdf;https://kyoumu.office.uec.ac.jp/timet/B5.pdf;https://kyoumu.office.uec.ac.jp/timet/B6.pdf
3年,学年別,数学の哲学,https://kyoumu.office.uec.ac.jp/timet/A5.pdf;https://kyoumu.office.uec.ac.jp/timet/jyoukyu7.pdf;https://kyoumu.office.uec.ac.jp/timet/A6.pdf;https://kyoumu.office.uec.ac.jp/timet/jyoukyu8.pdf;https://kyoumu.office.uec.ac.jp/timet/B5.pdf;https://kyoumu.office.uec.ac.jp/timet/B6.pdf
3年,学年別,サイエンス・コミュニケーション演習,https://kyoumu.office.uec.ac.jp/timet/A5.pdf;https://kyoumu.office.uec.ac.jp/timet/jyoukyu7.pdf;https://kyoumu.office.uec.ac.jp/timet/A6.pdf;https://kyoumu.office.uec.ac.jp/timet/jyoukyu8.pdf;https://kyoumu.office.uec.ac.jp/timet/B5.pdf;https://kyoumu.office.uec.ac.jp/timet/B6.pdf
3年,学年別,外国語とその運用B【独語】,https://kyoumu.office.uec.ac.jp/timet/A5.pdf;https://kyoumu.office.uec.ac.jp/timet/jyoukyu7.pdf;https://kyoumu.office.uec.ac.jp/timet/A6.pdf;https://kyoumu.office.uec.ac.jp/timet/jyoukyu8.pdf;https://kyoumu.office.uec.ac.jp/timet/B5.pdf;https://kyoumu.office.uec.ac.jp/timet/B6.pdf
3年,学年別,外国語とその運用B【仏語】,https://kyoumu.office.uec.ac.jp/timet/A5.pdf;https://kyoumu.office.uec.ac.jp/timet/jyoukyu7.pdf;https://kyoumu.office.uec.ac.jp/timet/A6.pdf;https://kyoumu.office.uec.ac.jp/timet/jyoukyu8.pdf;https://kyoumu.office.uec.ac.jp/timet/B5.pdf;https://kyoumu.office.uec.ac.jp/timet/B6.pdf
3年,学年別,外国語とその運用B【露語】,https://kyoumu.office.uec.ac.jp/timet/A5.pdf;https://kyoumu.office.uec.ac.jp/timet/jyoukyu7.pdf;https://kyoumu.office.uec.ac.jp/timet/A6.pdf;https://kyoumu.office.uec.ac.jp/timet/jyoukyu8.pdf;https://kyoumu.office.uec.ac.jp/timet/B5.pdf;https://kyoumu.office.uec.ac.jp/timet/B6.pdf
3年,学年別,外国語とその運用B【中国語】,https://kyoumu.office.uec.ac.jp/timet/A5.pdf;https://kyoumu.office.uec.ac.jp/timet/jyoukyu7.pdf;https://kyoumu.office.uec.ac.jp/timet/A6.pdf;https://kyoumu.office.uec.ac.jp/timet/jyoukyu8.pdf;https://kyoumu.office.uec.ac.jp/timet/B5.pdf;https://kyoumu.office.uec.ac.jp/timet/B6.pdf
3年,学年別,外国語とその運用B【韓国朝鮮語】,https://kyoumu.office.uec.ac.jp/timet/A5.pdf;https://kyoumu.office.uec.ac.jp/timet/jyoukyu7.pdf;https://kyoumu.office.uec.ac.jp/timet/A6.pdf;https://kyoumu.office.uec.ac.jp/timet/jyoukyu8.pdf;https://kyoumu.office.uec.ac.jp/timet/B5.pdf;https://kyoumu.office.uec.ac.jp/timet/B6.pdf
3年,学年別,心の科学,https://kyoumu.office.uec.ac.jp/timet/A5.pdf;https://kyoumu.office.uec.ac.jp/timet/jyoukyu7.pdf;https://kyoumu.office.uec.ac.jp/timet/A6.pdf;https://kyoumu.office.uec.ac.jp/timet/jyoukyu8.pdf;https://kyoumu.office.uec.ac.jp/timet/B5.pdf;https://kyoumu.office.uec.ac.jp/timet/B6.pdf
3年,学年別,体力の科学,https://kyoumu.office.uec.ac.jp/timet/A5.pdf;https://kyoumu.office.uec.ac.jp/timet/jyoukyu7.pdf;https://kyoumu.office.uec.ac.jp/timet/A6.pdf;https://kyoumu.office.uec.ac.jp/timet/jyoukyu8.pdf;https://kyoumu.office.uec.ac.jp/timet/B5.pdf;https://kyoumu.office.uec.ac.jp/timet/B6.pdf
3年,学年別,Innovative and Global Leadership Skills,https://kyoumu.office.uec.ac.jp/timet/A5.pdf;https://kyoumu.office.uec.ac.jp/timet/jyoukyu7.pdf;https://kyoumu.office.uec.ac.jp/timet/A6.pdf;https://kyoumu.office.uec.ac.jp/timet/jyoukyu8.pdf;https://kyoumu.office.uec.ac.jp/timet/B5.pdf;https://kyoumu.office.uec.ac.jp/timet/B6.pdf
3年,学年別,日本語とコミュニケーションB,https://kyoumu.office.uec.ac.jp/timet/A5.pdf;https://kyoumu.office.uec.ac.jp/timet/jyoukyu7.pdf;https://kyoumu.office.uec.ac.jp/timet/A6.pdf;https://kyoumu.office.uec.ac.jp/timet/jyoukyu8.pdf;https://kyoumu.office.uec.ac.jp/timet/B5.pdf;https://kyoumu.office.uec.ac.jp/timet/B6.pdf
3年,学年別,日本の科学と技術B,https://kyoumu.office.uec.ac.jp/timet/A5.pdf;https://kyoumu.office.uec.ac.jp/timet/jyoukyu7.pdf;https://kyoumu.office.uec.ac.jp/timet/A6.pdf;https://kyoumu.office.uec.ac.jp/timet/jyoukyu8.pdf;https://kyoumu.office.uec.ac.jp/timet/B5.pdf;https://kyoumu.office.uec.ac.jp/timet/B6.pdf
3年,学年別,応用代数学,https://kyoumu.office.uec.ac.jp/timet/A5.pdf;https://kyoumu.office.uec.ac.jp/timet/jyoukyu7.pdf;https://kyoumu.office.uec.ac.jp/timet/A6.pdf;https://kyoumu.office.uec.ac.jp/timet/jyoukyu8.pdf;https://kyoumu.office.uec.ac.jp/timet/B5.pdf;https://kyoumu.office.uec.ac.jp/timet/B6.pdf
3年,学年別,現代化学,https://kyoumu.office.uec.ac.jp/timet/A5.pdf;https://kyoumu.office.uec.ac.jp/timet/jyoukyu7.pdf;https://kyoumu.office.uec.ac.jp/timet/A6.pdf;https://kyoumu.office.uec.ac.jp/timet/jyoukyu8.pdf;https://kyoumu.office.uec.ac.jp/timet/B5.pdf;https://kyoumu.office.uec.ac.jp/timet/B6.pdf
3年,学年別,教育の歴史,https://kyoumu.office.uec.ac.jp/timet/A5.pdf;https://kyoumu.office.uec.ac.jp/timet/jyoukyu7.pdf;https://kyoumu.office.uec.ac.jp/timet/A6.pdf;https://kyoumu.office.uec.ac.jp/timet/jyoukyu8.pdf;https://kyoumu.office.uec.ac.jp/timet/B5.pdf;https://kyoumu.office.uec.ac.jp/timet/B6.pdf
3年,学年別,Preparation for Graduate School,https://kyoumu.office.uec.ac.jp/timet/A5.pdf;https://kyoumu.office.uec.ac.jp/timet/jyoukyu7.pdf;https://kyoumu.office.uec.ac.jp/timet/A6.pdf;https://kyoumu.office.uec.ac.jp/timet/jyoukyu8.pdf;https://kyoumu.office.uec.ac.jp/timet/B5.pdf;https://kyoumu.office.uec.ac.jp/timet/B6.pdf
3年,学年別,健康の科学,https://kyoumu.office.uec.ac.jp/timet/A5.pdf;https://kyoumu.office.uec.ac.jp/timet/jyoukyu7.pdf;https://kyoumu.office.uec.ac.jp/timet/A6.pdf;https://kyoumu.office.uec.ac.jp/timet/jyoukyu8.pdf;https://kyoumu.office.uec.ac.jp/timet/B5.pdf;https://kyoumu.office.uec.ac.jp/timet/B6.pdf
3年,学年別,環境論,https://kyoumu.office.uec.ac.jp/timet/A5.pdf;https://kyoumu.office.uec.ac.jp/timet/jyoukyu7.pdf;https://kyoumu.office.uec.ac.jp/timet/A6.pdf;https://kyoumu.office.uec.ac.jp/timet/jyoukyu8.pdf;https://kyoumu.office.uec.ac.jp/timet/B5.pdf;https://kyoumu.office.uec.ac.jp/timet/B6.pdf
3年,学年別,伝統科学と近代科学の相克,https://kyoumu.office.uec.ac.jp/timet/A5.pdf;https://kyoumu.office.uec.ac.jp/timet/jyoukyu7.pdf;https://kyoumu.office.uec.ac.jp/timet/A6.pdf;https://kyoumu.office.uec.ac.jp/timet/jyoukyu8.pdf;https://kyoumu.office.uec.ac.jp/timet/B5.pdf;https://kyoumu.office.uec.ac.jp/timet/B6.pdf
3年,学年別,英米倫理学,https://kyoumu.office.uec.ac.jp/timet/A5.pdf;https://kyoumu.office.uec.ac.jp/timet/jyoukyu7.pdf;https://kyoumu.office.uec.ac.jp/timet/A6.pdf;https://kyoumu.office.uec.ac.jp/timet/jyoukyu8.pdf;https://kyoumu.office.uec.ac.jp/timet/B5.pdf;https://kyoumu.office.uec.ac.jp/timet/B6.pdf
3年,学年別,スポーツとコミュニケーション,https://kyoumu.office.uec.ac.jp/timet/A5.pdf;https://kyoumu.office.uec.ac.jp/timet/jyoukyu7.pdf;https://kyoumu.office.uec.ac.jp/timet/A6.pdf;https://kyoumu.office.uec.ac.jp/timet/jyoukyu8.pdf;https://kyoumu.office.uec.ac.jp/timet/B5.pdf;https://kyoumu.office.uec.ac.jp/timet/B6.pdf
3年,学年別,倫理学と哲学の間,https://kyoumu.office.uec.ac.jp/timet/A5.pdf;https://kyoumu.office.uec.ac.jp/timet/jyoukyu7.pdf;https://kyoumu.office.uec.ac.jp/timet/A6.pdf;https://kyoumu.office.uec.ac.jp/timet/jyoukyu8.pdf;https://kyoumu.office.uec.ac.jp/timet/B5.pdf;https://kyoumu.office.uec.ac.jp/timet/B6.pdf
3年,学年別,国際文化論,https://kyoumu.office.uec.ac.jp/timet/A5.pdf;https://kyoumu.office.uec.ac.jp/timet/jyoukyu7.pdf;https://kyoumu.office.uec.ac.jp/timet/A6.pdf;https://kyoumu.office.uec.ac.jp/timet/jyoukyu8.pdf;https://kyoumu.office.uec.ac.jp/timet/B5.pdf;https://kyoumu.office.uec.ac.jp/timet/B6.pdf
3年,学年別,文化と言語,https://kyoumu.office.uec.ac.jp/timet/A5.pdf;https://kyoumu.office.uec.ac.jp/timet/jyoukyu7.pdf;https://kyoumu.office.uec.ac.jp/timet/A6.pdf;https://kyoumu.office.uec.ac.jp/timet/jyoukyu8.pdf;https://kyoumu.office.uec.ac.jp/timet/B5.pdf;https://kyoumu.office.uec.ac.jp/timet/B6.pdf
3年,学年別,地域文化論,https://kyoumu.office.uec.ac.jp/timet/A5.pdf;https://kyoumu.office.uec.ac.jp/timet/jyoukyu7.pdf;https://kyoumu.office.uec.ac.jp/timet/A6.pdf;https://kyoumu.office.uec.ac.jp/timet/jyoukyu8.pdf;https://kyoumu.office.uec.ac.jp/timet/B5.pdf;https://kyoumu.office.uec.ac.jp/timet/B6.pdf
3年,学年別,日本語読解法,https://kyoumu.office.uec.ac.jp/timet/A5.pdf;https://kyoumu.office.uec.ac.jp/timet/jyoukyu7.pdf;https://kyoumu.office.uec.ac.jp/timet/A6.pdf;https://kyoumu.office.uec.ac.jp/timet/jyoukyu8.pdf;https://kyoumu.office.uec.ac.jp/timet/B5.pdf;https://kyoumu.office.uec.ac.jp/timet/B6.pdf
3年,学年別,メンタルヘルス論,https://kyoumu.office.uec.ac.jp/timet/A5.pdf;https://kyoumu.office.uec.ac.jp/timet/jyoukyu7.pdf;https://kyoumu.office.uec.ac.jp/timet/A6.pdf;https://kyoumu.office.uec.ac.jp/timet/jyoukyu8.pdf;https://kyoumu.office.uec.ac.jp/timet/B5.pdf;https://kyoumu.office.uec.ac.jp/timet/B6.pdf
3年,学年別,計算と論理の哲学,https://kyoumu.office.uec.ac.jp/timet/A5.pdf;https://kyoumu.office.uec.ac.jp/timet/jyoukyu7.pdf;https://kyoumu.office.uec.ac.jp/timet/A6.pdf;https://kyoumu.office.uec.ac.jp/timet/jyoukyu8.pdf;https://kyoumu.office.uec.ac.jp/timet/B5.pdf;https://kyoumu.office.uec.ac.jp/timet/B6.pdf
3年,学年別,現代物理学を創った人々（休講）,https://kyoumu.office.uec.ac.jp/timet/A5.pdf;https://kyoumu.office.uec.ac.jp/timet/jyoukyu7.pdf;https://kyoumu.office.uec.ac.jp/timet/A6.pdf;https://kyoumu.office.uec.ac.jp/timet/jyoukyu8.pdf;https://kyoumu.office.uec.ac.jp/timet/B5.pdf;https://kyoumu.office.uec.ac.jp/timet/B6.pdf
3年,学年別,設計工学,https://kyoumu.office.uec.ac.jp/timet/A5.pdf;https://kyoumu.office.uec.ac.jp/timet/jyoukyu7.pdf;https://kyoumu.office.uec.ac.jp/timet/A6.pdf;https://kyoumu.office.uec.ac.jp/timet/jyoukyu8.pdf;https://kyoumu.office.uec.ac.jp/timet/B5.pdf;https://kyoumu.office.uec.ac.jp/timet/B6.pdf
3年,学年別,科学という文化,https://kyoumu.office.uec.ac.jp/timet/A5.pdf;https://kyoumu.office.uec.ac.jp/timet/jyoukyu7.pdf;https://kyoumu.office.uec.ac.jp/timet/A6.pdf;https://kyoumu.office.uec.ac.jp/timet/jyoukyu8.pdf;https://kyoumu.office.uec.ac.jp/timet/B5.pdf;https://kyoumu.office.uec.ac.jp/timet/B6.pdf
3年,学年別,技術課程演習第一,https://kyoumu.office.uec.ac.jp/timet/A5.pdf;https://kyoumu.office.uec.ac.jp/timet/jyoukyu7.pdf;https://kyoumu.office.uec.ac.jp/timet/A6.pdf;https://kyoumu.office.uec.ac.jp/timet/jyoukyu8.pdf;https://kyoumu.office.uec.ac.jp/timet/B5.pdf;https://kyoumu.office.uec.ac.jp/timet/B6.pdf
3年,学年別,技術課程演習第二,https://kyoumu.office.uec.ac.jp/timet/A5.pdf;https://kyoumu.office.uec.ac.jp/timet/jyoukyu7.pdf;https://kyoumu.office.uec.ac.jp/timet/A6.pdf;https://kyoumu.office.uec.ac.jp/timet/jyoukyu8.pdf;https://kyoumu.office.uec.ac.jp/timet/B5.pdf;https://kyoumu.office.uec.ac.jp/timet/B6.pdf
3年,学年別,地理学,https://kyoumu.office.uec.ac.jp/timet/A5.pdf;https://kyoumu.office.uec.ac.jp/timet/jyoukyu7.pdf;https://kyoumu.office.uec.ac.jp/timet/A6.pdf;https://kyoumu.office.uec.ac.jp/timet/jyoukyu8.pdf;https://kyoumu.office.uec.ac.jp/timet/B5.pdf;https://kyoumu.office.uec.ac.jp/timet/B6.pdf
3年,学年別,社会思想史,https://kyoumu.office.uec.ac.jp/timet/A5.pdf;https://kyoumu.office.uec.ac.jp/timet/jyoukyu7.pdf;https://kyoumu.office.uec.ac.jp/timet/A6.pdf;https://kyoumu.office.uec.ac.jp/timet/jyoukyu8.pdf;https://kyoumu.office.uec.ac.jp/timet/B5.pdf;https://kyoumu.office.uec.ac.jp/timet/B6.pdf
3年,学年別,情報通信と符号化,https://kyoumu.office.uec.ac.jp/timet/A5.pdf;https://kyoumu.office.uec.ac.jp/timet/jyoukyu7.pdf;https://kyoumu.office.uec.ac.jp/timet/A6.pdf;https://kyoumu.office.uec.ac.jp/timet/jyoukyu8.pdf;https://kyoumu.office.uec.ac.jp/timet/B5.pdf;https://kyoumu.office.uec.ac.jp/timet/B6.pdf
3年,学年別,回路システム学,https://kyoumu.office.uec.ac.jp/timet/A5.pdf;https://kyoumu.office.uec.ac.jp/timet/jyoukyu7.pdf;https://kyoumu.office.uec.ac.jp/timet/A6.pdf;https://kyoumu.office.uec.ac.jp/timet/jyoukyu8.pdf;https://kyoumu.office.uec.ac.jp/timet/B5.pdf;https://kyoumu.office.uec.ac.jp/timet/B6.pdf
3年,学年別,科学技術と倫理,https://kyoumu.office.uec.ac.jp/timet/A5.pdf;https://kyoumu.office.uec.ac.jp/timet/jyoukyu7.pdf;https://kyoumu.office.uec.ac.jp/timet/A6.pdf;https://kyoumu.office.uec.ac.jp/timet/jyoukyu8.pdf;https://kyoumu.office.uec.ac.jp/timet/B5.pdf;https://kyoumu.office.uec.ac.jp/timet/B6.pdf
3年,学年別,制御工学,https://kyoumu.office.uec.ac.jp/timet/A5.pdf;https://kyoumu.office.uec.ac.jp/timet/jyoukyu7.pdf;https://kyoumu.office.uec.ac.jp/timet/A6.pdf;https://kyoumu.office.uec.ac.jp/timet/jyoukyu8.pdf;https://kyoumu.office.uec.ac.jp/timet/B5.pdf;https://kyoumu.office.uec.ac.jp/timet/B6.pdf
3年,学年別,アナログ回路実験,https://kyoumu.office.uec.ac.jp/timet/A5.pdf;https://kyoumu.office.uec.ac.jp/timet/jyoukyu7.pdf;https://kyoumu.office.uec.ac.jp/timet/A6.pdf;https://kyoumu.office.uec.ac.jp/timet/jyoukyu8.pdf;https://kyoumu.office.uec.ac.jp/timet/B5.pdf;https://kyoumu.office.uec.ac.jp/timet/B6.pdf
3年,学年別,プログラミング実験,https://kyoumu.office.uec.ac.jp/timet/A5.pdf;https://kyoumu.office.uec.ac.jp/timet/jyoukyu7.pdf;https://kyoumu.office.uec.ac.jp/timet/A6.pdf;https://kyoumu.office.uec.ac.jp/timet/jyoukyu8.pdf;https://kyoumu.office.uec.ac.jp/timet/B5.pdf;https://kyoumu.office.uec.ac.jp/timet/B6.pdf
3年,学年別,計算機工学,https://kyoumu.office.uec.ac.jp/timet/A5.pdf;https://kyoumu.office.uec.ac.jp/timet/jyoukyu7.pdf;https://kyoumu.office.uec.ac.jp/timet/A6.pdf;https://kyoumu.office.uec.ac.jp/timet/jyoukyu8.pdf;https://kyoumu.office.uec.ac.jp/timet/B5.pdf;https://kyoumu.office.uec.ac.jp/timet/B6.pdf
3年,学年別,倫理学,https://kyoumu.office.uec.ac.jp/timet/A5.pdf;https://kyoumu.office.uec.ac.jp/timet/jyoukyu7.pdf;https://kyoumu.office.uec.ac.jp/timet/A6.pdf;https://kyoumu.office.uec.ac.jp/timet/jyoukyu8.pdf;https://kyoumu.office.uec.ac.jp/timet/B5.pdf;https://kyoumu.office.uec.ac.jp/timet/B6.pdf
3年,学年別,組み込みシステム,https://kyoumu.office.uec.ac.jp/timet/A5.pdf;https://kyoumu.office.uec.ac.jp/timet/jyoukyu7.pdf;https://kyoumu.office.uec.ac.jp/timet/A6.pdf;https://kyoumu.office.uec.ac.jp/timet/jyoukyu8.pdf;https://kyoumu.office.uec.ac.jp/timet/B5.pdf;https://kyoumu.office.uec.ac.jp/timet/B6.pdf
3年,学年別,法学,https://kyoumu.office.uec.ac.jp/timet/A5.pdf;https://kyoumu.office.uec.ac.jp/timet/jyoukyu7.pdf;https://kyoumu.office.uec.ac.jp/timet/A6.pdf;https://kyoumu.office.uec.ac.jp/timet/jyoukyu8.pdf;https://kyoumu.office.uec.ac.jp/timet/B5.pdf;https://kyoumu.office.uec.ac.jp/timet/B6.pdf
3年,学年別,情報学実験,https://kyoumu.office.uec.ac.jp/timet/A5.pdf;https://kyoumu.office.uec.ac.jp/timet/jyoukyu7.pdf;https://kyoumu.office.uec.ac.jp/timet/A6.pdf;https://kyoumu.office.uec.ac.jp/timet/jyoukyu8.pdf;https://kyoumu.office.uec.ac.jp/timet/B5.pdf;https://kyoumu.office.uec.ac.jp/timet/B6.pdf
3年,学年別,知能機械工学実験,https://kyoumu.office.uec.ac.jp/timet/A5.pdf;https://kyoumu.office.uec.ac.jp/timet/jyoukyu7.pdf;https://kyoumu.office.uec.ac.jp/timet/A6.pdf;https://kyoumu.office.uec.ac.jp/timet/jyoukyu8.pdf;https://kyoumu.office.uec.ac.jp/timet/B5.pdf;https://kyoumu.office.uec.ac.jp/timet/B6.pdf
4年,学年別,集積回路学,https://kyoumu.office.uec.ac.jp/timet/A7.pdf;https://kyoumu.office.uec.ac.jp/timet/jyoukyu7.pdf;https://kyoumu.office.uec.ac.jp/timet/A8.pdf;https://kyoumu.office.uec.ac.jp/timet/jyoukyu8.pdf;https://kyoumu.office.uec.ac.jp/timet/inrenkei1.pdf;https://kyoumu.office.uec.ac.jp/timet/inrenkei2.pdf;https://kyoumu.office.uec.ac.jp/timet/B7.pdf;https://kyoumu.office.uec.ac.jp/timet/B8.pdf
4年,学年別,環境工学,https://kyoumu.office.uec.ac.jp/timet/A7.pdf;https://kyoumu.office.uec.ac.jp/timet/jyoukyu7.pdf;https://kyoumu.office.uec.ac.jp/timet/A8.pdf;https://kyoumu.office.uec.ac.jp/timet/jyoukyu8.pdf;https://kyoumu.office.uec.ac.jp/timet/inrenkei1.pdf;https://kyoumu.office.uec.ac.jp/timet/inrenkei2.pdf;https://kyoumu.office.uec.ac.jp/timet/B7.pdf;https://kyoumu.office.uec.ac.jp/timet/B8.pdf
4年,学年別,航空宇宙工学,https://kyoumu.office.uec.ac.jp/timet/A7.pdf;https://kyoumu.office.uec.ac.jp/timet/jyoukyu7.pdf;https://kyoumu.office.uec.ac.jp/timet/A8.pdf;https://kyoumu.office.uec.ac.jp/timet/jyoukyu8.pdf;https://kyoumu.office.uec.ac.jp/timet/inrenkei1.pdf;https://kyoumu.office.uec.ac.jp/timet/inrenkei2.pdf;https://kyoumu.office.uec.ac.jp/timet/B7.pdf;https://kyoumu.office.uec.ac.jp/timet/B8.pdf
4年,学年別,電磁波工学,https://kyoumu.office.uec.ac.jp/timet/A7.pdf;https://kyoumu.office.uec.ac.jp/timet/jyoukyu7.pdf;https://kyoumu.office.uec.ac.jp/timet/A8.pdf;https://kyoumu.office.uec.ac.jp/timet/jyoukyu8.pdf;https://kyoumu.office.uec.ac.jp/timet/inrenkei1.pdf;https://kyoumu.office.uec.ac.jp/timet/inrenkei2.pdf;https://kyoumu.office.uec.ac.jp/timet/B7.pdf;https://kyoumu.office.uec.ac.jp/timet/B8.pdf
4年,学年別,画像処理工学,https://kyoumu.office.uec.ac.jp/timet/A7.pdf;https://kyoumu.office.uec.ac.jp/timet/jyoukyu7.pdf;https://kyoumu.office.uec.ac.jp/timet/A8.pdf;https://kyoumu.office.uec.ac.jp/timet/jyoukyu8.pdf;https://kyoumu.office.uec.ac.jp/timet/inrenkei1.pdf;https://kyoumu.office.uec.ac.jp/timet/inrenkei2.pdf;https://kyoumu.office.uec.ac.jp/timet/B7.pdf;https://kyoumu.office.uec.ac.jp/timet/B8.pdf
4年,学年別,音響工学,https://kyoumu.office.uec.ac.jp/timet/A7.pdf;https://kyoumu.office.uec.ac.jp/timet/jyoukyu7.pdf;https://kyoumu.office.uec.ac.jp/timet/A8.pdf;https://kyoumu.office.uec.ac.jp/timet/jyoukyu8.pdf;https://kyoumu.office.uec.ac.jp/timet/inrenkei1.pdf;https://kyoumu.office.uec.ac.jp/timet/inrenkei2.pdf;https://kyoumu.office.uec.ac.jp/timet/B7.pdf;https://kyoumu.office.uec.ac.jp/timet/B8.pdf
4年,学年別,生涯スポーツ演習A,https://kyoumu.office.uec.ac.jp/timet/A7.pdf;https://kyoumu.office.uec.ac.jp/timet/jyoukyu7.pdf;https://kyoumu.office.uec.ac.jp/timet/A8.pdf;https://kyoumu.office.uec.ac.jp/timet/jyoukyu8.pdf;https://kyoumu.office.uec.ac.jp/timet/inrenkei1.pdf;https://kyoumu.office.uec.ac.jp/timet/inrenkei2.pdf;https://kyoumu.office.uec.ac.jp/timet/B7.pdf;https://kyoumu.office.uec.ac.jp/timet/B8.pdf
4年,学年別,暗号と符号化の数理,https://kyoumu.office.uec.ac.jp/timet/A7.pdf;https://kyoumu.office.uec.ac.jp/timet/jyoukyu7.pdf;https://kyoumu.office.uec.ac.jp/timet/A8.pdf;https://kyoumu.office.uec.ac.jp/timet/jyoukyu8.pdf;https://kyoumu.office.uec.ac.jp/timet/inrenkei1.pdf;https://kyoumu.office.uec.ac.jp/timet/inrenkei2.pdf;https://kyoumu.office.uec.ac.jp/timet/B7.pdf;https://kyoumu.office.uec.ac.jp/timet/B8.pdf
4年,学年別,自動車工学,https://kyoumu.office.uec.ac.jp/timet/A7.pdf;https://kyoumu.office.uec.ac.jp/timet/jyoukyu7.pdf;https://kyoumu.office.uec.ac.jp/timet/A8.pdf;https://kyoumu.office.uec.ac.jp/timet/jyoukyu8.pdf;https://kyoumu.office.uec.ac.jp/timet/inrenkei1.pdf;https://kyoumu.office.uec.ac.jp/timet/inrenkei2.pdf;https://kyoumu.office.uec.ac.jp/timet/B7.pdf;https://kyoumu.office.uec.ac.jp/timet/B8.pdf
4年,学年別,Technical English - Basic English for Science（再履1_Engineering）,https://kyoumu.office.uec.ac.jp/timet/A7.pdf;https://kyoumu.office.uec.ac.jp/timet/jyoukyu7.pdf;https://kyoumu.office.uec.ac.jp/timet/A8.pdf;https://kyoumu.office.uec.ac.jp/timet/jyoukyu8.pdf;https://kyoumu.office.uec.ac.jp/timet/inrenkei1.pdf;https://kyoumu.office.uec.ac.jp/timet/inrenkei2.pdf;https://kyoumu.office.uec.ac.jp/timet/B7.pdf;https://kyoumu.office.uec.ac.jp/timet/B8.pdf
4年,学年別,Technical English - Basic English for Science（再履2_ICT）,https://kyoumu.office.uec.ac.jp/timet/A7.pdf;https://kyoumu.office.uec.ac.jp/timet/jyoukyu7.pdf;https://kyoumu.office.uec.ac.jp/timet/A8.pdf;https://kyoumu.office.uec.ac.jp/timet/jyoukyu8.pdf;https://kyoumu.office.uec.ac.jp/timet/inrenkei1.pdf;https://kyoumu.office.uec.ac.jp/timet/inrenkei2.pdf;https://kyoumu.office.uec.ac.jp/timet/B7.pdf;https://kyoumu.office.uec.ac.jp/timet/B8.pdf
4年,学年別,上級コンピュータ演習,https://kyoumu.office.uec.ac.jp/timet/A7.pdf;https://kyoumu.office.uec.ac.jp/timet/jyoukyu7.pdf;https://kyoumu.office.uec.ac.jp/timet/A8.pdf;https://kyoumu.office.uec.ac.jp/timet/jyoukyu8.pdf;https://kyoumu.office.uec.ac.jp/timet/inrenkei1.pdf;https://kyoumu.office.uec.ac.jp/timet/inrenkei2.pdf;https://kyoumu.office.uec.ac.jp/timet/B7.pdf;https://kyoumu.office.uec.ac.jp/timet/B8.pdf
4年,学年別,JAPIA寄附講義「自動車の大変革（CASE）に必要な技術」［学域特別講義B］,https://kyoumu.office.uec.ac.jp/timet/A7.pdf;https://kyoumu.office.uec.ac.jp/timet/jyoukyu7.pdf;https://kyoumu.office.uec.ac.jp/timet/A8.pdf;https://kyoumu.office.uec.ac.jp/timet/jyoukyu8.pdf;https://kyoumu.office.uec.ac.jp/timet/inrenkei1.pdf;https://kyoumu.office.uec.ac.jp/timet/inrenkei2.pdf;https://kyoumu.office.uec.ac.jp/timet/B7.pdf;https://kyoumu.office.uec.ac.jp/timet/B8.pdf
4年,学年別,通信法規,https://kyoumu.office.uec.ac.jp/timet/A7.pdf;https://kyoumu.office.uec.ac.jp/timet/jyoukyu7.pdf;https://kyoumu.office.uec.ac.jp/timet/A8.pdf;https://kyoumu.office.uec.ac.jp/timet/jyoukyu8.pdf;https://kyoumu.office.uec.ac.jp/timet/inrenkei1.pdf;https://kyoumu.office.uec.ac.jp/timet/inrenkei2.pdf;https://kyoumu.office.uec.ac.jp/timet/B7.pdf;https://kyoumu.office.uec.ac.jp/timet/B8.pdf
4年,学年別,生涯スポーツ演習B,https://kyoumu.office.uec.ac.jp/timet/A7.pdf;https://kyoumu.office.uec.ac.jp/timet/jyoukyu7.pdf;https://kyoumu.office.uec.ac.jp/timet/A8.pdf;https://kyoumu.office.uec.ac.jp/timet/jyoukyu8.pdf;https://kyoumu.office.uec.ac.jp/timet/inrenkei1.pdf;https://kyoumu.office.uec.ac.jp/timet/inrenkei2.pdf;https://kyoumu.office.uec.ac.jp/timet/B7.pdf;https://kyoumu.office.uec.ac.jp/timet/B8.pdf
4年,学年別,Technical English - Intermediate English for Science（再履1_Engineering）,https://kyoumu.office.uec.ac.jp/timet/A7.pdf;https://kyoumu.office.uec.ac.jp/timet/jyoukyu7.pdf;https://kyoumu.office.uec.ac.jp/timet/A8.pdf;https://kyoumu.office.uec.ac.jp/timet/jyoukyu8.pdf;https://kyoumu.office.uec.ac.jp/timet/inrenkei1.pdf;https://kyoumu.office.uec.ac.jp/timet/inrenkei2.pdf;https://kyoumu.office.uec.ac.jp/timet/B7.pdf;https://kyoumu.office.uec.ac.jp/timet/B8.pdf
4年,学年別,Technical English - Intermediate English for Science（再履2_ICT）,https://kyoumu.office.uec.ac.jp/timet/A7.pdf;https://kyoumu.office.uec.ac.jp/timet/jyoukyu7.pdf;https://kyoumu.office.uec.ac.jp/timet/A8.pdf;https://kyoumu.office.uec.ac.jp/timet/jyoukyu8.pdf;https://kyoumu.office.uec.ac.jp/timet/inrenkei1.pdf;https://kyoumu.office.uec.ac.jp/timet/inrenkei2.pdf;https://kyoumu.office.uec.ac.jp/timet/B7.pdf;https://kyoumu.office.uec.ac.jp/timet/B8.pdf
4年,学年別,学域特別講義B（日本音楽出版社協会寄附講座（協力：MUSIC WAY PROJECT））,https://kyoumu.office.uec.ac.jp/timet/A7.pdf;https://kyoumu.office.uec.ac.jp/timet/jyoukyu7.pdf;https://kyoumu.office.uec.ac.jp/timet/A8.pdf;https://kyoumu.office.uec.ac.jp/timet/jyoukyu8.pdf;https://kyoumu.office.uec.ac.jp/timet/inrenkei1.pdf;https://kyoumu.office.uec.ac.jp/timet/inrenkei2.pdf;https://kyoumu.office.uec.ac.jp/timet/B7.pdf;https://kyoumu.office.uec.ac.jp/timet/B8.pdf
4年,学年別,UEC Academic Skills Ⅰ (Computer Literacy),https://kyoumu.office.uec.ac.jp/timet/A7.pdf;https://kyoumu.office.uec.ac.jp/timet/jyoukyu7.pdf;https://kyoumu.office.uec.ac.jp/timet/A8.pdf;https://kyoumu.office.uec.ac.jp/timet/jyoukyu8.pdf;https://kyoumu.office.uec.ac.jp/timet/inrenkei1.pdf;https://kyoumu.office.uec.ac.jp/timet/inrenkei2.pdf;https://kyoumu.office.uec.ac.jp/timet/B7.pdf;https://kyoumu.office.uec.ac.jp/timet/B8.pdf
4年,学年別,UEC Academic Skills Ⅱ (Information Literacy and Research),https://kyoumu.office.uec.ac.jp/timet/A7.pdf;https://kyoumu.office.uec.ac.jp/timet/jyoukyu7.pdf;https://kyoumu.office.uec.ac.jp/timet/A8.pdf;https://kyoumu.office.uec.ac.jp/timet/jyoukyu8.pdf;https://kyoumu.office.uec.ac.jp/timet/inrenkei1.pdf;https://kyoumu.office.uec.ac.jp/timet/inrenkei2.pdf;https://kyoumu.office.uec.ac.jp/timet/B7.pdf;https://kyoumu.office.uec.ac.jp/timet/B8.pdf
4年,学年別,UEC Academic Skills Ⅲ (Publishing Literacy and Research),https://kyoumu.office.uec.ac.jp/timet/A7.pdf;https://kyoumu.office.uec.ac.jp/timet/jyoukyu7.pdf;https://kyoumu.office.uec.ac.jp/timet/A8.pdf;https://kyoumu.office.uec.ac.jp/timet/jyoukyu8.pdf;https://kyoumu.office.uec.ac.jp/timet/inrenkei1.pdf;https://kyoumu.office.uec.ac.jp/timet/inrenkei2.pdf;https://kyoumu.office.uec.ac.jp/timet/B7.pdf;https://kyoumu.office.uec.ac.jp/timet/B8.pdf
4年,学年別,情報工学工房A・B・C,https://kyoumu.office.uec.ac.jp/timet/A7.pdf;https://kyoumu.office.uec.ac.jp/timet/jyoukyu7.pdf;https://kyoumu.office.uec.ac.jp/timet/A8.pdf;https://kyoumu.office.uec.ac.jp/timet/jyoukyu8.pdf;https://kyoumu.office.uec.ac.jp/timet/inrenkei1.pdf;https://kyoumu.office.uec.ac.jp/timet/inrenkei2.pdf;https://kyoumu.office.uec.ac.jp/timet/B7.pdf;https://kyoumu.office.uec.ac.jp/timet/B8.pdf
4年,学年別,電子工学工房,https://kyoumu.office.uec.ac.jp/timet/A7.pdf;https://kyoumu.office.uec.ac.jp/timet/jyoukyu7.pdf;https://kyoumu.office.uec.ac.jp/timet/A8.pdf;https://kyoumu.office.uec.ac.jp/timet/jyoukyu8.pdf;https://kyoumu.office.uec.ac.jp/timet/inrenkei1.pdf;https://kyoumu.office.uec.ac.jp/timet/inrenkei2.pdf;https://kyoumu.office.uec.ac.jp/timet/B7.pdf;https://kyoumu.office.uec.ac.jp/timet/B8.pdf
4年,学年別,宇宙通信工学,https://kyoumu.office.uec.ac.jp/timet/A7.pdf;https://kyoumu.office.uec.ac.jp/timet/jyoukyu7.pdf;https://kyoumu.office.uec.ac.jp/timet/A8.pdf;https://kyoumu.office.uec.ac.jp/timet/jyoukyu8.pdf;https://kyoumu.office.uec.ac.jp/timet/inrenkei1.pdf;https://kyoumu.office.uec.ac.jp/timet/inrenkei2.pdf;https://kyoumu.office.uec.ac.jp/timet/B7.pdf;https://kyoumu.office.uec.ac.jp/timet/B8.pdf
4年,学年別,身体運動のバイオメカニクス,https://kyoumu.office.uec.ac.jp/timet/A7.pdf;https://kyoumu.office.uec.ac.jp/timet/jyoukyu7.pdf;https://kyoumu.office.uec.ac.jp/timet/A8.pdf;https://kyoumu.office.uec.ac.jp/timet/jyoukyu8.pdf;https://kyoumu.office.uec.ac.jp/timet/inrenkei1.pdf;https://kyoumu.office.uec.ac.jp/timet/inrenkei2.pdf;https://kyoumu.office.uec.ac.jp/timet/B7.pdf;https://kyoumu.office.uec.ac.jp/timet/B8.pdf
4年,学年別,外国語とその運用A【独語】,https://kyoumu.office.uec.ac.jp/timet/A7.pdf;https://kyoumu.office.uec.ac.jp/timet/jyoukyu7.pdf;https://kyoumu.office.uec.ac.jp/timet/A8.pdf;https://kyoumu.office.uec.ac.jp/timet/jyoukyu8.pdf;https://kyoumu.office.uec.ac.jp/timet/inrenkei1.pdf;https://kyoumu.office.uec.ac.jp/timet/inrenkei2.pdf;https://kyoumu.office.uec.ac.jp/timet/B7.pdf;https://kyoumu.office.uec.ac.jp/timet/B8.pdf
4年,学年別,外国語とその運用A【仏語】,https://kyoumu.office.uec.ac.jp/timet/A7.pdf;https://kyoumu.office.uec.ac.jp/timet/jyoukyu7.pdf;https://kyoumu.office.uec.ac.jp/timet/A8.pdf;https://kyoumu.office.uec.ac.jp/timet/jyoukyu8.pdf;https://kyoumu.office.uec.ac.jp/timet/inrenkei1.pdf;https://kyoumu.office.uec.ac.jp/timet/inrenkei2.pdf;https://kyoumu.office.uec.ac.jp/timet/B7.pdf;https://kyoumu.office.uec.ac.jp/timet/B8.pdf
4年,学年別,外国語とその運用A【露語】,https://kyoumu.office.uec.ac.jp/timet/A7.pdf;https://kyoumu.office.uec.ac.jp/timet/jyoukyu7.pdf;https://kyoumu.office.uec.ac.jp/timet/A8.pdf;https://kyoumu.office.uec.ac.jp/timet/jyoukyu8.pdf;https://kyoumu.office.uec.ac.jp/timet/inrenkei1.pdf;https://kyoumu.office.uec.ac.jp/timet/inrenkei2.pdf;https://kyoumu.office.uec.ac.jp/timet/B7.pdf;https://kyoumu.office.uec.ac.jp/timet/B8.pdf
4年,学年別,外国語とその運用A【中国語】,https://kyoumu.office.uec.ac.jp/timet/A7.pdf;https://kyoumu.office.uec.ac.jp/timet/jyoukyu7.pdf;https://kyoumu.office.uec.ac.jp/timet/A8.pdf;https://kyoumu.office.uec.ac.jp/timet/jyoukyu8.pdf;https://kyoumu.office.uec.ac.jp/timet/inrenkei1.pdf;https://kyoumu.office.uec.ac.jp/timet/inrenkei2.pdf;https://kyoumu.office.uec.ac.jp/timet/B7.pdf;https://kyoumu.office.uec.ac.jp/timet/B8.pdf
4年,学年別,外国語とその運用A【韓国朝鮮語】,https://kyoumu.office.uec.ac.jp/timet/A7.pdf;https://kyoumu.office.uec.ac.jp/timet/jyoukyu7.pdf;https://kyoumu.office.uec.ac.jp/timet/A8.pdf;https://kyoumu.office.uec.ac.jp/timet/jyoukyu8.pdf;https://kyoumu.office.uec.ac.jp/timet/inrenkei1.pdf;https://kyoumu.office.uec.ac.jp/timet/inrenkei2.pdf;https://kyoumu.office.uec.ac.jp/timet/B7.pdf;https://kyoumu.office.uec.ac.jp/timet/B8.pdf
4年,学年別,エイジングの健康科学,https://kyoumu.office.uec.ac.jp/timet/A7.pdf;https://kyoumu.office.uec.ac.jp/timet/jyoukyu7.pdf;https://kyoumu.office.uec.ac.jp/timet/A8.pdf;https://kyoumu.office.uec.ac.jp/timet/jyoukyu8.pdf;https://kyoumu.office.uec.ac.jp/timet/inrenkei1.pdf;https://kyoumu.office.uec.ac.jp/timet/inrenkei2.pdf;https://kyoumu.office.uec.ac.jp/timet/B7.pdf;https://kyoumu.office.uec.ac.jp/timet/B8.pdf
4年,学年別,日本語とコミュニケーションA,https://kyoumu.office.uec.ac.jp/timet/A7.pdf;https://kyoumu.office.uec.ac.jp/timet/jyoukyu7.pdf;https://kyoumu.office.uec.ac.jp/timet/A8.pdf;https://kyoumu.office.uec.ac.jp/timet/jyoukyu8.pdf;https://kyoumu.office.uec.ac.jp/timet/inrenkei1.pdf;https://kyoumu.office.uec.ac.jp/timet/inrenkei2.pdf;https://kyoumu.office.uec.ac.jp/timet/B7.pdf;https://kyoumu.office.uec.ac.jp/timet/B8.pdf
4年,学年別,認知科学,https://kyoumu.office.uec.ac.jp/timet/A7.pdf;https://kyoumu.office.uec.ac.jp/timet/jyoukyu7.pdf;https://kyoumu.office.uec.ac.jp/timet/A8.pdf;https://kyoumu.office.uec.ac.jp/timet/jyoukyu8.pdf;https://kyoumu.office.uec.ac.jp/timet/inrenkei1.pdf;https://kyoumu.office.uec.ac.jp/timet/inrenkei2.pdf;https://kyoumu.office.uec.ac.jp/timet/B7.pdf;https://kyoumu.office.uec.ac.jp/timet/B8.pdf
4年,学年別,人間と外交,https://kyoumu.office.uec.ac.jp/timet/A7.pdf;https://kyoumu.office.uec.ac.jp/timet/jyoukyu7.pdf;https://kyoumu.office.uec.ac.jp/timet/A8.pdf;https://kyoumu.office.uec.ac.jp/timet/jyoukyu8.pdf;https://kyoumu.office.uec.ac.jp/timet/inrenkei1.pdf;https://kyoumu.office.uec.ac.jp/timet/inrenkei2.pdf;https://kyoumu.office.uec.ac.jp/timet/B7.pdf;https://kyoumu.office.uec.ac.jp/timet/B8.pdf
4年,学年別,現代の教育,https://kyoumu.office.uec.ac.jp/timet/A7.pdf;https://kyoumu.office.uec.ac.jp/timet/jyoukyu7.pdf;https://kyoumu.office.uec.ac.jp/timet/A8.pdf;https://kyoumu.office.uec.ac.jp/timet/jyoukyu8.pdf;https://kyoumu.office.uec.ac.jp/timet/inrenkei1.pdf;https://kyoumu.office.uec.ac.jp/timet/inrenkei2.pdf;https://kyoumu.office.uec.ac.jp/timet/B7.pdf;https://kyoumu.office.uec.ac.jp/timet/B8.pdf
4年,学年別,日本の科学と技術A,https://kyoumu.office.uec.ac.jp/timet/A7.pdf;https://kyoumu.office.uec.ac.jp/timet/jyoukyu7.pdf;https://kyoumu.office.uec.ac.jp/timet/A8.pdf;https://kyoumu.office.uec.ac.jp/timet/jyoukyu8.pdf;https://kyoumu.office.uec.ac.jp/timet/inrenkei1.pdf;https://kyoumu.office.uec.ac.jp/timet/inrenkei2.pdf;https://kyoumu.office.uec.ac.jp/timet/B7.pdf;https://kyoumu.office.uec.ac.jp/timet/B8.pdf
4年,学年別,情報と職業,https://kyoumu.office.uec.ac.jp/timet/A7.pdf;https://kyoumu.office.uec.ac.jp/timet/jyoukyu7.pdf;https://kyoumu.office.uec.ac.jp/timet/A8.pdf;https://kyoumu.office.uec.ac.jp/timet/jyoukyu8.pdf;https://kyoumu.office.uec.ac.jp/timet/inrenkei1.pdf;https://kyoumu.office.uec.ac.jp/timet/inrenkei2.pdf;https://kyoumu.office.uec.ac.jp/timet/B7.pdf;https://kyoumu.office.uec.ac.jp/timet/B8.pdf
4年,学年別,日常生活の対人関係,https://kyoumu.office.uec.ac.jp/timet/A7.pdf;https://kyoumu.office.uec.ac.jp/timet/jyoukyu7.pdf;https://kyoumu.office.uec.ac.jp/timet/A8.pdf;https://kyoumu.office.uec.ac.jp/timet/jyoukyu8.pdf;https://kyoumu.office.uec.ac.jp/timet/inrenkei1.pdf;https://kyoumu.office.uec.ac.jp/timet/inrenkei2.pdf;https://kyoumu.office.uec.ac.jp/timet/B7.pdf;https://kyoumu.office.uec.ac.jp/timet/B8.pdf
4年,学年別,運動と筋の科学,https://kyoumu.office.uec.ac.jp/timet/A7.pdf;https://kyoumu.office.uec.ac.jp/timet/jyoukyu7.pdf;https://kyoumu.office.uec.ac.jp/timet/A8.pdf;https://kyoumu.office.uec.ac.jp/timet/jyoukyu8.pdf;https://kyoumu.office.uec.ac.jp/timet/inrenkei1.pdf;https://kyoumu.office.uec.ac.jp/timet/inrenkei2.pdf;https://kyoumu.office.uec.ac.jp/timet/B7.pdf;https://kyoumu.office.uec.ac.jp/timet/B8.pdf
4年,学年別,Research Presentation,https://kyoumu.office.uec.ac.jp/timet/A7.pdf;https://kyoumu.office.uec.ac.jp/timet/jyoukyu7.pdf;https://kyoumu.office.uec.ac.jp/timet/A8.pdf;https://kyoumu.office.uec.ac.jp/timet/jyoukyu8.pdf;https://kyoumu.office.uec.ac.jp/timet/inrenkei1.pdf;https://kyoumu.office.uec.ac.jp/timet/inrenkei2.pdf;https://kyoumu.office.uec.ac.jp/timet/B7.pdf;https://kyoumu.office.uec.ac.jp/timet/B8.pdf
4年,学年別,ドイツ倫理学,https://kyoumu.office.uec.ac.jp/timet/A7.pdf;https://kyoumu.office.uec.ac.jp/timet/jyoukyu7.pdf;https://kyoumu.office.uec.ac.jp/timet/A8.pdf;https://kyoumu.office.uec.ac.jp/timet/jyoukyu8.pdf;https://kyoumu.office.uec.ac.jp/timet/inrenkei1.pdf;https://kyoumu.office.uec.ac.jp/timet/inrenkei2.pdf;https://kyoumu.office.uec.ac.jp/timet/B7.pdf;https://kyoumu.office.uec.ac.jp/timet/B8.pdf
4年,学年別,江戸の社会と数学,https://kyoumu.office.uec.ac.jp/timet/A7.pdf;https://kyoumu.office.uec.ac.jp/timet/jyoukyu7.pdf;https://kyoumu.office.uec.ac.jp/timet/A8.pdf;https://kyoumu.office.uec.ac.jp/timet/jyoukyu8.pdf;https://kyoumu.office.uec.ac.jp/timet/inrenkei1.pdf;https://kyoumu.office.uec.ac.jp/timet/inrenkei2.pdf;https://kyoumu.office.uec.ac.jp/timet/B7.pdf;https://kyoumu.office.uec.ac.jp/timet/B8.pdf
4年,学年別,科学技術と人間,https://kyoumu.office.uec.ac.jp/timet/A7.pdf;https://kyoumu.office.uec.ac.jp/timet/jyoukyu7.pdf;https://kyoumu.office.uec.ac.jp/timet/A8.pdf;https://kyoumu.office.uec.ac.jp/timet/jyoukyu8.pdf;https://kyoumu.office.uec.ac.jp/timet/inrenkei1.pdf;https://kyoumu.office.uec.ac.jp/timet/inrenkei2.pdf;https://kyoumu.office.uec.ac.jp/timet/B7.pdf;https://kyoumu.office.uec.ac.jp/timet/B8.pdf
4年,学年別,Reading Scientific Research,https://kyoumu.office.uec.ac.jp/timet/A7.pdf;https://kyoumu.office.uec.ac.jp/timet/jyoukyu7.pdf;https://kyoumu.office.uec.ac.jp/timet/A8.pdf;https://kyoumu.office.uec.ac.jp/timet/jyoukyu8.pdf;https://kyoumu.office.uec.ac.jp/timet/inrenkei1.pdf;https://kyoumu.office.uec.ac.jp/timet/inrenkei2.pdf;https://kyoumu.office.uec.ac.jp/timet/B7.pdf;https://kyoumu.office.uec.ac.jp/timet/B8.pdf
4年,学年別,比較文化論,https://kyoumu.office.uec.ac.jp/timet/A7.pdf;https://kyoumu.office.uec.ac.jp/timet/jyoukyu7.pdf;https://kyoumu.office.uec.ac.jp/timet/A8.pdf;https://kyoumu.office.uec.ac.jp/timet/jyoukyu8.pdf;https://kyoumu.office.uec.ac.jp/timet/inrenkei1.pdf;https://kyoumu.office.uec.ac.jp/timet/inrenkei2.pdf;https://kyoumu.office.uec.ac.jp/timet/B7.pdf;https://kyoumu.office.uec.ac.jp/timet/B8.pdf
4年,学年別,文化形態論,https://kyoumu.office.uec.ac.jp/timet/A7.pdf;https://kyoumu.office.uec.ac.jp/timet/jyoukyu7.pdf;https://kyoumu.office.uec.ac.jp/timet/A8.pdf;https://kyoumu.office.uec.ac.jp/timet/jyoukyu8.pdf;https://kyoumu.office.uec.ac.jp/timet/inrenkei1.pdf;https://kyoumu.office.uec.ac.jp/timet/inrenkei2.pdf;https://kyoumu.office.uec.ac.jp/timet/B7.pdf;https://kyoumu.office.uec.ac.jp/timet/B8.pdf
4年,学年別,文化干渉論,https://kyoumu.office.uec.ac.jp/timet/A7.pdf;https://kyoumu.office.uec.ac.jp/timet/jyoukyu7.pdf;https://kyoumu.office.uec.ac.jp/timet/A8.pdf;https://kyoumu.office.uec.ac.jp/timet/jyoukyu8.pdf;https://kyoumu.office.uec.ac.jp/timet/inrenkei1.pdf;https://kyoumu.office.uec.ac.jp/timet/inrenkei2.pdf;https://kyoumu.office.uec.ac.jp/timet/B7.pdf;https://kyoumu.office.uec.ac.jp/timet/B8.pdf
4年,学年別,日本語表現法,https://kyoumu.office.uec.ac.jp/timet/A7.pdf;https://kyoumu.office.uec.ac.jp/timet/jyoukyu7.pdf;https://kyoumu.office.uec.ac.jp/timet/A8.pdf;https://kyoumu.office.uec.ac.jp/timet/jyoukyu8.pdf;https://kyoumu.office.uec.ac.jp/timet/inrenkei1.pdf;https://kyoumu.office.uec.ac.jp/timet/inrenkei2.pdf;https://kyoumu.office.uec.ac.jp/timet/B7.pdf;https://kyoumu.office.uec.ac.jp/timet/B8.pdf
4年,学年別,日本の内政と外交,https://kyoumu.office.uec.ac.jp/timet/A7.pdf;https://kyoumu.office.uec.ac.jp/timet/jyoukyu7.pdf;https://kyoumu.office.uec.ac.jp/timet/A8.pdf;https://kyoumu.office.uec.ac.jp/timet/jyoukyu8.pdf;https://kyoumu.office.uec.ac.jp/timet/inrenkei1.pdf;https://kyoumu.office.uec.ac.jp/timet/inrenkei2.pdf;https://kyoumu.office.uec.ac.jp/timet/B7.pdf;https://kyoumu.office.uec.ac.jp/timet/B8.pdf
4年,学年別,数学の哲学,https://kyoumu.office.uec.ac.jp/timet/A7.pdf;https://kyoumu.office.uec.ac.jp/timet/jyoukyu7.pdf;https://kyoumu.office.uec.ac.jp/timet/A8.pdf;https://kyoumu.office.uec.ac.jp/timet/jyoukyu8.pdf;https://kyoumu.office.uec.ac.jp/timet/inrenkei1.pdf;https://kyoumu.office.uec.ac.jp/timet/inrenkei2.pdf;https://kyoumu.office.uec.ac.jp/timet/B7.pdf;https://kyoumu.office.uec.ac.jp/timet/B8.pdf
4年,学年別,サイエンス・コミュニケーション演習,https://kyoumu.office.uec.ac.jp/timet/A7.pdf;https://kyoumu.office.uec.ac.jp/timet/jyoukyu7.pdf;https://kyoumu.office.uec.ac.jp/timet/A8.pdf;https://kyoumu.office.uec.ac.jp/timet/jyoukyu8.pdf;https://kyoumu.office.uec.ac.jp/timet/inrenkei1.pdf;https://kyoumu.office.uec.ac.jp/timet/inrenkei2.pdf;https://kyoumu.office.uec.ac.jp/timet/B7.pdf;https://kyoumu.office.uec.ac.jp/timet/B8.pdf
4年,学年別,外国語とその運用B【独語】,https://kyoumu.office.uec.ac.jp/timet/A7.pdf;https://kyoumu.office.uec.ac.jp/timet/jyoukyu7.pdf;https://kyoumu.office.uec.ac.jp/timet/A8.pdf;https://kyoumu.office.uec.ac.jp/timet/jyoukyu8.pdf;https://kyoumu.office.uec.ac.jp/timet/inrenkei1.pdf;https://kyoumu.office.uec.ac.jp/timet/inrenkei2.pdf;https://kyoumu.office.uec.ac.jp/timet/B7.pdf;https://kyoumu.office.uec.ac.jp/timet/B8.pdf
4年,学年別,外国語とその運用B【仏語】,https://kyoumu.office.uec.ac.jp/timet/A7.pdf;https://kyoumu.office.uec.ac.jp/timet/jyoukyu7.pdf;https://kyoumu.office.uec.ac.jp/timet/A8.pdf;https://kyoumu.office.uec.ac.jp/timet/jyoukyu8.pdf;https://kyoumu.office.uec.ac.jp/timet/inrenkei1.pdf;https://kyoumu.office.uec.ac.jp/timet/inrenkei2.pdf;https://kyoumu.office.uec.ac.jp/timet/B7.pdf;https://kyoumu.office.uec.ac.jp/timet/B8.pdf
4年,学年別,外国語とその運用B【露語】,https://kyoumu.office.uec.ac.jp/timet/A7.pdf;https://kyoumu.office.uec.ac.jp/timet/jyoukyu7.pdf;https://kyoumu.office.uec.ac.jp/timet/A8.pdf;https://kyoumu.office.uec.ac.jp/timet/jyoukyu8.pdf;https://kyoumu.office.uec.ac.jp/timet/inrenkei1.pdf;https://kyoumu.office.uec.ac.jp/timet/inrenkei2.pdf;https://kyoumu.office.uec.ac.jp/timet/B7.pdf;https://kyoumu.office.uec.ac.jp/timet/B8.pdf
4年,学年別,外国語とその運用B【中国語】,https://kyoumu.office.uec.ac.jp/timet/A7.pdf;https://kyoumu.office.uec.ac.jp/timet/jyoukyu7.pdf;https://kyoumu.office.uec.ac.jp/timet/A8.pdf;https://kyoumu.office.uec.ac.jp/timet/jyoukyu8.pdf;https://kyoumu.office.uec.ac.jp/timet/inrenkei1.pdf;https://kyoumu.office.uec.ac.jp/timet/inrenkei2.pdf;https://kyoumu.office.uec.ac.jp/timet/B7.pdf;https://kyoumu.office.uec.ac.jp/timet/B8.pdf
4年,学年別,外国語とその運用B【韓国朝鮮語】,https://kyoumu.office.uec.ac.jp/timet/A7.pdf;https://kyoumu.office.uec.ac.jp/timet/jyoukyu7.pdf;https://kyoumu.office.uec.ac.jp/timet/A8.pdf;https://kyoumu.office.uec.ac.jp/timet/jyoukyu8.pdf;https://kyoumu.office.uec.ac.jp/timet/inrenkei1.pdf;https://kyoumu.office.uec.ac.jp/timet/inrenkei2.pdf;https://kyoumu.office.uec.ac.jp/timet/B7.pdf;https://kyoumu.office.uec.ac.jp/timet/B8.pdf
4年,学年別,心の科学,https://kyoumu.office.uec.ac.jp/timet/A7.pdf;https://kyoumu.office.uec.ac.jp/timet/jyoukyu7.pdf;https://kyoumu.office.uec.ac.jp/timet/A8.pdf;https://kyoumu.office.uec.ac.jp/timet/jyoukyu8.pdf;https://kyoumu.office.uec.ac.jp/timet/inrenkei1.pdf;https://kyoumu.office.uec.ac.jp/timet/inrenkei2.pdf;https://kyoumu.office.uec.ac.jp/timet/B7.pdf;https://kyoumu.office.uec.ac.jp/timet/B8.pdf
4年,学年別,体力の科学,https://kyoumu.office.uec.ac.jp/timet/A7.pdf;https://kyoumu.office.uec.ac.jp/timet/jyoukyu7.pdf;https://kyoumu.office.uec.ac.jp/timet/A8.pdf;https://kyoumu.office.uec.ac.jp/timet/jyoukyu8.pdf;https://kyoumu.office.uec.ac.jp/timet/inrenkei1.pdf;https://kyoumu.office.uec.ac.jp/timet/inrenkei2.pdf;https://kyoumu.office.uec.ac.jp/timet/B7.pdf;https://kyoumu.office.uec.ac.jp/timet/B8.pdf
4年,学年別,Innovative and Global Leadership Skills,https://kyoumu.office.uec.ac.jp/timet/A7.pdf;https://kyoumu.office.uec.ac.jp/timet/jyoukyu7.pdf;https://kyoumu.office.uec.ac.jp/timet/A8.pdf;https://kyoumu.office.uec.ac.jp/timet/jyoukyu8.pdf;https://kyoumu.office.uec.ac.jp/timet/inrenkei1.pdf;https://kyoumu.office.uec.ac.jp/timet/inrenkei2.pdf;https://kyoumu.office.uec.ac.jp/timet/B7.pdf;https://kyoumu.office.uec.ac.jp/timet/B8.pdf
4年,学年別,日本語とコミュニケーションB,https://kyoumu.office.uec.ac.jp/timet/A7.pdf;https://kyoumu.office.uec.ac.jp/timet/jyoukyu7.pdf;https://kyoumu.office.uec.ac.jp/timet/A8.pdf;https://kyoumu.office.uec.ac.jp/timet/jyoukyu8.pdf;https://kyoumu.office.uec.ac.jp/timet/inrenkei1.pdf;https://kyoumu.office.uec.ac.jp/timet/inrenkei2.pdf;https://kyoumu.office.uec.ac.jp/timet/B7.pdf;https://kyoumu.office.uec.ac.jp/timet/B8.pdf
4年,学年別,日本の科学と技術B,https://kyoumu.office.uec.ac.jp/timet/A7.pdf;https://kyoumu.office.uec.ac.jp/timet/jyoukyu7.pdf;https://kyoumu.office.uec.ac.jp/timet/A8.pdf;https://kyoumu.office.uec.ac.jp/timet/jyoukyu8.pdf;https://kyoumu.office.uec.ac.jp/timet/inrenkei1.pdf;https://kyoumu.office.uec.ac.jp/timet/inrenkei2.pdf;https://kyoumu.office.uec.ac.jp/timet/B7.pdf;https://kyoumu.office.uec.ac.jp/timet/B8.pdf
4年,学年別,応用代数学,https://kyoumu.office.uec.ac.jp/timet/A7.pdf;https://kyoumu.office.uec.ac.jp/timet/jyoukyu7.pdf;https://kyoumu.office.uec.ac.jp/timet/A8.pdf;https://kyoumu.office.uec.ac.jp/timet/jyoukyu8.pdf;https://kyoumu.office.uec.ac.jp/timet/inrenkei1.pdf;https://kyoumu.office.uec.ac.jp/timet/inrenkei2.pdf;https://kyoumu.office.uec.ac.jp/timet/B7.pdf;https://kyoumu.office.uec.ac.jp/timet/B8.pdf
4年,学年別,現代化学,https://kyoumu.office.uec.ac.jp/timet/A7.pdf;https://kyoumu.office.uec.ac.jp/timet/jyoukyu7.pdf;https://kyoumu.office.uec.ac.jp/timet/A8.pdf;https://kyoumu.office.uec.ac.jp/timet/jyoukyu8.pdf;https://kyoumu.office.uec.ac.jp/timet/inrenkei1.pdf;https://kyoumu.office.uec.ac.jp/timet/inrenkei2.pdf;https://kyoumu.office.uec.ac.jp/timet/B7.pdf;https://kyoumu.office.uec.ac.jp/timet/B8.pdf
4年,学年別,教育の歴史,https://kyoumu.office.uec.ac.jp/timet/A7.pdf;https://kyoumu.office.uec.ac.jp/timet/jyoukyu7.pdf;https://kyoumu.office.uec.ac.jp/timet/A8.pdf;https://kyoumu.office.uec.ac.jp/timet/jyoukyu8.pdf;https://kyoumu.office.uec.ac.jp/timet/inrenkei1.pdf;https://kyoumu.office.uec.ac.jp/timet/inrenkei2.pdf;https://kyoumu.office.uec.ac.jp/timet/B7.pdf;https://kyoumu.office.uec.ac.jp/timet/B8.pdf
4年,学年別,Preparation for Graduate School,https://kyoumu.office.uec.ac.jp/timet/A7.pdf;https://kyoumu.office.uec.ac.jp/timet/jyoukyu7.pdf;https://kyoumu.office.uec.ac.jp/timet/A8.pdf;https://kyoumu.office.uec.ac.jp/timet/jyoukyu8.pdf;https://kyoumu.office.uec.ac.jp/timet/inrenkei1.pdf;https://kyoumu.office.uec.ac.jp/timet/inrenkei2.pdf;https://kyoumu.office.uec.ac.jp/timet/B7.pdf;https://kyoumu.office.uec.ac.jp/timet/B8.pdf
4年,学年別,健康の科学,https://kyoumu.office.uec.ac.jp/timet/A7.pdf;https://kyoumu.office.uec.ac.jp/timet/jyoukyu7.pdf;https://kyoumu.office.uec.ac.jp/timet/A8.pdf;https://kyoumu.office.uec.ac.jp/timet/jyoukyu8.pdf;https://kyoumu.office.uec.ac.jp/timet/inrenkei1.pdf;https://kyoumu.office.uec.ac.jp/timet/inrenkei2.pdf;https://kyoumu.office.uec.ac.jp/timet/B7.pdf;https://kyoumu.office.uec.ac.jp/timet/B8.pdf
4年,学年別,環境論,https://kyoumu.office.uec.ac.jp/timet/A7.pdf;https://kyoumu.office.uec.ac.jp/timet/jyoukyu7.pdf;https://kyoumu.office.uec.ac.jp/timet/A8.pdf;https://kyoumu.office.uec.ac.jp/timet/jyoukyu8.pdf;https://kyoumu.office.uec.ac.jp/timet/inrenkei1.pdf;https://kyoumu.office.uec.ac.jp/timet/inrenkei2.pdf;https://kyoumu.office.uec.ac.jp/timet/B7.pdf;https://kyoumu.office.uec.ac.jp/timet/B8.pdf
4年,学年別,伝統科学と近代科学の相克,https://kyoumu.office.uec.ac.jp/timet/A7.pdf;https://kyoumu.office.uec.ac.jp/timet/jyoukyu7.pdf;https://kyoumu.office.uec.ac.jp/timet/A8.pdf;https://kyoumu.office.uec.ac.jp/timet/jyoukyu8.pdf;https://kyoumu.office.uec.ac.jp/timet/inrenkei1.pdf;https://kyoumu.office.uec.ac.jp/timet/inrenkei2.pdf;https://kyoumu.office.uec.ac.jp/timet/B7.pdf;https://kyoumu.office.uec.ac.jp/timet/B8.pdf
4年,学年別,英米倫理学,https://kyoumu.office.uec.ac.jp/timet/A7.pdf;https://kyoumu.office.uec.ac.jp/timet/jyoukyu7.pdf;https://kyoumu.office.uec.ac.jp/timet/A8.pdf;https://kyoumu.office.uec.ac.jp/timet/jyoukyu8.pdf;https://kyoumu.office.uec.ac.jp/timet/inrenkei1.pdf;https://kyoumu.office.uec.ac.jp/timet/inrenkei2.pdf;https://kyoumu.office.uec.ac.jp/timet/B7.pdf;https://kyoumu.office.uec.ac.jp/timet/B8.pdf
4年,学年別,スポーツとコミュニケーション,https://kyoumu.office.uec.ac.jp/timet/A7.pdf;https://kyoumu.office.uec.ac.jp/timet/jyoukyu7.pdf;https://kyoumu.office.uec.ac.jp/timet/A8.pdf;https://kyoumu.office.uec.ac.jp/timet/jyoukyu8.pdf;https://kyoumu.office.uec.ac.jp/timet/inrenkei1.pdf;https://kyoumu.office.uec.ac.jp/timet/inrenkei2.pdf;https://kyoumu.office.uec.ac.jp/timet/B7.pdf;https://kyoumu.office.uec.ac.jp/timet/B8.pdf
4年,学年別,倫理学と哲学の間,https://kyoumu.office.uec.ac.jp/timet/A7.pdf;https://kyoumu.office.uec.ac.jp/timet/jyoukyu7.pdf;https://kyoumu.office.uec.ac.jp/timet/A8.pdf;https://kyoumu.office.uec.ac.jp/timet/jyoukyu8.pdf;https://kyoumu.office.uec.ac.jp/timet/inrenkei1.pdf;https://kyoumu.office.uec.ac.jp/timet/inrenkei2.pdf;https://kyoumu.office.uec.ac.jp/timet/B7.pdf;https://kyoumu.office.uec.ac.jp/timet/B8.pdf
4年,学年別,国際文化論,https://kyoumu.office.uec.ac.jp/timet/A7.pdf;https://kyoumu.office.uec.ac.jp/timet/jyoukyu7.pdf;https://kyoumu.office.uec.ac.jp/timet/A8.pdf;https://kyoumu.office.uec.ac.jp/timet/jyoukyu8.pdf;https://kyoumu.office.uec.ac.jp/timet/inrenkei1.pdf;https://kyoumu.office.uec.ac.jp/timet/inrenkei2.pdf;https://kyoumu.office.uec.ac.jp/timet/B7.pdf;https://kyoumu.office.uec.ac.jp/timet/B8.pdf
4年,学年別,文化と言語,https://kyoumu.office.uec.ac.jp/timet/A7.pdf;https://kyoumu.office.uec.ac.jp/timet/jyoukyu7.pdf;https://kyoumu.office.uec.ac.jp/timet/A8.pdf;https://kyoumu.office.uec.ac.jp/timet/jyoukyu8.pdf;https://kyoumu.office.uec.ac.jp/timet/inrenkei1.pdf;https://kyoumu.office.uec.ac.jp/timet/inrenkei2.pdf;https://kyoumu.office.uec.ac.jp/timet/B7.pdf;https://kyoumu.office.uec.ac.jp/timet/B8.pdf
4年,学年別,地域文化論,https://kyoumu.office.uec.ac.jp/timet/A7.pdf;https://kyoumu.office.uec.ac.jp/timet/jyoukyu7.pdf;https://kyoumu.office.uec.ac.jp/timet/A8.pdf;https://kyoumu.office.uec.ac.jp/timet/jyoukyu8.pdf;https://kyoumu.office.uec.ac.jp/timet/inrenkei1.pdf;https://kyoumu.office.uec.ac.jp/timet/inrenkei2.pdf;https://kyoumu.office.uec.ac.jp/timet/B7.pdf;https://kyoumu.office.uec.ac.jp/timet/B8.pdf
4年,学年別,日本語読解法,https://kyoumu.office.uec.ac.jp/timet/A7.pdf;https://kyoumu.office.uec.ac.jp/timet/jyoukyu7.pdf;https://kyoumu.office.uec.ac.jp/timet/A8.pdf;https://kyoumu.office.uec.ac.jp/timet/jyoukyu8.pdf;https://kyoumu.office.uec.ac.jp/timet/inrenkei1.pdf;https://kyoumu.office.uec.ac.jp/timet/inrenkei2.pdf;https://kyoumu.office.uec.ac.jp/timet/B7.pdf;https://kyoumu.office.uec.ac.jp/timet/B8.pdf
4年,学年別,メンタルヘルス論,https://kyoumu.office.uec.ac.jp/timet/A7.pdf;https://kyoumu.office.uec.ac.jp/timet/jyoukyu7.pdf;https://kyoumu.office.uec.ac.jp/timet/A8.pdf;https://kyoumu.office.uec.ac.jp/timet/jyoukyu8.pdf;https://kyoumu.office.uec.ac.jp/timet/inrenkei1.pdf;https://kyoumu.office.uec.ac.jp/timet/inrenkei2.pdf;https://kyoumu.office.uec.ac.jp/timet/B7.pdf;https://kyoumu.office.uec.ac.jp/timet/B8.pdf
4年,学年別,計算と論理の哲学,https://kyoumu.office.uec.ac.jp/timet/A7.pdf;https://kyoumu.office.uec.ac.jp/timet/jyoukyu7.pdf;https://kyoumu.office.uec.ac.jp/timet/A8.pdf;https://kyoumu.office.uec.ac.jp/timet/jyoukyu8.pdf;https://kyoumu.office.uec.ac.jp/timet/inrenkei1.pdf;https://kyoumu.office.uec.ac.jp/timet/inrenkei2.pdf;https://kyoumu.office.uec.ac.jp/timet/B7.pdf;https://kyoumu.office.uec.ac.jp/timet/B8.pdf
4年,学年別,現代物理学を創った人々（休講）,https://kyoumu.office.uec.ac.jp/timet/A7.pdf;https://kyoumu.office.uec.ac.jp/timet/jyoukyu7.pdf;https://kyoumu.office.uec.ac.jp/timet/A8.pdf;https://kyoumu.office.uec.ac.jp/timet/jyoukyu8.pdf;https://kyoumu.office.uec.ac.jp/timet/inrenkei1.pdf;https://kyoumu.office.uec.ac.jp/timet/inrenkei2.pdf;https://kyoumu.office.uec.ac.jp/timet/B7.pdf;https://kyoumu.office.uec.ac.jp/timet/B8.pdf
4年,学年別,知的学習システム,https://kyoumu.office.uec.ac.jp/timet/A7.pdf;https://kyoumu.office.uec.ac.jp/timet/jyoukyu7.pdf;https://kyoumu.office.uec.ac.jp/timet/A8.pdf;https://kyoumu.office.uec.ac.jp/timet/jyoukyu8.pdf;https://kyoumu.office.uec.ac.jp/timet/inrenkei1.pdf;https://kyoumu.office.uec.ac.jp/timet/inrenkei2.pdf;https://kyoumu.office.uec.ac.jp/timet/B7.pdf;https://kyoumu.office.uec.ac.jp/timet/B8.pdf
4年,学年別,応用解析基礎論,https://kyoumu.office.uec.ac.jp/timet/A7.pdf;https://kyoumu.office.uec.ac.jp/timet/jyoukyu7.pdf;https://kyoumu.office.uec.ac.jp/timet/A8.pdf;https://kyoumu.office.uec.ac.jp/timet/jyoukyu8.pdf;https://kyoumu.office.uec.ac.jp/timet/inrenkei1.pdf;https://kyoumu.office.uec.ac.jp/timet/inrenkei2.pdf;https://kyoumu.office.uec.ac.jp/timet/B7.pdf;https://kyoumu.office.uec.ac.jp/timet/B8.pdf
4年,学年別,アルゴリズム基礎論,https://kyoumu.office.uec.ac.jp/timet/A7.pdf;https://kyoumu.office.uec.ac.jp/timet/jyoukyu7.pdf;https://kyoumu.office.uec.ac.jp/timet/A8.pdf;https://kyoumu.office.uec.ac.jp/timet/jyoukyu8.pdf;https://kyoumu.office.uec.ac.jp/timet/inrenkei1.pdf;https://kyoumu.office.uec.ac.jp/timet/inrenkei2.pdf;https://kyoumu.office.uec.ac.jp/timet/B7.pdf;https://kyoumu.office.uec.ac.jp/timet/B8.pdf
4年,学年別,VLSI Low Power Circuit Design,https://kyoumu.office.uec.ac.jp/timet/A7.pdf;https://kyoumu.office.uec.ac.jp/timet/jyoukyu7.pdf;https://kyoumu.office.uec.ac.jp/timet/A8.pdf;https://kyoumu.office.uec.ac.jp/timet/jyoukyu8.pdf;https://kyoumu.office.uec.ac.jp/timet/inrenkei1.pdf;https://kyoumu.office.uec.ac.jp/timet/inrenkei2.pdf;https://kyoumu.office.uec.ac.jp/timet/B7.pdf;https://kyoumu.office.uec.ac.jp/timet/B8.pdf
4年,学年別,量子物理工学基礎,https://kyoumu.office.uec.ac.jp/timet/A7.pdf;https://kyoumu.office.uec.ac.jp/timet/jyoukyu7.pdf;https://kyoumu.office.uec.ac.jp/timet/A8.pdf;https://kyoumu.office.uec.ac.jp/timet/jyoukyu8.pdf;https://kyoumu.office.uec.ac.jp/timet/inrenkei1.pdf;https://kyoumu.office.uec.ac.jp/timet/inrenkei2.pdf;https://kyoumu.office.uec.ac.jp/timet/B7.pdf;https://kyoumu.office.uec.ac.jp/timet/B8.pdf
4年,学年別,情報通信ネットワーク,https://kyoumu.office.uec.ac.jp/timet/A7.pdf;https://kyoumu.office.uec.ac.jp/timet/jyoukyu7.pdf;https://kyoumu.office.uec.ac.jp/timet/A8.pdf;https://kyoumu.office.uec.ac.jp/timet/jyoukyu8.pdf;https://kyoumu.office.uec.ac.jp/timet/inrenkei1.pdf;https://kyoumu.office.uec.ac.jp/timet/inrenkei2.pdf;https://kyoumu.office.uec.ac.jp/timet/B7.pdf;https://kyoumu.office.uec.ac.jp/timet/B8.pdf
4年,学年別,知覚システム特論,https://kyoumu.office.uec.ac.jp/timet/A7.pdf;https://kyoumu.office.uec.ac.jp/timet/jyoukyu7.pdf;https://kyoumu.office.uec.ac.jp/timet/A8.pdf;https://kyoumu.office.uec.ac.jp/timet/jyoukyu8.pdf;https://kyoumu.office.uec.ac.jp/timet/inrenkei1.pdf;https://kyoumu.office.uec.ac.jp/timet/inrenkei2.pdf;https://kyoumu.office.uec.ac.jp/timet/B7.pdf;https://kyoumu.office.uec.ac.jp/timet/B8.pdf
4年,学年別,画像情報学基礎,https://kyoumu.office.uec.ac.jp/timet/A7.pdf;https://kyoumu.office.uec.ac.jp/timet/jyoukyu7.pdf;https://kyoumu.office.uec.ac.jp/timet/A8.pdf;https://kyoumu.office.uec.ac.jp/timet/jyoukyu8.pdf;https://kyoumu.office.uec.ac.jp/timet/inrenkei1.pdf;https://kyoumu.office.uec.ac.jp/timet/inrenkei2.pdf;https://kyoumu.office.uec.ac.jp/timet/B7.pdf;https://kyoumu.office.uec.ac.jp/timet/B8.pdf
4年,学年別,環境電磁工学特論,https://kyoumu.office.uec.ac.jp/timet/A7.pdf;https://kyoumu.office.uec.ac.jp/timet/jyoukyu7.pdf;https://kyoumu.office.uec.ac.jp/timet/A8.pdf;https://kyoumu.office.uec.ac.jp/timet/jyoukyu8.pdf;https://kyoumu.office.uec.ac.jp/timet/inrenkei1.pdf;https://kyoumu.office.uec.ac.jp/timet/inrenkei2.pdf;https://kyoumu.office.uec.ac.jp/timet/B7.pdf;https://kyoumu.office.uec.ac.jp/timet/B8.pdf
4年,学年別,熱工学基礎,https://kyoumu.office.uec.ac.jp/timet/A7.pdf;https://kyoumu.office.uec.ac.jp/timet/jyoukyu7.pdf;https://kyoumu.office.uec.ac.jp/timet/A8.pdf;https://kyoumu.office.uec.ac.jp/timet/jyoukyu8.pdf;https://kyoumu.office.uec.ac.jp/timet/inrenkei1.pdf;https://kyoumu.office.uec.ac.jp/timet/inrenkei2.pdf;https://kyoumu.office.uec.ac.jp/timet/B7.pdf;https://kyoumu.office.uec.ac.jp/timet/B8.pdf
4年,学年別,生産加工学基礎,https://kyoumu.office.uec.ac.jp/timet/A7.pdf;https://kyoumu.office.uec.ac.jp/timet/jyoukyu7.pdf;https://kyoumu.office.uec.ac.jp/timet/A8.pdf;https://kyoumu.office.uec.ac.jp/timet/jyoukyu8.pdf;https://kyoumu.office.uec.ac.jp/timet/inrenkei1.pdf;https://kyoumu.office.uec.ac.jp/timet/inrenkei2.pdf;https://kyoumu.office.uec.ac.jp/timet/B7.pdf;https://kyoumu.office.uec.ac.jp/timet/B8.pdf
4年,学年別,分子細胞生物学基礎,https://kyoumu.office.uec.ac.jp/timet/A7.pdf;https://kyoumu.office.uec.ac.jp/timet/jyoukyu7.pdf;https://kyoumu.office.uec.ac.jp/timet/A8.pdf;https://kyoumu.office.uec.ac.jp/timet/jyoukyu8.pdf;https://kyoumu.office.uec.ac.jp/timet/inrenkei1.pdf;https://kyoumu.office.uec.ac.jp/timet/inrenkei2.pdf;https://kyoumu.office.uec.ac.jp/timet/B7.pdf;https://kyoumu.office.uec.ac.jp/timet/B8.pdf
4年,学年別,音声音響情報処理,https://kyoumu.office.uec.ac.jp/timet/A7.pdf;https://kyoumu.office.uec.ac.jp/timet/jyoukyu7.pdf;https://kyoumu.office.uec.ac.jp/timet/A8.pdf;https://kyoumu.office.uec.ac.jp/timet/jyoukyu8.pdf;https://kyoumu.office.uec.ac.jp/timet/inrenkei1.pdf;https://kyoumu.office.uec.ac.jp/timet/inrenkei2.pdf;https://kyoumu.office.uec.ac.jp/timet/B7.pdf;https://kyoumu.office.uec.ac.jp/timet/B8.pdf
4年,学年別,セキュリティ基礎,https://kyoumu.office.uec.ac.jp/timet/A7.pdf;https://kyoumu.office.uec.ac.jp/timet/jyoukyu7.pdf;https://kyoumu.office.uec.ac.jp/timet/A8.pdf;https://kyoumu.office.uec.ac.jp/timet/jyoukyu8.pdf;https://kyoumu.office.uec.ac.jp/timet/inrenkei1.pdf;https://kyoumu.office.uec.ac.jp/timet/inrenkei2.pdf;https://kyoumu.office.uec.ac.jp/timet/B7.pdf;https://kyoumu.office.uec.ac.jp/timet/B8.pdf
4年,学年別,流体工学基礎,https://kyoumu.office.uec.ac.jp/timet/A7.pdf;https://kyoumu.office.uec.ac.jp/timet/jyoukyu7.pdf;https://kyoumu.office.uec.ac.jp/timet/A8.pdf;https://kyoumu.office.uec.ac.jp/timet/jyoukyu8.pdf;https://kyoumu.office.uec.ac.jp/timet/inrenkei1.pdf;https://kyoumu.office.uec.ac.jp/timet/inrenkei2.pdf;https://kyoumu.office.uec.ac.jp/timet/B7.pdf;https://kyoumu.office.uec.ac.jp/timet/B8.pdf
4年,学年別,プログラム言語基礎論,https://kyoumu.office.uec.ac.jp/timet/A7.pdf;https://kyoumu.office.uec.ac.jp/timet/jyoukyu7.pdf;https://kyoumu.office.uec.ac.jp/timet/A8.pdf;https://kyoumu.office.uec.ac.jp/timet/jyoukyu8.pdf;https://kyoumu.office.uec.ac.jp/timet/inrenkei1.pdf;https://kyoumu.office.uec.ac.jp/timet/inrenkei2.pdf;https://kyoumu.office.uec.ac.jp/timet/B7.pdf;https://kyoumu.office.uec.ac.jp/timet/B8.pdf
4年,学年別,先端集積デバイス基礎,https://kyoumu.office.uec.ac.jp/timet/A7.pdf;https://kyoumu.office.uec.ac.jp/timet/jyoukyu7.pdf;https://kyoumu.office.uec.ac.jp/timet/A8.pdf;https://kyoumu.office.uec.ac.jp/timet/jyoukyu8.pdf;https://kyoumu.office.uec.ac.jp/timet/inrenkei1.pdf;https://kyoumu.office.uec.ac.jp/timet/inrenkei2.pdf;https://kyoumu.office.uec.ac.jp/timet/B7.pdf;https://kyoumu.office.uec.ac.jp/timet/B8.pdf
4年,学年別,制御系設計学基礎,https://kyoumu.office.uec.ac.jp/timet/A7.pdf;https://kyoumu.office.uec.ac.jp/timet/jyoukyu7.pdf;https://kyoumu.office.uec.ac.jp/timet/A8.pdf;https://kyoumu.office.uec.ac.jp/timet/jyoukyu8.pdf;https://kyoumu.office.uec.ac.jp/timet/inrenkei1.pdf;https://kyoumu.office.uec.ac.jp/timet/inrenkei2.pdf;https://kyoumu.office.uec.ac.jp/timet/B7.pdf;https://kyoumu.office.uec.ac.jp/timet/B8.pdf
4年,学年別,データマイニング,https://kyoumu.office.uec.ac.jp/timet/A7.pdf;https://kyoumu.office.uec.ac.jp/timet/jyoukyu7.pdf;https://kyoumu.office.uec.ac.jp/timet/A8.pdf;https://kyoumu.office.uec.ac.jp/timet/jyoukyu8.pdf;https://kyoumu.office.uec.ac.jp/timet/inrenkei1.pdf;https://kyoumu.office.uec.ac.jp/timet/inrenkei2.pdf;https://kyoumu.office.uec.ac.jp/timet/B7.pdf;https://kyoumu.office.uec.ac.jp/timet/B8.pdf
4年,学年別,光・量子エレクトロニクス基礎,https://kyoumu.office.uec.ac.jp/timet/A7.pdf;https://kyoumu.office.uec.ac.jp/timet/jyoukyu7.pdf;https://kyoumu.office.uec.ac.jp/timet/A8.pdf;https://kyoumu.office.uec.ac.jp/timet/jyoukyu8.pdf;https://kyoumu.office.uec.ac.jp/timet/inrenkei1.pdf;https://kyoumu.office.uec.ac.jp/timet/inrenkei2.pdf;https://kyoumu.office.uec.ac.jp/timet/B7.pdf;https://kyoumu.office.uec.ac.jp/timet/B8.pdf
4年,学年別,情報伝送基礎,https://kyoumu.office.uec.ac.jp/timet/A7.pdf;https://kyoumu.office.uec.ac.jp/timet/jyoukyu7.pdf;https://kyoumu.office.uec.ac.jp/timet/A8.pdf;https://kyoumu.office.uec.ac.jp/timet/jyoukyu8.pdf;https://kyoumu.office.uec.ac.jp/timet/inrenkei1.pdf;https://kyoumu.office.uec.ac.jp/timet/inrenkei2.pdf;https://kyoumu.office.uec.ac.jp/timet/B7.pdf;https://kyoumu.office.uec.ac.jp/timet/B8.pdf
4年,学年別,経営情報システム,https://kyoumu.office.uec.ac.jp/timet/A7.pdf;https://kyoumu.office.uec.ac.jp/timet/jyoukyu7.pdf;https://kyoumu.office.uec.ac.jp/timet/A8.pdf;https://kyoumu.office.uec.ac.jp/timet/jyoukyu8.pdf;https://kyoumu.office.uec.ac.jp/timet/inrenkei1.pdf;https://kyoumu.office.uec.ac.jp/timet/inrenkei2.pdf;https://kyoumu.office.uec.ac.jp/timet/B7.pdf;https://kyoumu.office.uec.ac.jp/timet/B8.pdf
4年,学年別,情報・ネットワーク工学専攻基礎,https://kyoumu.office.uec.ac.jp/timet/A7.pdf;https://kyoumu.office.uec.ac.jp/timet/jyoukyu7.pdf;https://kyoumu.office.uec.ac.jp/timet/A8.pdf;https://kyoumu.office.uec.ac.jp/timet/jyoukyu8.pdf;https://kyoumu.office.uec.ac.jp/timet/inrenkei1.pdf;https://kyoumu.office.uec.ac.jp/timet/inrenkei2.pdf;https://kyoumu.office.uec.ac.jp/timet/B7.pdf;https://kyoumu.office.uec.ac.jp/timet/B8.pdf
4年,学年別,機械知能システム学専攻基礎,https://kyoumu.office.uec.ac.jp/timet/A7.pdf;https://kyoumu.office.uec.ac.jp/timet/jyoukyu7.pdf;https://kyoumu.office.uec.ac.jp/timet/A8.pdf;https://kyoumu.office.uec.ac.jp/timet/jyoukyu8.pdf;https://kyoumu.office.uec.ac.jp/timet/inrenkei1.pdf;https://kyoumu.office.uec.ac.jp/timet/inrenkei2.pdf;https://kyoumu.office.uec.ac.jp/timet/B7.pdf;https://kyoumu.office.uec.ac.jp/timet/B8.pdf
4年,学年別,コンピュータグラフィックス応用,https://kyoumu.office.uec.ac.jp/timet/A7.pdf;https://kyoumu.office.uec.ac.jp/timet/jyoukyu7.pdf;https://kyoumu.office.uec.ac.jp/timet/A8.pdf;https://kyoumu.office.uec.ac.jp/timet/jyoukyu8.pdf;https://kyoumu.office.uec.ac.jp/timet/inrenkei1.pdf;https://kyoumu.office.uec.ac.jp/timet/inrenkei2.pdf;https://kyoumu.office.uec.ac.jp/timet/B7.pdf;https://kyoumu.office.uec.ac.jp/timet/B8.pdf
4年,学年別,バイオメカニクス基礎,https://kyoumu.office.uec.ac.jp/timet/A7.pdf;https://kyoumu.office.uec.ac.jp/timet/jyoukyu7.pdf;https://kyoumu.office.uec.ac.jp/timet/A8.pdf;https://kyoumu.office.uec.ac.jp/timet/jyoukyu8.pdf;https://kyoumu.office.uec.ac.jp/timet/inrenkei1.pdf;https://kyoumu.office.uec.ac.jp/timet/inrenkei2.pdf;https://kyoumu.office.uec.ac.jp/timet/B7.pdf;https://kyoumu.office.uec.ac.jp/timet/B8.pdf
4年,学年別,化学生命工学特論B,https://kyoumu.office.uec.ac.jp/timet/A7.pdf;https://kyoumu.office.uec.ac.jp/timet/jyoukyu7.pdf;https://kyoumu.office.uec.ac.jp/timet/A8.pdf;https://kyoumu.office.uec.ac.jp/timet/jyoukyu8.pdf;https://kyoumu.office.uec.ac.jp/timet/inrenkei1.pdf;https://kyoumu.office.uec.ac.jp/timet/inrenkei2.pdf;https://kyoumu.office.uec.ac.jp/timet/B7.pdf;https://kyoumu.office.uec.ac.jp/timet/B8.pdf
4年,学年別,学習工学特論,https://kyoumu.office.uec.ac.jp/timet/A7.pdf;https://kyoumu.office.uec.ac.jp/timet/jyoukyu7.pdf;https://kyoumu.office.uec.ac.jp/timet/A8.pdf;https://kyoumu.office.uec.ac.jp/timet/jyoukyu8.pdf;https://kyoumu.office.uec.ac.jp/timet/inrenkei1.pdf;https://kyoumu.office.uec.ac.jp/timet/inrenkei2.pdf;https://kyoumu.office.uec.ac.jp/timet/B7.pdf;https://kyoumu.office.uec.ac.jp/timet/B8.pdf
4年,学年別,材料強度学基礎,https://kyoumu.office.uec.ac.jp/timet/A7.pdf;https://kyoumu.office.uec.ac.jp/timet/jyoukyu7.pdf;https://kyoumu.office.uec.ac.jp/timet/A8.pdf;https://kyoumu.office.uec.ac.jp/timet/jyoukyu8.pdf;https://kyoumu.office.uec.ac.jp/timet/inrenkei1.pdf;https://kyoumu.office.uec.ac.jp/timet/inrenkei2.pdf;https://kyoumu.office.uec.ac.jp/timet/B7.pdf;https://kyoumu.office.uec.ac.jp/timet/B8.pdf
4年,学年別,光デバイス工学基礎,https://kyoumu.office.uec.ac.jp/timet/A7.pdf;https://kyoumu.office.uec.ac.jp/timet/jyoukyu7.pdf;https://kyoumu.office.uec.ac.jp/timet/A8.pdf;https://kyoumu.office.uec.ac.jp/timet/jyoukyu8.pdf;https://kyoumu.office.uec.ac.jp/timet/inrenkei1.pdf;https://kyoumu.office.uec.ac.jp/timet/inrenkei2.pdf;https://kyoumu.office.uec.ac.jp/timet/B7.pdf;https://kyoumu.office.uec.ac.jp/timet/B8.pdf
4年,学年別,生命分子化学特論,https://kyoumu.office.uec.ac.jp/timet/A7.pdf;https://kyoumu.office.uec.ac.jp/timet/jyoukyu7.pdf;https://kyoumu.office.uec.ac.jp/timet/A8.pdf;https://kyoumu.office.uec.ac.jp/timet/jyoukyu8.pdf;https://kyoumu.office.uec.ac.jp/timet/inrenkei1.pdf;https://kyoumu.office.uec.ac.jp/timet/inrenkei2.pdf;https://kyoumu.office.uec.ac.jp/timet/B7.pdf;https://kyoumu.office.uec.ac.jp/timet/B8.pdf
4年,学年別,計測工学基礎,https://kyoumu.office.uec.ac.jp/timet/A7.pdf;https://kyoumu.office.uec.ac.jp/timet/jyoukyu7.pdf;https://kyoumu.office.uec.ac.jp/timet/A8.pdf;https://kyoumu.office.uec.ac.jp/timet/jyoukyu8.pdf;https://kyoumu.office.uec.ac.jp/timet/inrenkei1.pdf;https://kyoumu.office.uec.ac.jp/timet/inrenkei2.pdf;https://kyoumu.office.uec.ac.jp/timet/B7.pdf;https://kyoumu.office.uec.ac.jp/timet/B8.pdf
4年,学年別,ディジタル信号処理基礎,https://kyoumu.office.uec.ac.jp/timet/A7.pdf;https://kyoumu.office.uec.ac.jp/timet/jyoukyu7.pdf;https://kyoumu.office.uec.ac.jp/timet/A8.pdf;https://kyoumu.office.uec.ac.jp/timet/jyoukyu8.pdf;https://kyoumu.office.uec.ac.jp/timet/inrenkei1.pdf;https://kyoumu.office.uec.ac.jp/timet/inrenkei2.pdf;https://kyoumu.office.uec.ac.jp/timet/B7.pdf;https://kyoumu.office.uec.ac.jp/timet/B8.pdf
4年,学年別,ロボット工学基礎,https://kyoumu.office.uec.ac.jp/timet/A7.pdf;https://kyoumu.office.uec.ac.jp/timet/jyoukyu7.pdf;https://kyoumu.office.uec.ac.jp/timet/A8.pdf;https://kyoumu.office.uec.ac.jp/timet/jyoukyu8.pdf;https://kyoumu.office.uec.ac.jp/timet/inrenkei1.pdf;https://kyoumu.office.uec.ac.jp/timet/inrenkei2.pdf;https://kyoumu.office.uec.ac.jp/timet/B7.pdf;https://kyoumu.office.uec.ac.jp/timet/B8.pdf
4年,学年別,光化学,https://kyoumu.office.uec.ac.jp/timet/A7.pdf;https://kyoumu.office.uec.ac.jp/timet/jyoukyu7.pdf;https://kyoumu.office.uec.ac.jp/timet/A8.pdf;https://kyoumu.office.uec.ac.jp/timet/jyoukyu8.pdf;https://kyoumu.office.uec.ac.jp/timet/inrenkei1.pdf;https://kyoumu.office.uec.ac.jp/timet/inrenkei2.pdf;https://kyoumu.office.uec.ac.jp/timet/B7.pdf;https://kyoumu.office.uec.ac.jp/timet/B8.pdf
4年,学年別,データ圧縮基礎,https://kyoumu.office.uec.ac.jp/timet/A7.pdf;https://kyoumu.office.uec.ac.jp/timet/jyoukyu7.pdf;https://kyoumu.office.uec.ac.jp/timet/A8.pdf;https://kyoumu.office.uec.ac.jp/timet/jyoukyu8.pdf;https://kyoumu.office.uec.ac.jp/timet/inrenkei1.pdf;https://kyoumu.office.uec.ac.jp/timet/inrenkei2.pdf;https://kyoumu.office.uec.ac.jp/timet/B7.pdf;https://kyoumu.office.uec.ac.jp/timet/B8.pdf
4年,学年別,生体情報学基礎,https://kyoumu.office.uec.ac.jp/timet/A7.pdf;https://kyoumu.office.uec.ac.jp/timet/jyoukyu7.pdf;https://kyoumu.office.uec.ac.jp/timet/A8.pdf;https://kyoumu.office.uec.ac.jp/timet/jyoukyu8.pdf;https://kyoumu.office.uec.ac.jp/timet/inrenkei1.pdf;https://kyoumu.office.uec.ac.jp/timet/inrenkei2.pdf;https://kyoumu.office.uec.ac.jp/timet/B7.pdf;https://kyoumu.office.uec.ac.jp/timet/B8.pdf
4年,学年別,インタラクティブシステム特論,https://kyoumu.office.uec.ac.jp/timet/A7.pdf;https://kyoumu.office.uec.ac.jp/timet/jyoukyu7.pdf;https://kyoumu.office.uec.ac.jp/timet/A8.pdf;https://kyoumu.office.uec.ac.jp/timet/jyoukyu8.pdf;https://kyoumu.office.uec.ac.jp/timet/inrenkei1.pdf;https://kyoumu.office.uec.ac.jp/timet/inrenkei2.pdf;https://kyoumu.office.uec.ac.jp/timet/B7.pdf;https://kyoumu.office.uec.ac.jp/timet/B8.pdf
4年,学年別,計算機アーキテクチャ基礎論,https://kyoumu.office.uec.ac.jp/timet/A7.pdf;https://kyoumu.office.uec.ac.jp/timet/jyoukyu7.pdf;https://kyoumu.office.uec.ac.jp/timet/A8.pdf;https://kyoumu.office.uec.ac.jp/timet/jyoukyu8.pdf;https://kyoumu.office.uec.ac.jp/timet/inrenkei1.pdf;https://kyoumu.office.uec.ac.jp/timet/inrenkei2.pdf;https://kyoumu.office.uec.ac.jp/timet/B7.pdf;https://kyoumu.office.uec.ac.jp/timet/B8.pdf
4年,学年別,マイクロ波回路設計特論,https://kyoumu.office.uec.ac.jp/timet/A7.pdf;https://kyoumu.office.uec.ac.jp/timet/jyoukyu7.pdf;https://kyoumu.office.uec.ac.jp/timet/A8.pdf;https://kyoumu.office.uec.ac.jp/timet/jyoukyu8.pdf;https://kyoumu.office.uec.ac.jp/timet/inrenkei1.pdf;https://kyoumu.office.uec.ac.jp/timet/inrenkei2.pdf;https://kyoumu.office.uec.ac.jp/timet/B7.pdf;https://kyoumu.office.uec.ac.jp/timet/B8.pdf
4年,学年別,生物有機化学,https://kyoumu.office.uec.ac.jp/timet/A7.pdf;https://kyoumu.office.uec.ac.jp/timet/jyoukyu7.pdf;https://kyoumu.office.uec.ac.jp/timet/A8.pdf;https://kyoumu.office.uec.ac.jp/timet/jyoukyu8.pdf;https://kyoumu.office.uec.ac.jp/timet/inrenkei1.pdf;https://kyoumu.office.uec.ac.jp/timet/inrenkei2.pdf;https://kyoumu.office.uec.ac.jp/timet/B7.pdf;https://kyoumu.office.uec.ac.jp/timet/B8.pdf
4年,学年別,実践ソフトウェア開発基礎論,https://kyoumu.office.uec.ac.jp/timet/A7.pdf;https://kyoumu.office.uec.ac.jp/timet/jyoukyu7.pdf;https://kyoumu.office.uec.ac.jp/timet/A8.pdf;https://kyoumu.office.uec.ac.jp/timet/jyoukyu8.pdf;https://kyoumu.office.uec.ac.jp/timet/inrenkei1.pdf;https://kyoumu.office.uec.ac.jp/timet/inrenkei2.pdf;https://kyoumu.office.uec.ac.jp/timet/B7.pdf;https://kyoumu.office.uec.ac.jp/timet/B8.pdf
4年,学年別,実践ソフトウェア開発概論Ⅱ,https://kyoumu.office.uec.ac.jp/timet/A7.pdf;https://kyoumu.office.uec.ac.jp/timet/jyoukyu7.pdf;https://kyoumu.office.uec.ac.jp/timet/A8.pdf;https://kyoumu.office.uec.ac.jp/timet/jyoukyu8.pdf;https://kyoumu.office.uec.ac.jp/timet/inrenkei1.pdf;https://kyoumu.office.uec.ac.jp/timet/inrenkei2.pdf;https://kyoumu.office.uec.ac.jp/timet/B7.pdf;https://kyoumu.office.uec.ac.jp/timet/B8.pdf
4年,学年別,会計情報システム,https://kyoumu.office.uec.ac.jp/timet/A7.pdf;https://kyoumu.office.uec.ac.jp/timet/jyoukyu7.pdf;https://kyoumu.office.uec.ac.jp/timet/A8.pdf;https://kyoumu.office.uec.ac.jp/timet/jyoukyu8.pdf;https://kyoumu.office.uec.ac.jp/timet/inrenkei1.pdf;https://kyoumu.office.uec.ac.jp/timet/inrenkei2.pdf;https://kyoumu.office.uec.ac.jp/timet/B7.pdf;https://kyoumu.office.uec.ac.jp/timet/B8.pdf
4年,学年別,固体物性論基礎,https://kyoumu.office.uec.ac.jp/timet/A7.pdf;https://kyoumu.office.uec.ac.jp/timet/jyoukyu7.pdf;https://kyoumu.office.uec.ac.jp/timet/A8.pdf;https://kyoumu.office.uec.ac.jp/timet/jyoukyu8.pdf;https://kyoumu.office.uec.ac.jp/timet/inrenkei1.pdf;https://kyoumu.office.uec.ac.jp/timet/inrenkei2.pdf;https://kyoumu.office.uec.ac.jp/timet/B7.pdf;https://kyoumu.office.uec.ac.jp/timet/B8.pdf
4年,学年別,固体量子工学,https://kyoumu.office.uec.ac.jp/timet/A7.pdf;https://kyoumu.office.uec.ac.jp/timet/jyoukyu7.pdf;https://kyoumu.office.uec.ac.jp/timet/A8.pdf;https://kyoumu.office.uec.ac.jp/timet/jyoukyu8.pdf;https://kyoumu.office.uec.ac.jp/timet/inrenkei1.pdf;https://kyoumu.office.uec.ac.jp/timet/inrenkei2.pdf;https://kyoumu.office.uec.ac.jp/timet/B7.pdf;https://kyoumu.office.uec.ac.jp/timet/B8.pdf
4年,学年別,化学生命工学特論A,https://kyoumu.office.uec.ac.jp/timet/A7.pdf;https://kyoumu.office.uec.ac.jp/timet/jyoukyu7.pdf;https://kyoumu.office.uec.ac.jp/timet/A8.pdf;https://kyoumu.office.uec.ac.jp/timet/jyoukyu8.pdf;https://kyoumu.office.uec.ac.jp/timet/inrenkei1.pdf;https://kyoumu.office.uec.ac.jp/timet/inrenkei2.pdf;https://kyoumu.office.uec.ac.jp/timet/B7.pdf;https://kyoumu.office.uec.ac.jp/timet/B8.pdf
4年,学年別,サービス・サイエンス特論（休講）,https://kyoumu.office.uec.ac.jp/timet/A7.pdf;https://kyoumu.office.uec.ac.jp/timet/jyoukyu7.pdf;https://kyoumu.office.uec.ac.jp/timet/A8.pdf;https://kyoumu.office.uec.ac.jp/timet/jyoukyu8.pdf;https://kyoumu.office.uec.ac.jp/timet/inrenkei1.pdf;https://kyoumu.office.uec.ac.jp/timet/inrenkei2.pdf;https://kyoumu.office.uec.ac.jp/timet/B7.pdf;https://kyoumu.office.uec.ac.jp/timet/B8.pdf
4年,学年別,ソフトウェア基礎特論（休講）,https://kyoumu.office.uec.ac.jp/timet/A7.pdf;https://kyoumu.office.uec.ac.jp/timet/jyoukyu7.pdf;https://kyoumu.office.uec.ac.jp/timet/A8.pdf;https://kyoumu.office.uec.ac.jp/timet/jyoukyu8.pdf;https://kyoumu.office.uec.ac.jp/timet/inrenkei1.pdf;https://kyoumu.office.uec.ac.jp/timet/inrenkei2.pdf;https://kyoumu.office.uec.ac.jp/timet/B7.pdf;https://kyoumu.office.uec.ac.jp/timet/B8.pdf
4年,学年別,感覚運動システム特論（休講）,https://kyoumu.office.uec.ac.jp/timet/A7.pdf;https://kyoumu.office.uec.ac.jp/timet/jyoukyu7.pdf;https://kyoumu.office.uec.ac.jp/timet/A8.pdf;https://kyoumu.office.uec.ac.jp/timet/jyoukyu8.pdf;https://kyoumu.office.uec.ac.jp/timet/inrenkei1.pdf;https://kyoumu.office.uec.ac.jp/timet/inrenkei2.pdf;https://kyoumu.office.uec.ac.jp/timet/B7.pdf;https://kyoumu.office.uec.ac.jp/timet/B8.pdf
4年,学年別,運動計測学特論,https://kyoumu.office.uec.ac.jp/timet/A7.pdf;https://kyoumu.office.uec.ac.jp/timet/jyoukyu7.pdf;https://kyoumu.office.uec.ac.jp/timet/A8.pdf;https://kyoumu.office.uec.ac.jp/timet/jyoukyu8.pdf;https://kyoumu.office.uec.ac.jp/timet/inrenkei1.pdf;https://kyoumu.office.uec.ac.jp/timet/inrenkei2.pdf;https://kyoumu.office.uec.ac.jp/timet/B7.pdf;https://kyoumu.office.uec.ac.jp/timet/B8.pdf
4年,学年別,シミュレーション理工学基礎論,https://kyoumu.office.uec.ac.jp/timet/A7.pdf;https://kyoumu.office.uec.ac.jp/timet/jyoukyu7.pdf;https://kyoumu.office.uec.ac.jp/timet/A8.pdf;https://kyoumu.office.uec.ac.jp/timet/jyoukyu8.pdf;https://kyoumu.office.uec.ac.jp/timet/inrenkei1.pdf;https://kyoumu.office.uec.ac.jp/timet/inrenkei2.pdf;https://kyoumu.office.uec.ac.jp/timet/B7.pdf;https://kyoumu.office.uec.ac.jp/timet/B8.pdf
4年,学年別,メカトロニクス特論,https://kyoumu.office.uec.ac.jp/timet/A7.pdf;https://kyoumu.office.uec.ac.jp/timet/jyoukyu7.pdf;https://kyoumu.office.uec.ac.jp/timet/A8.pdf;https://kyoumu.office.uec.ac.jp/timet/jyoukyu8.pdf;https://kyoumu.office.uec.ac.jp/timet/inrenkei1.pdf;https://kyoumu.office.uec.ac.jp/timet/inrenkei2.pdf;https://kyoumu.office.uec.ac.jp/timet/B7.pdf;https://kyoumu.office.uec.ac.jp/timet/B8.pdf
4年,学年別,応用電磁気学,https://kyoumu.office.uec.ac.jp/timet/A7.pdf;https://kyoumu.office.uec.ac.jp/timet/jyoukyu7.pdf;https://kyoumu.office.uec.ac.jp/timet/A8.pdf;https://kyoumu.office.uec.ac.jp/timet/jyoukyu8.pdf;https://kyoumu.office.uec.ac.jp/timet/inrenkei1.pdf;https://kyoumu.office.uec.ac.jp/timet/inrenkei2.pdf;https://kyoumu.office.uec.ac.jp/timet/B7.pdf;https://kyoumu.office.uec.ac.jp/timet/B8.pdf
4年,学年別,ロボット応用工学特論,https://kyoumu.office.uec.ac.jp/timet/A7.pdf;https://kyoumu.office.uec.ac.jp/timet/jyoukyu7.pdf;https://kyoumu.office.uec.ac.jp/timet/A8.pdf;https://kyoumu.office.uec.ac.jp/timet/jyoukyu8.pdf;https://kyoumu.office.uec.ac.jp/timet/inrenkei1.pdf;https://kyoumu.office.uec.ac.jp/timet/inrenkei2.pdf;https://kyoumu.office.uec.ac.jp/timet/B7.pdf;https://kyoumu.office.uec.ac.jp/timet/B8.pdf
4年,学年別,X線結晶学特論,https://kyoumu.office.uec.ac.jp/timet/A7.pdf;https://kyoumu.office.uec.ac.jp/timet/jyoukyu7.pdf;https://kyoumu.office.uec.ac.jp/timet/A8.pdf;https://kyoumu.office.uec.ac.jp/timet/jyoukyu8.pdf;https://kyoumu.office.uec.ac.jp/timet/inrenkei1.pdf;https://kyoumu.office.uec.ac.jp/timet/inrenkei2.pdf;https://kyoumu.office.uec.ac.jp/timet/B7.pdf;https://kyoumu.office.uec.ac.jp/timet/B8.pdf
4年,学年別,アルゴリズム特論,https://kyoumu.office.uec.ac.jp/timet/A7.pdf;https://kyoumu.office.uec.ac.jp/timet/jyoukyu7.pdf;https://kyoumu.office.uec.ac.jp/timet/A8.pdf;https://kyoumu.office.uec.ac.jp/timet/jyoukyu8.pdf;https://kyoumu.office.uec.ac.jp/timet/inrenkei1.pdf;https://kyoumu.office.uec.ac.jp/timet/inrenkei2.pdf;https://kyoumu.office.uec.ac.jp/timet/B7.pdf;https://kyoumu.office.uec.ac.jp/timet/B8.pdf
4年,学年別,センシング工学特論,https://kyoumu.office.uec.ac.jp/timet/A7.pdf;https://kyoumu.office.uec.ac.jp/timet/jyoukyu7.pdf;https://kyoumu.office.uec.ac.jp/timet/A8.pdf;https://kyoumu.office.uec.ac.jp/timet/jyoukyu8.pdf;https://kyoumu.office.uec.ac.jp/timet/inrenkei1.pdf;https://kyoumu.office.uec.ac.jp/timet/inrenkei2.pdf;https://kyoumu.office.uec.ac.jp/timet/B7.pdf;https://kyoumu.office.uec.ac.jp/timet/B8.pdf
4年,学年別,ロボット機構制御特論,https://kyoumu.office.uec.ac.jp/timet/A7.pdf;https://kyoumu.office.uec.ac.jp/timet/jyoukyu7.pdf;https://kyoumu.office.uec.ac.jp/timet/A8.pdf;https://kyoumu.office.uec.ac.jp/timet/jyoukyu8.pdf;https://kyoumu.office.uec.ac.jp/timet/inrenkei1.pdf;https://kyoumu.office.uec.ac.jp/timet/inrenkei2.pdf;https://kyoumu.office.uec.ac.jp/timet/B7.pdf;https://kyoumu.office.uec.ac.jp/timet/B8.pdf
4年,学年別,画像認識システム特論,https://kyoumu.office.uec.ac.jp/timet/A7.pdf;https://kyoumu.office.uec.ac.jp/timet/jyoukyu7.pdf;https://kyoumu.office.uec.ac.jp/timet/A8.pdf;https://kyoumu.office.uec.ac.jp/timet/jyoukyu8.pdf;https://kyoumu.office.uec.ac.jp/timet/inrenkei1.pdf;https://kyoumu.office.uec.ac.jp/timet/inrenkei2.pdf;https://kyoumu.office.uec.ac.jp/timet/B7.pdf;https://kyoumu.office.uec.ac.jp/timet/B8.pdf
4年,学年別,知的生産システム特論,https://kyoumu.office.uec.ac.jp/timet/A7.pdf;https://kyoumu.office.uec.ac.jp/timet/jyoukyu7.pdf;https://kyoumu.office.uec.ac.jp/timet/A8.pdf;https://kyoumu.office.uec.ac.jp/timet/jyoukyu8.pdf;https://kyoumu.office.uec.ac.jp/timet/inrenkei1.pdf;https://kyoumu.office.uec.ac.jp/timet/inrenkei2.pdf;https://kyoumu.office.uec.ac.jp/timet/B7.pdf;https://kyoumu.office.uec.ac.jp/timet/B8.pdf
4年,学年別,物理化学特論,https://kyoumu.office.uec.ac.jp/timet/A7.pdf;https://kyoumu.office.uec.ac.jp/timet/jyoukyu7.pdf;https://kyoumu.office.uec.ac.jp/timet/A8.pdf;https://kyoumu.office.uec.ac.jp/timet/jyoukyu8.pdf;https://kyoumu.office.uec.ac.jp/timet/inrenkei1.pdf;https://kyoumu.office.uec.ac.jp/timet/inrenkei2.pdf;https://kyoumu.office.uec.ac.jp/timet/B7.pdf;https://kyoumu.office.uec.ac.jp/timet/B8.pdf
4年,学年別,離散最適化基礎論,https://kyoumu.office.uec.ac.jp/timet/A7.pdf;https://kyoumu.office.uec.ac.jp/timet/jyoukyu7.pdf;https://kyoumu.office.uec.ac.jp/timet/A8.pdf;https://kyoumu.office.uec.ac.jp/timet/jyoukyu8.pdf;https://kyoumu.office.uec.ac.jp/timet/inrenkei1.pdf;https://kyoumu.office.uec.ac.jp/timet/inrenkei2.pdf;https://kyoumu.office.uec.ac.jp/timet/B7.pdf;https://kyoumu.office.uec.ac.jp/timet/B8.pdf
4年,学年別,設計システム工学特論,https://kyoumu.office.uec.ac.jp/timet/A7.pdf;https://kyoumu.office.uec.ac.jp/timet/jyoukyu7.pdf;https://kyoumu.office.uec.ac.jp/timet/A8.pdf;https://kyoumu.office.uec.ac.jp/timet/jyoukyu8.pdf;https://kyoumu.office.uec.ac.jp/timet/inrenkei1.pdf;https://kyoumu.office.uec.ac.jp/timet/inrenkei2.pdf;https://kyoumu.office.uec.ac.jp/timet/B7.pdf;https://kyoumu.office.uec.ac.jp/timet/B8.pdf
4年,学年別,応用アルゴリズム論,https://kyoumu.office.uec.ac.jp/timet/A7.pdf;https://kyoumu.office.uec.ac.jp/timet/jyoukyu7.pdf;https://kyoumu.office.uec.ac.jp/timet/A8.pdf;https://kyoumu.office.uec.ac.jp/timet/jyoukyu8.pdf;https://kyoumu.office.uec.ac.jp/timet/inrenkei1.pdf;https://kyoumu.office.uec.ac.jp/timet/inrenkei2.pdf;https://kyoumu.office.uec.ac.jp/timet/B7.pdf;https://kyoumu.office.uec.ac.jp/timet/B8.pdf
4年,学年別,量子エネルギー科学,https://kyoumu.office.uec.ac.jp/timet/A7.pdf;https://kyoumu.office.uec.ac.jp/timet/jyoukyu7.pdf;https://kyoumu.office.uec.ac.jp/timet/A8.pdf;https://kyoumu.office.uec.ac.jp/timet/jyoukyu8.pdf;https://kyoumu.office.uec.ac.jp/timet/inrenkei1.pdf;https://kyoumu.office.uec.ac.jp/timet/inrenkei2.pdf;https://kyoumu.office.uec.ac.jp/timet/B7.pdf;https://kyoumu.office.uec.ac.jp/timet/B8.pdf
4年,学年別,電磁波環境観測技術特論,https://kyoumu.office.uec.ac.jp/timet/A7.pdf;https://kyoumu.office.uec.ac.jp/timet/jyoukyu7.pdf;https://kyoumu.office.uec.ac.jp/timet/A8.pdf;https://kyoumu.office.uec.ac.jp/timet/jyoukyu8.pdf;https://kyoumu.office.uec.ac.jp/timet/inrenkei1.pdf;https://kyoumu.office.uec.ac.jp/timet/inrenkei2.pdf;https://kyoumu.office.uec.ac.jp/timet/B7.pdf;https://kyoumu.office.uec.ac.jp/timet/B8.pdf
4年,学年別,ナノトライボロジー特論,https://kyoumu.office.uec.ac.jp/timet/A7.pdf;https://kyoumu.office.uec.ac.jp/timet/jyoukyu7.pdf;https://kyoumu.office.uec.ac.jp/timet/A8.pdf;https://kyoumu.office.uec.ac.jp/timet/jyoukyu8.pdf;https://kyoumu.office.uec.ac.jp/timet/inrenkei1.pdf;https://kyoumu.office.uec.ac.jp/timet/inrenkei2.pdf;https://kyoumu.office.uec.ac.jp/timet/B7.pdf;https://kyoumu.office.uec.ac.jp/timet/B8.pdf
4年,学年別,生体機能システム学基礎,https://kyoumu.office.uec.ac.jp/timet/A7.pdf;https://kyoumu.office.uec.ac.jp/timet/jyoukyu7.pdf;https://kyoumu.office.uec.ac.jp/timet/A8.pdf;https://kyoumu.office.uec.ac.jp/timet/jyoukyu8.pdf;https://kyoumu.office.uec.ac.jp/timet/inrenkei1.pdf;https://kyoumu.office.uec.ac.jp/timet/inrenkei2.pdf;https://kyoumu.office.uec.ac.jp/timet/B7.pdf;https://kyoumu.office.uec.ac.jp/timet/B8.pdf
4年,学年別,現代代数学,https://kyoumu.office.uec.ac.jp/timet/A7.pdf;https://kyoumu.office.uec.ac.jp/timet/jyoukyu7.pdf;https://kyoumu.office.uec.ac.jp/timet/A8.pdf;https://kyoumu.office.uec.ac.jp/timet/jyoukyu8.pdf;https://kyoumu.office.uec.ac.jp/timet/inrenkei1.pdf;https://kyoumu.office.uec.ac.jp/timet/inrenkei2.pdf;https://kyoumu.office.uec.ac.jp/timet/B7.pdf;https://kyoumu.office.uec.ac.jp/timet/B8.pdf
4年,学年別,ロボット情報工学特論,https://kyoumu.office.uec.ac.jp/timet/A7.pdf;https://kyoumu.office.uec.ac.jp/timet/jyoukyu7.pdf;https://kyoumu.office.uec.ac.jp/timet/A8.pdf;https://kyoumu.office.uec.ac.jp/timet/jyoukyu8.pdf;https://kyoumu.office.uec.ac.jp/timet/inrenkei1.pdf;https://kyoumu.office.uec.ac.jp/timet/inrenkei2.pdf;https://kyoumu.office.uec.ac.jp/timet/B7.pdf;https://kyoumu.office.uec.ac.jp/timet/B8.pdf
4年,学年別,無機物質化学特論,https://kyoumu.office.uec.ac.jp/timet/A7.pdf;https://kyoumu.office.uec.ac.jp/timet/jyoukyu7.pdf;https://kyoumu.office.uec.ac.jp/timet/A8.pdf;https://kyoumu.office.uec.ac.jp/timet/jyoukyu8.pdf;https://kyoumu.office.uec.ac.jp/timet/inrenkei1.pdf;https://kyoumu.office.uec.ac.jp/timet/inrenkei2.pdf;https://kyoumu.office.uec.ac.jp/timet/B7.pdf;https://kyoumu.office.uec.ac.jp/timet/B8.pdf
4年,学年別,力学系現象特論,https://kyoumu.office.uec.ac.jp/timet/A7.pdf;https://kyoumu.office.uec.ac.jp/timet/jyoukyu7.pdf;https://kyoumu.office.uec.ac.jp/timet/A8.pdf;https://kyoumu.office.uec.ac.jp/timet/jyoukyu8.pdf;https://kyoumu.office.uec.ac.jp/timet/inrenkei1.pdf;https://kyoumu.office.uec.ac.jp/timet/inrenkei2.pdf;https://kyoumu.office.uec.ac.jp/timet/B7.pdf;https://kyoumu.office.uec.ac.jp/timet/B8.pdf
4年,学年別,ソフトウェア品質学,https://kyoumu.office.uec.ac.jp/timet/A7.pdf;https://kyoumu.office.uec.ac.jp/timet/jyoukyu7.pdf;https://kyoumu.office.uec.ac.jp/timet/A8.pdf;https://kyoumu.office.uec.ac.jp/timet/jyoukyu8.pdf;https://kyoumu.office.uec.ac.jp/timet/inrenkei1.pdf;https://kyoumu.office.uec.ac.jp/timet/inrenkei2.pdf;https://kyoumu.office.uec.ac.jp/timet/B7.pdf;https://kyoumu.office.uec.ac.jp/timet/B8.pdf
4年,学年別,バーチャルリアリティー特論,https://kyoumu.office.uec.ac.jp/timet/A7.pdf;https://kyoumu.office.uec.ac.jp/timet/jyoukyu7.pdf;https://kyoumu.office.uec.ac.jp/timet/A8.pdf;https://kyoumu.office.uec.ac.jp/timet/jyoukyu8.pdf;https://kyoumu.office.uec.ac.jp/timet/inrenkei1.pdf;https://kyoumu.office.uec.ac.jp/timet/inrenkei2.pdf;https://kyoumu.office.uec.ac.jp/timet/B7.pdf;https://kyoumu.office.uec.ac.jp/timet/B8.pdf
4年,学年別,情報理論基礎,https://kyoumu.office.uec.ac.jp/timet/A7.pdf;https://kyoumu.office.uec.ac.jp/timet/jyoukyu7.pdf;https://kyoumu.office.uec.ac.jp/timet/A8.pdf;https://kyoumu.office.uec.ac.jp/timet/jyoukyu8.pdf;https://kyoumu.office.uec.ac.jp/timet/inrenkei1.pdf;https://kyoumu.office.uec.ac.jp/timet/inrenkei2.pdf;https://kyoumu.office.uec.ac.jp/timet/B7.pdf;https://kyoumu.office.uec.ac.jp/timet/B8.pdf
4年,学年別,システム制御理論特論,https://kyoumu.office.uec.ac.jp/timet/A7.pdf;https://kyoumu.office.uec.ac.jp/timet/jyoukyu7.pdf;https://kyoumu.office.uec.ac.jp/timet/A8.pdf;https://kyoumu.office.uec.ac.jp/timet/jyoukyu8.pdf;https://kyoumu.office.uec.ac.jp/timet/inrenkei1.pdf;https://kyoumu.office.uec.ac.jp/timet/inrenkei2.pdf;https://kyoumu.office.uec.ac.jp/timet/B7.pdf;https://kyoumu.office.uec.ac.jp/timet/B8.pdf
4年,学年別,回路システム基礎,https://kyoumu.office.uec.ac.jp/timet/A7.pdf;https://kyoumu.office.uec.ac.jp/timet/jyoukyu7.pdf;https://kyoumu.office.uec.ac.jp/timet/A8.pdf;https://kyoumu.office.uec.ac.jp/timet/jyoukyu8.pdf;https://kyoumu.office.uec.ac.jp/timet/inrenkei1.pdf;https://kyoumu.office.uec.ac.jp/timet/inrenkei2.pdf;https://kyoumu.office.uec.ac.jp/timet/B7.pdf;https://kyoumu.office.uec.ac.jp/timet/B8.pdf
4年,学年別,センサ信号処理学特論,https://kyoumu.office.uec.ac.jp/timet/A7.pdf;https://kyoumu.office.uec.ac.jp/timet/jyoukyu7.pdf;https://kyoumu.office.uec.ac.jp/timet/A8.pdf;https://kyoumu.office.uec.ac.jp/timet/jyoukyu8.pdf;https://kyoumu.office.uec.ac.jp/timet/inrenkei1.pdf;https://kyoumu.office.uec.ac.jp/timet/inrenkei2.pdf;https://kyoumu.office.uec.ac.jp/timet/B7.pdf;https://kyoumu.office.uec.ac.jp/timet/B8.pdf
4年,学年別,メディアアート論,https://kyoumu.office.uec.ac.jp/timet/A7.pdf;https://kyoumu.office.uec.ac.jp/timet/jyoukyu7.pdf;https://kyoumu.office.uec.ac.jp/timet/A8.pdf;https://kyoumu.office.uec.ac.jp/timet/jyoukyu8.pdf;https://kyoumu.office.uec.ac.jp/timet/inrenkei1.pdf;https://kyoumu.office.uec.ac.jp/timet/inrenkei2.pdf;https://kyoumu.office.uec.ac.jp/timet/B7.pdf;https://kyoumu.office.uec.ac.jp/timet/B8.pdf
4年,学年別,生体計測工学特論,https://kyoumu.office.uec.ac.jp/timet/A7.pdf;https://kyoumu.office.uec.ac.jp/timet/jyoukyu7.pdf;https://kyoumu.office.uec.ac.jp/timet/A8.pdf;https://kyoumu.office.uec.ac.jp/timet/jyoukyu8.pdf;https://kyoumu.office.uec.ac.jp/timet/inrenkei1.pdf;https://kyoumu.office.uec.ac.jp/timet/inrenkei2.pdf;https://kyoumu.office.uec.ac.jp/timet/B7.pdf;https://kyoumu.office.uec.ac.jp/timet/B8.pdf
4年,学年別,計算力学特論,https://kyoumu.office.uec.ac.jp/timet/A7.pdf;https://kyoumu.office.uec.ac.jp/timet/jyoukyu7.pdf;https://kyoumu.office.uec.ac.jp/timet/A8.pdf;https://kyoumu.office.uec.ac.jp/timet/jyoukyu8.pdf;https://kyoumu.office.uec.ac.jp/timet/inrenkei1.pdf;https://kyoumu.office.uec.ac.jp/timet/inrenkei2.pdf;https://kyoumu.office.uec.ac.jp/timet/B7.pdf;https://kyoumu.office.uec.ac.jp/timet/B8.pdf
4年,学年別,凝縮体量子工学特論,https://kyoumu.office.uec.ac.jp/timet/A7.pdf;https://kyoumu.office.uec.ac.jp/timet/jyoukyu7.pdf;https://kyoumu.office.uec.ac.jp/timet/A8.pdf;https://kyoumu.office.uec.ac.jp/timet/jyoukyu8.pdf;https://kyoumu.office.uec.ac.jp/timet/inrenkei1.pdf;https://kyoumu.office.uec.ac.jp/timet/inrenkei2.pdf;https://kyoumu.office.uec.ac.jp/timet/B7.pdf;https://kyoumu.office.uec.ac.jp/timet/B8.pdf
4年,学年別,固体物性化学特論,https://kyoumu.office.uec.ac.jp/timet/A7.pdf;https://kyoumu.office.uec.ac.jp/timet/jyoukyu7.pdf;https://kyoumu.office.uec.ac.jp/timet/A8.pdf;https://kyoumu.office.uec.ac.jp/timet/jyoukyu8.pdf;https://kyoumu.office.uec.ac.jp/timet/inrenkei1.pdf;https://kyoumu.office.uec.ac.jp/timet/inrenkei2.pdf;https://kyoumu.office.uec.ac.jp/timet/B7.pdf;https://kyoumu.office.uec.ac.jp/timet/B8.pdf
4年,学年別,コンピュータビジョン特論,https://kyoumu.office.uec.ac.jp/timet/A7.pdf;https://kyoumu.office.uec.ac.jp/timet/jyoukyu7.pdf;https://kyoumu.office.uec.ac.jp/timet/A8.pdf;https://kyoumu.office.uec.ac.jp/timet/jyoukyu8.pdf;https://kyoumu.office.uec.ac.jp/timet/inrenkei1.pdf;https://kyoumu.office.uec.ac.jp/timet/inrenkei2.pdf;https://kyoumu.office.uec.ac.jp/timet/B7.pdf;https://kyoumu.office.uec.ac.jp/timet/B8.pdf
4年,学年別,数理統計学基礎,https://kyoumu.office.uec.ac.jp/timet/A7.pdf;https://kyoumu.office.uec.ac.jp/timet/jyoukyu7.pdf;https://kyoumu.office.uec.ac.jp/timet/A8.pdf;https://kyoumu.office.uec.ac.jp/timet/jyoukyu8.pdf;https://kyoumu.office.uec.ac.jp/timet/inrenkei1.pdf;https://kyoumu.office.uec.ac.jp/timet/inrenkei2.pdf;https://kyoumu.office.uec.ac.jp/timet/B7.pdf;https://kyoumu.office.uec.ac.jp/timet/B8.pdf
4年,学年別,ハイパフォーマンスコンピューティング基礎論,https://kyoumu.office.uec.ac.jp/timet/A7.pdf;https://kyoumu.office.uec.ac.jp/timet/jyoukyu7.pdf;https://kyoumu.office.uec.ac.jp/timet/A8.pdf;https://kyoumu.office.uec.ac.jp/timet/jyoukyu8.pdf;https://kyoumu.office.uec.ac.jp/timet/inrenkei1.pdf;https://kyoumu.office.uec.ac.jp/timet/inrenkei2.pdf;https://kyoumu.office.uec.ac.jp/timet/B7.pdf;https://kyoumu.office.uec.ac.jp/timet/B8.pdf
4年,学年別,連続最適化基礎論（休講）,https://kyoumu.office.uec.ac.jp/timet/A7.pdf;https://kyoumu.office.uec.ac.jp/timet/jyoukyu7.pdf;https://kyoumu.office.uec.ac.jp/timet/A8.pdf;https://kyoumu.office.uec.ac.jp/timet/jyoukyu8.pdf;https://kyoumu.office.uec.ac.jp/timet/inrenkei1.pdf;https://kyoumu.office.uec.ac.jp/timet/inrenkei2.pdf;https://kyoumu.office.uec.ac.jp/timet/B7.pdf;https://kyoumu.office.uec.ac.jp/timet/B8.pdf
4年,学年別,通信・ネットワーク,https://kyoumu.office.uec.ac.jp/timet/A7.pdf;https://kyoumu.office.uec.ac.jp/timet/jyoukyu7.pdf;https://kyoumu.office.uec.ac.jp/timet/A8.pdf;https://kyoumu.office.uec.ac.jp/timet/jyoukyu8.pdf;https://kyoumu.office.uec.ac.jp/timet/inrenkei1.pdf;https://kyoumu.office.uec.ac.jp/timet/inrenkei2.pdf;https://kyoumu.office.uec.ac.jp/timet/B7.pdf;https://kyoumu.office.uec.ac.jp/timet/B8.pdf
4年,学年別,科学という文化,https://kyoumu.office.uec.ac.jp/timet/A7.pdf;https://kyoumu.office.uec.ac.jp/timet/jyoukyu7.pdf;https://kyoumu.office.uec.ac.jp/timet/A8.pdf;https://kyoumu.office.uec.ac.jp/timet/jyoukyu8.pdf;https://kyoumu.office.uec.ac.jp/timet/inrenkei1.pdf;https://kyoumu.office.uec.ac.jp/timet/inrenkei2.pdf;https://kyoumu.office.uec.ac.jp/timet/B7.pdf;https://kyoumu.office.uec.ac.jp/timet/B8.pdf
4年,学年別,卒業研究A,https://kyoumu.office.uec.ac.jp/timet/A7.pdf;https://kyoumu.office.uec.ac.jp/timet/jyoukyu7.pdf;https://kyoumu.office.uec.ac.jp/timet/A8.pdf;https://kyoumu.office.uec.ac.jp/timet/jyoukyu8.pdf;https://kyoumu.office.uec.ac.jp/timet/inrenkei1.pdf;https://kyoumu.office.uec.ac.jp/timet/inrenkei2.pdf;https://kyoumu.office.uec.ac.jp/timet/B7.pdf;https://kyoumu.office.uec.ac.jp/timet/B8.pdf
4年,学年別,地理学,https://kyoumu.office.uec.ac.jp/timet/A7.pdf;https://kyoumu.office.uec.ac.jp/timet/jyoukyu7.pdf;https://kyoumu.office.uec.ac.jp/timet/A8.pdf;https://kyoumu.office.uec.ac.jp/timet/jyoukyu8.pdf;https://kyoumu.office.uec.ac.jp/timet/inrenkei1.pdf;https://kyoumu.office.uec.ac.jp/timet/inrenkei2.pdf;https://kyoumu.office.uec.ac.jp/timet/B7.pdf;https://kyoumu.office.uec.ac.jp/timet/B8.pdf
4年,学年別,社会思想史,https://kyoumu.office.uec.ac.jp/timet/A7.pdf;https://kyoumu.office.uec.ac.jp/timet/jyoukyu7.pdf;https://kyoumu.office.uec.ac.jp/timet/A8.pdf;https://kyoumu.office.uec.ac.jp/timet/jyoukyu8.pdf;https://kyoumu.office.uec.ac.jp/timet/inrenkei1.pdf;https://kyoumu.office.uec.ac.jp/timet/inrenkei2.pdf;https://kyoumu.office.uec.ac.jp/timet/B7.pdf;https://kyoumu.office.uec.ac.jp/timet/B8.pdf
4年,学年別,情報メディアシステム,https://kyoumu.office.uec.ac.jp/timet/A7.pdf;https://kyoumu.office.uec.ac.jp/timet/jyoukyu7.pdf;https://kyoumu.office.uec.ac.jp/timet/A8.pdf;https://kyoumu.office.uec.ac.jp/timet/jyoukyu8.pdf;https://kyoumu.office.uec.ac.jp/timet/inrenkei1.pdf;https://kyoumu.office.uec.ac.jp/timet/inrenkei2.pdf;https://kyoumu.office.uec.ac.jp/timet/B7.pdf;https://kyoumu.office.uec.ac.jp/timet/B8.pdf
4年,学年別,科学技術と倫理,https://kyoumu.office.uec.ac.jp/timet/A7.pdf;https://kyoumu.office.uec.ac.jp/timet/jyoukyu7.pdf;https://kyoumu.office.uec.ac.jp/timet/A8.pdf;https://kyoumu.office.uec.ac.jp/timet/jyoukyu8.pdf;https://kyoumu.office.uec.ac.jp/timet/inrenkei1.pdf;https://kyoumu.office.uec.ac.jp/timet/inrenkei2.pdf;https://kyoumu.office.uec.ac.jp/timet/B7.pdf;https://kyoumu.office.uec.ac.jp/timet/B8.pdf
4年,学年別,国際技術協力論,https://kyoumu.office.uec.ac.jp/timet/A7.pdf;https://kyoumu.office.uec.ac.jp/timet/jyoukyu7.pdf;https://kyoumu.office.uec.ac.jp/timet/A8.pdf;https://kyoumu.office.uec.ac.jp/timet/jyoukyu8.pdf;https://kyoumu.office.uec.ac.jp/timet/inrenkei1.pdf;https://kyoumu.office.uec.ac.jp/timet/inrenkei2.pdf;https://kyoumu.office.uec.ac.jp/timet/B7.pdf;https://kyoumu.office.uec.ac.jp/timet/B8.pdf
4年,学年別,計測工学,https://kyoumu.office.uec.ac.jp/timet/A7.pdf;https://kyoumu.office.uec.ac.jp/timet/jyoukyu7.pdf;https://kyoumu.office.uec.ac.jp/timet/A8.pdf;https://kyoumu.office.uec.ac.jp/timet/jyoukyu8.pdf;https://kyoumu.office.uec.ac.jp/timet/inrenkei1.pdf;https://kyoumu.office.uec.ac.jp/timet/inrenkei2.pdf;https://kyoumu.office.uec.ac.jp/timet/B7.pdf;https://kyoumu.office.uec.ac.jp/timet/B8.pdf
4年,学年別,知能システム,https://kyoumu.office.uec.ac.jp/timet/A7.pdf;https://kyoumu.office.uec.ac.jp/timet/jyoukyu7.pdf;https://kyoumu.office.uec.ac.jp/timet/A8.pdf;https://kyoumu.office.uec.ac.jp/timet/jyoukyu8.pdf;https://kyoumu.office.uec.ac.jp/timet/inrenkei1.pdf;https://kyoumu.office.uec.ac.jp/timet/inrenkei2.pdf;https://kyoumu.office.uec.ac.jp/timet/B7.pdf;https://kyoumu.office.uec.ac.jp/timet/B8.pdf
4年,学年別,倫理学,https://kyoumu.office.uec.ac.jp/timet/A7.pdf;https://kyoumu.office.uec.ac.jp/timet/jyoukyu7.pdf;https://kyoumu.office.uec.ac.jp/timet/A8.pdf;https://kyoumu.office.uec.ac.jp/timet/jyoukyu8.pdf;https://kyoumu.office.uec.ac.jp/timet/inrenkei1.pdf;https://kyoumu.office.uec.ac.jp/timet/inrenkei2.pdf;https://kyoumu.office.uec.ac.jp/timet/B7.pdf;https://kyoumu.office.uec.ac.jp/timet/B8.pdf
4年,学年別,卒業研究B,https://kyoumu.office.uec.ac.jp/timet/A7.pdf;https://kyoumu.office.uec.ac.jp/timet/jyoukyu7.pdf;https://kyoumu.office.uec.ac.jp/timet/A8.pdf;https://kyoumu.office.uec.ac.jp/timet/jyoukyu8.pdf;https://kyoumu.office.uec.ac.jp/timet/inrenkei1.pdf;https://kyoumu.office.uec.ac.jp/timet/inrenkei2.pdf;https://kyoumu.office.uec.ac.jp/timet/B7.pdf;https://kyoumu.office.uec.ac.jp/timet/B8.pdf
4年,学年別,技術者倫理,https://kyoumu.office.uec.ac.jp/timet/A7.pdf;https://kyoumu.office.uec.ac.jp/timet/jyoukyu7.pdf;https://kyoumu.office.uec.ac.jp/timet/A8.pdf;https://kyoumu.office.uec.ac.jp/timet/jyoukyu8.pdf;https://kyoumu.office.uec.ac.jp/timet/inrenkei1.pdf;https://kyoumu.office.uec.ac.jp/timet/inrenkei2.pdf;https://kyoumu.office.uec.ac.jp/timet/B7.pdf;https://kyoumu.office.uec.ac.jp/timet/B8.pdf
4年,学年別,暗号情報セキュリティ,https://kyoumu.office.uec.ac.jp/timet/A7.pdf;https://kyoumu.office.uec.ac.jp/timet/jyoukyu7.pdf;https://kyoumu.office.uec.ac.jp/timet/A8.pdf;https://kyoumu.office.uec.ac.jp/timet/jyoukyu8.pdf;https://kyoumu.office.uec.ac.jp/timet/inrenkei1.pdf;https://kyoumu.office.uec.ac.jp/timet/inrenkei2.pdf;https://kyoumu.office.uec.ac.jp/timet/B7.pdf;https://kyoumu.office.uec.ac.jp/timet/B8.pdf
4年,学年別,法学,https://kyoumu.office.uec.ac.jp/timet/A7.pdf;https://kyoumu.office.uec.ac.jp/timet/jyoukyu7.pdf;https://kyoumu.office.uec.ac.jp/timet/A8.pdf;https://kyoumu.office.uec.ac.jp/timet/jyoukyu8.pdf;https://kyoumu.office.uec.ac.jp/timet/inrenkei1.pdf;https://kyoumu.office.uec.ac.jp/timet/inrenkei2.pdf;https://kyoumu.office.uec.ac.jp/timet/B7.pdf;https://kyoumu.office.uec.ac.jp/timet/B8.pdf
学年共通・別紙,日本語・日本文化,日本語第1（1年）,https://kyoumu.office.uec.ac.jp/timet/japanese1.pdf;https://kyoumu.office.uec.ac.jp/timet/japanese2.pdf
学年共通・別紙,日本語・日本文化,日本語第2（1年）,https://kyoumu.office.uec.ac.jp/timet/japanese1.pdf;https://kyoumu.office.uec.ac.jp/timet/japanese2.pdf
学年共通・別紙,日本語・日本文化,日本語第3（2年）,https://kyoumu.office.uec.ac.jp/timet/japanese1.pdf;https://kyoumu.office.uec.ac.jp/timet/japanese2.pdf
学年共通・別紙,日本語・日本文化,日本語演習（2・3年）,https://kyoumu.office.uec.ac.jp/timet/japanese1.pdf;https://kyoumu.office.uec.ac.jp/timet/japanese2.pdf
学年共通・別紙,日本語・日本文化,日本語とコミュニケーションA,https://kyoumu.office.uec.ac.jp/timet/japanese1.pdf;https://kyoumu.office.uec.ac.jp/timet/japanese2.pdf
学年共通・別紙,日本語・日本文化,日本語とコミュニケーションB,https://kyoumu.office.uec.ac.jp/timet/japanese1.pdf;https://kyoumu.office.uec.ac.jp/timet/japanese2.pdf
学年共通・別紙,日本語・日本文化,日本文化A,https://kyoumu.office.uec.ac.jp/timet/japanese1.pdf;https://kyoumu.office.uec.ac.jp/timet/japanese2.pdf
学年共通・別紙,日本語・日本文化,日本文化B,https://kyoumu.office.uec.ac.jp/timet/japanese1.pdf;https://kyoumu.office.uec.ac.jp/timet/japanese2.pdf
学年共通・別紙,日本語・日本文化,日本文化C,https://kyoumu.office.uec.ac.jp/timet/japanese1.pdf;https://kyoumu.office.uec.ac.jp/timet/japanese2.pdf
学年共通・別紙,日本語・日本文化,日本文化D,https://kyoumu.office.uec.ac.jp/timet/japanese1.pdf;https://kyoumu.office.uec.ac.jp/timet/japanese2.pdf
学年共通・別紙,教職科目,教育心理学,https://kyoumu.office.uec.ac.jp/timet/kyousyoku1.pdf;https://kyoumu.office.uec.ac.jp/timet/kyousyoku2.pdf
学年共通・別紙,教職科目,教職論A,https://kyoumu.office.uec.ac.jp/timet/kyousyoku1.pdf;https://kyoumu.office.uec.ac.jp/timet/kyousyoku2.pdf
学年共通・別紙,教職科目,教職論B,https://kyoumu.office.uec.ac.jp/timet/kyousyoku1.pdf;https://kyoumu.office.uec.ac.jp/timet/kyousyoku2.pdf
学年共通・別紙,教職科目,理科教育法Ⅰ,https://kyoumu.office.uec.ac.jp/timet/kyousyoku1.pdf;https://kyoumu.office.uec.ac.jp/timet/kyousyoku2.pdf
学年共通・別紙,教職科目,理科教育法Ⅱ,https://kyoumu.office.uec.ac.jp/timet/kyousyoku1.pdf;https://kyoumu.office.uec.ac.jp/timet/kyousyoku2.pdf
学年共通・別紙,教職科目,理科教育法Ⅲ,https://kyoumu.office.uec.ac.jp/timet/kyousyoku1.pdf;https://kyoumu.office.uec.ac.jp/timet/kyousyoku2.pdf
学年共通・別紙,教職科目,理科教育法Ⅳ,https://kyoumu.office.uec.ac.jp/timet/kyousyoku1.pdf;https://kyoumu.office.uec.ac.jp/timet/kyousyoku2.pdf
学年共通・別紙,教職科目,教育課程編成論A,https://kyoumu.office.uec.ac.jp/timet/kyousyoku1.pdf;https://kyoumu.office.uec.ac.jp/timet/kyousyoku2.pdf
学年共通・別紙,教職科目,教育課程編成論B,https://kyoumu.office.uec.ac.jp/timet/kyousyoku1.pdf;https://kyoumu.office.uec.ac.jp/timet/kyousyoku2.pdf
学年共通・別紙,教職科目,教育実習,https://kyoumu.office.uec.ac.jp/timet/kyousyoku1.pdf;https://kyoumu.office.uec.ac.jp/timet/kyousyoku2.pdf
学年共通・別紙,教職科目,教育制度論A,https://kyoumu.office.uec.ac.jp/timet/kyousyoku1.pdf;https://kyoumu.office.uec.ac.jp/timet/kyousyoku2.pdf
学年共通・別紙,教職科目,教育制度論B,https://kyoumu.office.uec.ac.jp/timet/kyousyoku1.pdf;https://kyoumu.office.uec.ac.jp/timet/kyousyoku2.pdf
学年共通・別紙,教職科目,数学科教育法Ⅰ,https://kyoumu.office.uec.ac.jp/timet/kyousyoku1.pdf;https://kyoumu.office.uec.ac.jp/timet/kyousyoku2.pdf
学年共通・別紙,教職科目,数学科教育法Ⅱ,https://kyoumu.office.uec.ac.jp/timet/kyousyoku1.pdf;https://kyoumu.office.uec.ac.jp/timet/kyousyoku2.pdf
学年共通・別紙,教職科目,数学科教育法Ⅲ,https://kyoumu.office.uec.ac.jp/timet/kyousyoku1.pdf;https://kyoumu.office.uec.ac.jp/timet/kyousyoku2.pdf
学年共通・別紙,教職科目,数学科教育法Ⅳ,https://kyoumu.office.uec.ac.jp/timet/kyousyoku1.pdf;https://kyoumu.office.uec.ac.jp/timet/kyousyoku2.pdf
学年共通・別紙,教職科目,教育相談,https://kyoumu.office.uec.ac.jp/timet/kyousyoku1.pdf;https://kyoumu.office.uec.ac.jp/timet/kyousyoku2.pdf
学年共通・別紙,教職科目,教育原理A,https://kyoumu.office.uec.ac.jp/timet/kyousyoku1.pdf;https://kyoumu.office.uec.ac.jp/timet/kyousyoku2.pdf
学年共通・別紙,教職科目,教育原理B,https://kyoumu.office.uec.ac.jp/timet/kyousyoku1.pdf;https://kyoumu.office.uec.ac.jp/timet/kyousyoku2.pdf
学年共通・別紙,教職科目,情報科教育法Ⅰ,https://kyoumu.office.uec.ac.jp/timet/kyousyoku1.pdf;https://kyoumu.office.uec.ac.jp/timet/kyousyoku2.pdf
学年共通・別紙,教職科目,情報科教育法Ⅱ,https://kyoumu.office.uec.ac.jp/timet/kyousyoku1.pdf;https://kyoumu.office.uec.ac.jp/timet/kyousyoku2.pdf
学年共通・別紙,教職科目,特別活動・総合的な学習の時間の指導法,https://kyoumu.office.uec.ac.jp/timet/kyousyoku1.pdf;https://kyoumu.office.uec.ac.jp/timet/kyousyoku2.pdf
学年共通・別紙,教職科目,特別支援教育総論,https://kyoumu.office.uec.ac.jp/timet/kyousyoku1.pdf;https://kyoumu.office.uec.ac.jp/timet/kyousyoku2.pdf
学年共通・別紙,教職科目,教職実践演習,https://kyoumu.office.uec.ac.jp/timet/kyousyoku1.pdf;https://kyoumu.office.uec.ac.jp/timet/kyousyoku2.pdf
学年共通・別紙,教職科目,道徳教育論,https://kyoumu.office.uec.ac.jp/timet/kyousyoku1.pdf;https://kyoumu.office.uec.ac.jp/timet/kyousyoku2.pdf
学年共通・別紙,教職科目,生徒指導・進路指導論,https://kyoumu.office.uec.ac.jp/timet/kyousyoku1.pdf;https://kyoumu.office.uec.ac.jp/timet/kyousyoku2.pdf
学年共通・別紙,教職科目,教育方法・技術論,https://kyoumu.office.uec.ac.jp/timet/kyousyoku1.pdf;https://kyoumu.office.uec.ac.jp/timet/kyousyoku2.pdf
学年共通・別紙,教職科目,教育とICT活用,https://kyoumu.office.uec.ac.jp/timet/kyousyoku1.pdf;https://kyoumu.office.uec.ac.jp/timet/kyousyoku2.pdf
学年共通・別紙,国際科目,Topics in Informatics Ⅱ（Sustainable Supply Chain Management）,https://kyoumu.office.uec.ac.jp/timet/kokusai1.pdf;https://kyoumu.office.uec.ac.jp/timet/kokusai2.pdf
学年共通・別紙,国際科目,Advanced Engineering Science Ⅲ（Exercises in Advanced Computational Science）,https://kyoumu.office.uec.ac.jp/timet/kokusai1.pdf;https://kyoumu.office.uec.ac.jp/timet/kokusai2.pdf
学年共通・別紙,国際科目,Advanced Engineering Science Ⅱ（Photonics and Opto-electronics）,https://kyoumu.office.uec.ac.jp/timet/kokusai1.pdf;https://kyoumu.office.uec.ac.jp/timet/kokusai2.pdf
学年共通・別紙,国際科目,VLSI Low Power Circuit Design,https://kyoumu.office.uec.ac.jp/timet/kokusai1.pdf;https://kyoumu.office.uec.ac.jp/timet/kokusai2.pdf
学年共通・別紙,国際科目,Advanced Communication Engineering and Informatics Ⅰ（Information and Communication Networks）,https://kyoumu.office.uec.ac.jp/timet/kokusai1.pdf;https://kyoumu.office.uec.ac.jp/timet/kokusai2.pdf
学年共通・別紙,国際科目,Advanced Engineering Science Ⅰ（Polymer Photonics）,https://kyoumu.office.uec.ac.jp/timet/kokusai1.pdf;https://kyoumu.office.uec.ac.jp/timet/kokusai2.pdf
学年共通・別紙,国際科目,Introduction to Computational Methods in Science and Engineering,https://kyoumu.office.uec.ac.jp/timet/kokusai1.pdf;https://kyoumu.office.uec.ac.jp/timet/kokusai2.pdf
学年共通・別紙,国際科目,UEC Academic Skills Ⅰ (Computer Literacy),https://kyoumu.office.uec.ac.jp/timet/kokusai1.pdf;https://kyoumu.office.uec.ac.jp/timet/kokusai2.pdf
学年共通・別紙,国際科目,UEC Academic Skills Ⅱ (Information Literacy and Research),https://kyoumu.office.uec.ac.jp/timet/kokusai1.pdf;https://kyoumu.office.uec.ac.jp/timet/kokusai2.pdf
学年共通・別紙,国際科目,UEC Academic Skills Ⅲ (Publishing Literacy and Research),https://kyoumu.office.uec.ac.jp/timet/kokusai1.pdf;https://kyoumu.office.uec.ac.jp/timet/kokusai2.pdf
学年共通・別紙,国際科目,Research Presentation,https://kyoumu.office.uec.ac.jp/timet/kokusai1.pdf;https://kyoumu.office.uec.ac.jp/timet/kokusai2.pdf
学年共通・別紙,国際科目,Reading Scientific Research,https://kyoumu.office.uec.ac.jp/timet/kokusai1.pdf;https://kyoumu.office.uec.ac.jp/timet/kokusai2.pdf
学年共通・別紙,国際科目,Topics in Mechanical and Intelligent Systems Engineering Ⅱ（The Human Brain as Intelligent Machines）,https://kyoumu.office.uec.ac.jp/timet/kokusai1.pdf;https://kyoumu.office.uec.ac.jp/timet/kokusai2.pdf
学年共通・別紙,国際科目,Advanced Communication Engineering and Informatics Ⅳ（Computer Algorithms）,https://kyoumu.office.uec.ac.jp/timet/kokusai1.pdf;https://kyoumu.office.uec.ac.jp/timet/kokusai2.pdf
学年共通・別紙,国際科目,Topics in Mechanical and Intelligent Systems Engineering Ⅰ（Advanced Robotics and Mechatronics Engineering）,https://kyoumu.office.uec.ac.jp/timet/kokusai1.pdf;https://kyoumu.office.uec.ac.jp/timet/kokusai2.pdf
学年共通・別紙,国際科目,Topics in Informatics Ⅰ（Evolutionary Computation）,https://kyoumu.office.uec.ac.jp/timet/kokusai1.pdf;https://kyoumu.office.uec.ac.jp/timet/kokusai2.pdf
学年共通・別紙,国際科目,Experimental Electronics Laboratory,https://kyoumu.office.uec.ac.jp/timet/kokusai1.pdf;https://kyoumu.office.uec.ac.jp/timet/kokusai2.pdf
学年共通・別紙,国際科目,Innovative and Global Leadership Skills (IGLS),https://kyoumu.office.uec.ac.jp/timet/kokusai1.pdf;https://kyoumu.office.uec.ac.jp/timet/kokusai2.pdf
学年共通・別紙,国際科目,Preparation for Graduate School,https://kyoumu.office.uec.ac.jp/timet/kokusai1.pdf;https://kyoumu.office.uec.ac.jp/timet/kokusai2.pdf
学年共通・別紙,集中講義,,https://kyoumu.office.uec.ac.jp/timet/syutyu1.pdf;https://kyoumu.office.uec.ac.jp/timet/syutyu2.pdf
